INSERT INTO BOOKS_ADMIN."Author" (id, firstname, middlename, lastname) VALUES (44, 'Ashley', 'Joy', 'Darling');
INSERT INTO BOOKS_ADMIN."Author" (id, firstname, middlename, lastname) VALUES (24, 'Beverly', 'Isaiah', 'Ward');
INSERT INTO BOOKS_ADMIN."Author" (id, firstname, middlename, lastname) VALUES (36, 'Bob', 'Quentin', 'Munday');
INSERT INTO BOOKS_ADMIN."Author" (id, firstname, middlename, lastname) VALUES (43, 'Brande', 'Jared', 'Kitchen');
INSERT INTO BOOKS_ADMIN."Author" (id, firstname, middlename, lastname)
VALUES (50, 'Brenda', 'Dominic', 'Griffith');
INSERT INTO BOOKS_ADMIN."Author" (id, firstname, middlename, lastname)
VALUES (61, 'Cedric', 'Chandler', 'Flowers');
INSERT INTO BOOKS_ADMIN."Author" (id, firstname, middlename, lastname) VALUES (42, 'Charles', 'Eugene', 'Lyons');
INSERT INTO BOOKS_ADMIN."Author" (id, firstname, middlename, lastname)
VALUES (46, 'Christina', 'Deena', 'Travelstead');
INSERT INTO BOOKS_ADMIN."Author" (id, firstname, middlename, lastname)
VALUES (82, 'Christopher', 'Gabriela', 'Tejeiro');
INSERT INTO BOOKS_ADMIN."Author" (id, firstname, middlename, lastname) VALUES (14, 'Claire', 'Cristina', 'Green');
INSERT INTO BOOKS_ADMIN."Author" (id, firstname, middlename, lastname) VALUES (92, 'Clark', 'Ramon', 'Lewis');
INSERT INTO BOOKS_ADMIN."Author" (id, firstname, middlename, lastname) VALUES (33, 'Clinton', 'Bryson', 'Smoke');
INSERT INTO BOOKS_ADMIN."Author" (id, firstname, middlename, lastname) VALUES (59, 'Dale', 'Bonita', 'Chapen');
INSERT INTO BOOKS_ADMIN."Author" (id, firstname, middlename, lastname) VALUES (3, 'David', 'Kristie', 'Gustafson');
INSERT INTO BOOKS_ADMIN."Author" (id, firstname, middlename, lastname)
VALUES (16, 'Diana', 'Taylah', 'Leyendecker');
INSERT INTO BOOKS_ADMIN."Author" (id, firstname, middlename, lastname) VALUES (98, 'Diane', 'Brenden', 'Godbey');
INSERT INTO BOOKS_ADMIN."Author" (id, firstname, middlename, lastname) VALUES (41, 'Don', 'Leann', 'Beck');
INSERT INTO BOOKS_ADMIN."Author" (id, firstname, middlename, lastname) VALUES (91, 'Donald', 'Jolene', 'Brooks');
INSERT INTO BOOKS_ADMIN."Author" (id, firstname, middlename, lastname) VALUES (65, 'Doris', 'Ingrid', 'Lecy');
INSERT INTO BOOKS_ADMIN."Author" (id, firstname, middlename, lastname) VALUES (31, 'Elizabeth', 'Clifton', 'Pugh');
INSERT INTO BOOKS_ADMIN."Author" (id, firstname, middlename, lastname) VALUES (73, 'Ellen', 'Jayne', 'Buzzard');
INSERT INTO BOOKS_ADMIN."Author" (id, firstname, middlename, lastname) VALUES (21, 'Elmer', 'Colton', 'Miner');
INSERT INTO BOOKS_ADMIN."Author" (id, firstname, middlename, lastname)
VALUES (86, 'Fernando', 'Addison', 'Washington');
INSERT INTO BOOKS_ADMIN."Author" (id, firstname, middlename, lastname) VALUES (15, 'Francis', 'Lauri', 'Browne');
INSERT INTO BOOKS_ADMIN."Author" (id, firstname, middlename, lastname) VALUES (70, 'George', 'Brenda', 'Kunkle');
INSERT INTO BOOKS_ADMIN."Author" (id, firstname, middlename, lastname) VALUES (39, 'Gladys', 'Floyd', 'Goss');
INSERT INTO BOOKS_ADMIN."Author" (id, firstname, middlename, lastname) VALUES (99, 'Helen', 'Amaya', 'Bergman');
INSERT INTO BOOKS_ADMIN."Author" (id, firstname, middlename, lastname) VALUES (80, 'Homer', 'Ruth', 'Recher');
INSERT INTO BOOKS_ADMIN."Author" (id, firstname, middlename, lastname) VALUES (87, 'Irma', 'Janiya', 'Briceno');
INSERT INTO BOOKS_ADMIN."Author" (id, firstname, middlename, lastname) VALUES (49, 'James', 'Millie', 'Almeida');
INSERT INTO BOOKS_ADMIN."Author" (id, firstname, middlename, lastname) VALUES (72, 'Jane', 'Herman', 'Losinski');
INSERT INTO BOOKS_ADMIN."Author" (id, firstname, middlename, lastname) VALUES (38, 'Janet', 'Chase', 'Cook');
INSERT INTO BOOKS_ADMIN."Author" (id, firstname, middlename, lastname) VALUES (8, 'Jasmine', 'Isabel', 'Obrien');
INSERT INTO BOOKS_ADMIN."Author" (id, firstname, middlename, lastname) VALUES (25, 'Jason', 'Gretchen', 'Swan');
INSERT INTO BOOKS_ADMIN."Author" (id, firstname, middlename, lastname) VALUES (34, 'Jeff', 'Cathy', 'Dicarlo');
INSERT INTO BOOKS_ADMIN."Author" (id, firstname, middlename, lastname) VALUES (11, 'Jessica', 'Janiya', 'Burk');
INSERT INTO BOOKS_ADMIN."Author" (id, firstname, middlename, lastname) VALUES (75, 'Jill', 'Bethany', 'Newton');
INSERT INTO BOOKS_ADMIN."Author" (id, firstname, middlename, lastname) VALUES (81, 'Joanne', 'Roy', 'Bowie');
INSERT INTO BOOKS_ADMIN."Author" (id, firstname, middlename, lastname) VALUES (69, 'John', 'Sidney', 'Garcia');
INSERT INTO BOOKS_ADMIN."Author" (id, firstname, middlename, lastname) VALUES (7, 'John', 'Allen', 'Haas');
INSERT INTO BOOKS_ADMIN."Author" (id, firstname, middlename, lastname) VALUES (29, 'Joseph', 'Mildred', 'Holguin');
INSERT INTO BOOKS_ADMIN."Author" (id, firstname, middlename, lastname)
VALUES (93, 'Judy', 'Nathanael', 'Depriest');
INSERT INTO BOOKS_ADMIN."Author" (id, firstname, middlename, lastname) VALUES (84, 'Julie', 'Clay', 'Zachmann');
INSERT INTO BOOKS_ADMIN."Author" (id, firstname, middlename, lastname) VALUES (58, 'Justin', 'Russell', 'Calhoon');
INSERT INTO BOOKS_ADMIN."Author" (id, firstname, middlename, lastname) VALUES (60, 'Kathleen', 'Claire', 'Nitti');
INSERT INTO BOOKS_ADMIN."Author" (id, firstname, middlename, lastname)
VALUES (18, 'Kathleen', 'Elyza', 'Saunders');
INSERT INTO BOOKS_ADMIN."Author" (id, firstname, middlename, lastname) VALUES (100, 'Katy', 'Tammy', 'Ferguson');
INSERT INTO BOOKS_ADMIN."Author" (id, firstname, middlename, lastname) VALUES (95, 'Keely', 'Kenny', 'Hagan');
INSERT INTO BOOKS_ADMIN."Author" (id, firstname, middlename, lastname) VALUES (48, 'Kenneth', 'Jorja', 'Bien');
INSERT INTO BOOKS_ADMIN."Author" (id, firstname, middlename, lastname) VALUES (83, 'Kenneth', 'Chris', 'Siefert');
INSERT INTO BOOKS_ADMIN."Author" (id, firstname, middlename, lastname) VALUES (57, 'Laurence', 'Robby', 'Vaught');
INSERT INTO BOOKS_ADMIN."Author" (id, firstname, middlename, lastname)
VALUES (6, 'Leonard', 'Sebestian', 'Clankscales');
INSERT INTO BOOKS_ADMIN."Author" (id, firstname, middlename, lastname) VALUES (85, 'Leslie', 'Tia', 'Zimmerman');
INSERT INTO BOOKS_ADMIN."Author" (id, firstname, middlename, lastname)
VALUES (63, 'Lidia', 'Sylvester', 'Mccarroll');
INSERT INTO BOOKS_ADMIN."Author" (id, firstname, middlename, lastname) VALUES (5, 'Linda', 'Stephen', 'Price');
INSERT INTO BOOKS_ADMIN."Author" (id, firstname, middlename, lastname) VALUES (64, 'Lou', 'Israel', 'Kraus');
INSERT INTO BOOKS_ADMIN."Author" (id, firstname, middlename, lastname) VALUES (62, 'Louann', 'Wilma', 'Price');
INSERT INTO BOOKS_ADMIN."Author" (id, firstname, middlename, lastname) VALUES (51, 'Lula', 'Antonio', 'Morgan');
INSERT INTO BOOKS_ADMIN."Author" (id, firstname, middlename, lastname) VALUES (52, 'Lynn', 'Jenny', 'Mays');
INSERT INTO BOOKS_ADMIN."Author" (id, firstname, middlename, lastname) VALUES (23, 'Marie', 'Jayne', 'Kasprzak');
INSERT INTO BOOKS_ADMIN."Author" (id, firstname, middlename, lastname) VALUES (2, 'Marie', 'Bridget', 'Anderson');
INSERT INTO BOOKS_ADMIN."Author" (id, firstname, middlename, lastname)
VALUES (45, 'MARK', 'Beatrice', 'Gallagher');
INSERT INTO BOOKS_ADMIN."Author" (id, firstname, middlename, lastname) VALUES (94, 'Mathew', 'Timothy', 'Barris');
INSERT INTO BOOKS_ADMIN."Author" (id, firstname, middlename, lastname) VALUES (32, 'Melanie', 'Robin', 'Diaz');
INSERT INTO BOOKS_ADMIN."Author" (id, firstname, middlename, lastname) VALUES (53, 'Michael', 'Melissa', 'Smith');
INSERT INTO BOOKS_ADMIN."Author" (id, firstname, middlename, lastname) VALUES (40, 'Michael', 'Albert', 'Johnson');
INSERT INTO BOOKS_ADMIN."Author" (id, firstname, middlename, lastname)
VALUES (37, 'Michel', 'Brandi', 'Feliciano');
INSERT INTO BOOKS_ADMIN."Author" (id, firstname, middlename, lastname)
VALUES (66, 'Michele', 'Charlene', 'Cardona');
INSERT INTO BOOKS_ADMIN."Author" (id, firstname, middlename, lastname) VALUES (47, 'Nancy', 'Riley', 'Jackson');
INSERT INTO BOOKS_ADMIN."Author" (id, firstname, middlename, lastname) VALUES (90, 'Nancy', 'Darren', 'Cormier');
INSERT INTO BOOKS_ADMIN."Author" (id, firstname, middlename, lastname)
VALUES (30, 'Nanette', 'Lawrence', 'Lawrence');
INSERT INTO BOOKS_ADMIN."Author" (id, firstname, middlename, lastname) VALUES (77, 'Norman', 'Kendrick', 'Roth');
INSERT INTO BOOKS_ADMIN."Author" (id, firstname, middlename, lastname) VALUES (96, 'Ora', 'Christi', 'Myers');
INSERT INTO BOOKS_ADMIN."Author" (id, firstname, middlename, lastname) VALUES (27, 'Patricia', 'Ronda', 'Murphy');
INSERT INTO BOOKS_ADMIN."Author" (id, firstname, middlename, lastname) VALUES (89, 'Paula', 'Roland', 'Blackaby');
INSERT INTO BOOKS_ADMIN."Author" (id, firstname, middlename, lastname) VALUES (20, 'Paula', 'Joaquin', 'Bolton');
INSERT INTO BOOKS_ADMIN."Author" (id, firstname, middlename, lastname) VALUES (79, 'Peter', 'Miranda', 'Morin');
INSERT INTO BOOKS_ADMIN."Author" (id, firstname, middlename, lastname) VALUES (13, 'Robert', 'Deanne', 'Shipley');
INSERT INTO BOOKS_ADMIN."Author" (id, firstname, middlename, lastname) VALUES (1, 'Robert', 'Aurora', 'Daniels');
INSERT INTO BOOKS_ADMIN."Author" (id, firstname, middlename, lastname)
VALUES (35, 'Robert', 'Braydon', 'Villegas');
INSERT INTO BOOKS_ADMIN."Author" (id, firstname, middlename, lastname)
VALUES (56, 'Robert', 'Lorraine', 'Bullock');
INSERT INTO BOOKS_ADMIN."Author" (id, firstname, middlename, lastname) VALUES (78, 'Robert', 'Hamish', 'Lamb');
INSERT INTO BOOKS_ADMIN."Author" (id, firstname, middlename, lastname)
VALUES (97, 'Roberta', 'Ashanti', 'Downing');
INSERT INTO BOOKS_ADMIN."Author" (id, firstname, middlename, lastname) VALUES (88, 'Roy', 'Alice', 'Gookin');
INSERT INTO BOOKS_ADMIN."Author" (id, firstname, middlename, lastname) VALUES (55, 'Rudolph', 'Nina', 'Hollowell');
INSERT INTO BOOKS_ADMIN."Author" (id, firstname, middlename, lastname)
VALUES (74, 'Rusty', 'Alexander', 'Clayton');
INSERT INTO BOOKS_ADMIN."Author" (id, firstname, middlename, lastname) VALUES (71, 'Ryan', 'Doreen', 'Sydnor');
INSERT INTO BOOKS_ADMIN."Author" (id, firstname, middlename, lastname) VALUES (28, 'Sara', 'Erika', 'Clayton');
INSERT INTO BOOKS_ADMIN."Author" (id, firstname, middlename, lastname) VALUES (12, 'Scott', 'Pandora', 'Morris');
INSERT INTO BOOKS_ADMIN."Author" (id, firstname, middlename, lastname) VALUES (10, 'Shiela', 'Adrienne', 'Cole');
INSERT INTO BOOKS_ADMIN."Author" (id, firstname, middlename, lastname) VALUES (4, 'Sonia', 'David', 'Tucker');
INSERT INTO BOOKS_ADMIN."Author" (id, firstname, middlename, lastname) VALUES (68, 'Stephen', 'Tessa', 'Roberts');
INSERT INTO BOOKS_ADMIN."Author" (id, firstname, middlename, lastname) VALUES (19, 'Talitha', 'Alissa', 'Tuck');
INSERT INTO BOOKS_ADMIN."Author" (id, firstname, middlename, lastname) VALUES (22, 'Thomas', 'Tristen', 'Boyd');
INSERT INTO BOOKS_ADMIN."Author" (id, firstname, middlename, lastname) VALUES (67, 'Travis', 'Davion', 'Randles');
INSERT INTO BOOKS_ADMIN."Author" (id, firstname, middlename, lastname) VALUES (76, 'Vera', 'Fredrick', 'Abbasi');
INSERT INTO BOOKS_ADMIN."Author" (id, firstname, middlename, lastname) VALUES (54, 'Virgil', 'Anastasia', 'Broce');
INSERT INTO BOOKS_ADMIN."Author" (id, firstname, middlename, lastname) VALUES (17, 'William', 'Elsie', 'Barnett');
INSERT INTO BOOKS_ADMIN."Author" (id, firstname, middlename, lastname) VALUES (9, 'William', 'Chase', 'Brier');
INSERT INTO BOOKS_ADMIN."Author" (id, firstname, middlename, lastname) VALUES (26, 'Yasmin', 'Ariel', 'Watson');


INSERT INTO BOOKS_ADMIN."Book" (id, name, shortname) VALUES (1, 'shoulder', 'shou');
INSERT INTO BOOKS_ADMIN."Book" (id, name, shortname) VALUES (2, 'foot', '');
INSERT INTO BOOKS_ADMIN."Book" (id, name, shortname) VALUES (3, 'opinion', 'opin');
INSERT INTO BOOKS_ADMIN."Book" (id, name, shortname) VALUES (4, 'administrators', 'admi');
INSERT INTO BOOKS_ADMIN."Book" (id, name, shortname) VALUES (5, 'drips', 'drip');
INSERT INTO BOOKS_ADMIN."Book" (id, name, shortname) VALUES (6, 'composition', 'COMP');
INSERT INTO BOOKS_ADMIN."Book" (id, name, shortname) VALUES (7, 'fifths', 'fift');
INSERT INTO BOOKS_ADMIN."Book" (id, name, shortname) VALUES (8, 'fees', '');
INSERT INTO BOOKS_ADMIN."Book" (id, name, shortname) VALUES (9, 'certification', 'cert');
INSERT INTO BOOKS_ADMIN."Book" (id, name, shortname) VALUES (10, 'custody', 'cust');
INSERT INTO BOOKS_ADMIN."Book" (id, name, shortname) VALUES (11, 'concept', 'conc');
INSERT INTO BOOKS_ADMIN."Book" (id, name, shortname) VALUES (12, 'elapse', 'elap');
INSERT INTO BOOKS_ADMIN."Book" (id, name, shortname) VALUES (13, 'polls', 'poll');
INSERT INTO BOOKS_ADMIN."Book" (id, name, shortname) VALUES (14, 'socket', 'sock');
INSERT INTO BOOKS_ADMIN."Book" (id, name, shortname) VALUES (15, 'turnaround', 'turn');
INSERT INTO BOOKS_ADMIN."Book" (id, name, shortname) VALUES (16, 'berry', 'berr');
INSERT INTO BOOKS_ADMIN."Book" (id, name, shortname) VALUES (17, 'ratio', 'rati');
INSERT INTO BOOKS_ADMIN."Book" (id, name, shortname) VALUES (18, 'bottles', 'bott');
INSERT INTO BOOKS_ADMIN."Book" (id, name, shortname) VALUES (19, 'privates', 'priv');
INSERT INTO BOOKS_ADMIN."Book" (id, name, shortname) VALUES (20, 'word', '');
INSERT INTO BOOKS_ADMIN."Book" (id, name, shortname) VALUES (21, 'bumps', 'bump');
INSERT INTO BOOKS_ADMIN."Book" (id, name, shortname) VALUES (22, 'collar', 'coll');
INSERT INTO BOOKS_ADMIN."Book" (id, name, shortname) VALUES (23, 'variations', 'vari');
INSERT INTO BOOKS_ADMIN."Book" (id, name, shortname) VALUES (24, 'SCALE', 'scal');
INSERT INTO BOOKS_ADMIN."Book" (id, name, shortname) VALUES (25, 'staplers', 'stap');
INSERT INTO BOOKS_ADMIN."Book" (id, name, shortname) VALUES (26, 'supervisors', 'supe');
INSERT INTO BOOKS_ADMIN."Book" (id, name, shortname) VALUES (27, 'prime', 'prim');
INSERT INTO BOOKS_ADMIN."Book" (id, name, shortname) VALUES (28, 'act', '');
INSERT INTO BOOKS_ADMIN."Book" (id, name, shortname) VALUES (29, 'splashes', 'spla');
INSERT INTO BOOKS_ADMIN."Book" (id, name, shortname) VALUES (30, 'cable', 'cabl');
INSERT INTO BOOKS_ADMIN."Book" (id, name, shortname) VALUES (31, 'speech', 'spee');
INSERT INTO BOOKS_ADMIN."Book" (id, name, shortname) VALUES (32, 'hydraulics', 'hydr');
INSERT INTO BOOKS_ADMIN."Book" (id, name, shortname) VALUES (33, 'friday', 'frid');
INSERT INTO BOOKS_ADMIN."Book" (id, name, shortname) VALUES (34, 'labels', 'labe');
INSERT INTO BOOKS_ADMIN."Book" (id, name, shortname) VALUES (35, 'states', 'STAT');
INSERT INTO BOOKS_ADMIN."Book" (id, name, shortname) VALUES (36, 'spars', 'spar');
INSERT INTO BOOKS_ADMIN."Book" (id, name, shortname) VALUES (37, 'interpreter', 'inte');
INSERT INTO BOOKS_ADMIN."Book" (id, name, shortname) VALUES (38, 'vibration', 'vibr');
INSERT INTO BOOKS_ADMIN."Book" (id, name, shortname) VALUES (39, 'tube', '');
INSERT INTO BOOKS_ADMIN."Book" (id, name, shortname) VALUES (40, 'twenties', 'twen');
INSERT INTO BOOKS_ADMIN."Book" (id, name, shortname) VALUES (41, 'barge', 'barg');
INSERT INTO BOOKS_ADMIN."Book" (id, name, shortname) VALUES (42, 'equivalent', 'equi');
INSERT INTO BOOKS_ADMIN."Book" (id, name, shortname) VALUES (43, 'furnace', 'furn');
INSERT INTO BOOKS_ADMIN."Book" (id, name, shortname) VALUES (44, 'pushups', 'push');
INSERT INTO BOOKS_ADMIN."Book" (id, name, shortname) VALUES (45, 'rattle', 'ratt');
INSERT INTO BOOKS_ADMIN."Book" (id, name, shortname) VALUES (46, 'supply', 'supp');
INSERT INTO BOOKS_ADMIN."Book" (id, name, shortname) VALUES (47, 'wine', '');
INSERT INTO BOOKS_ADMIN."Book" (id, name, shortname) VALUES (48, 'commitment', 'comm');
INSERT INTO BOOKS_ADMIN."Book" (id, name, shortname) VALUES (49, 'fires', 'fire');
INSERT INTO BOOKS_ADMIN."Book" (id, name, shortname) VALUES (50, 'compressions', 'COMP');
INSERT INTO BOOKS_ADMIN."Book" (id, name, shortname) VALUES (51, 'swims', 'swim');
INSERT INTO BOOKS_ADMIN."Book" (id, name, shortname) VALUES (52, 'appraisals', 'appr');
INSERT INTO BOOKS_ADMIN."Book" (id, name, shortname) VALUES (53, 'explosion', 'expl');
INSERT INTO BOOKS_ADMIN."Book" (id, name, shortname) VALUES (54, 'offsets', 'offs');
INSERT INTO BOOKS_ADMIN."Book" (id, name, shortname) VALUES (55, 'safety', 'safe');
INSERT INTO BOOKS_ADMIN."Book" (id, name, shortname) VALUES (56, 'overloads', 'OVER');
INSERT INTO BOOKS_ADMIN."Book" (id, name, shortname) VALUES (57, 'ladders', 'ladd');
INSERT INTO BOOKS_ADMIN."Book" (id, name, shortname) VALUES (58, 'codes', 'code');
INSERT INTO BOOKS_ADMIN."Book" (id, name, shortname) VALUES (59, 'platter', 'plat');
INSERT INTO BOOKS_ADMIN."Book" (id, name, shortname) VALUES (60, 'spindle', 'spin');
INSERT INTO BOOKS_ADMIN."Book" (id, name, shortname) VALUES (61, 'produce', 'prod');
INSERT INTO BOOKS_ADMIN."Book" (id, name, shortname) VALUES (62, 'calculator', 'calc');
INSERT INTO BOOKS_ADMIN."Book" (id, name, shortname) VALUES (63, 'environment', 'envi');
INSERT INTO BOOKS_ADMIN."Book" (id, name, shortname) VALUES (64, 'profiles', 'prof');
INSERT INTO BOOKS_ADMIN."Book" (id, name, shortname) VALUES (65, 'contacts', 'cont');
INSERT INTO BOOKS_ADMIN."Book" (id, name, shortname) VALUES (66, 'dash', '');
INSERT INTO BOOKS_ADMIN."Book" (id, name, shortname) VALUES (67, 'sponge', 'spon');
INSERT INTO BOOKS_ADMIN."Book" (id, name, shortname) VALUES (68, 'alternates', 'alte');
INSERT INTO BOOKS_ADMIN."Book" (id, name, shortname) VALUES (69, 'honk', '');
INSERT INTO BOOKS_ADMIN."Book" (id, name, shortname) VALUES (70, 'dedication', 'dedi');
INSERT INTO BOOKS_ADMIN."Book" (id, name, shortname) VALUES (71, 'COLUMNS', 'colu');
INSERT INTO BOOKS_ADMIN."Book" (id, name, shortname) VALUES (72, 'ambiguity', 'ambi');
INSERT INTO BOOKS_ADMIN."Book" (id, name, shortname) VALUES (73, 'performances', 'perf');
INSERT INTO BOOKS_ADMIN."Book" (id, name, shortname) VALUES (74, 'engines', 'engi');
INSERT INTO BOOKS_ADMIN."Book" (id, name, shortname) VALUES (75, 'band', '');
INSERT INTO BOOKS_ADMIN."Book" (id, name, shortname) VALUES (76, 'PROJECT', 'proj');
INSERT INTO BOOKS_ADMIN."Book" (id, name, shortname) VALUES (77, 'squadron', 'squa');
INSERT INTO BOOKS_ADMIN."Book" (id, name, shortname) VALUES (78, 'carpets', 'carp');
INSERT INTO BOOKS_ADMIN."Book" (id, name, shortname) VALUES (79, 'bang', '');
INSERT INTO BOOKS_ADMIN."Book" (id, name, shortname) VALUES (80, 'knots', 'knot');
INSERT INTO BOOKS_ADMIN."Book" (id, name, shortname) VALUES (81, 'jumper', 'jump');
INSERT INTO BOOKS_ADMIN."Book" (id, name, shortname) VALUES (82, 'boost', 'boos');
INSERT INTO BOOKS_ADMIN."Book" (id, name, shortname) VALUES (83, 'armies', 'armi');
INSERT INTO BOOKS_ADMIN."Book" (id, name, shortname) VALUES (84, 'eves', '');
INSERT INTO BOOKS_ADMIN."Book" (id, name, shortname) VALUES (85, 'breeze', 'bree');
INSERT INTO BOOKS_ADMIN."Book" (id, name, shortname) VALUES (86, 'tears', 'tear');
INSERT INTO BOOKS_ADMIN."Book" (id, name, shortname) VALUES (87, 'exercises', 'exer');
INSERT INTO BOOKS_ADMIN."Book" (id, name, shortname) VALUES (88, 'woman', 'woma');
INSERT INTO BOOKS_ADMIN."Book" (id, name, shortname) VALUES (89, 'pistol', 'pist');
INSERT INTO BOOKS_ADMIN."Book" (id, name, shortname) VALUES (90, 'justice', 'just');
INSERT INTO BOOKS_ADMIN."Book" (id, name, shortname) VALUES (91, 'TEST', '');
INSERT INTO BOOKS_ADMIN."Book" (id, name, shortname) VALUES (92, 'elapse', 'elap');
INSERT INTO BOOKS_ADMIN."Book" (id, name, shortname) VALUES (93, 'carrier', 'carr');
INSERT INTO BOOKS_ADMIN."Book" (id, name, shortname) VALUES (94, 'felt', '');
INSERT INTO BOOKS_ADMIN."Book" (id, name, shortname) VALUES (95, 'quarter', 'quar');
INSERT INTO BOOKS_ADMIN."Book" (id, name, shortname) VALUES (96, 'place', 'plac');
INSERT INTO BOOKS_ADMIN."Book" (id, name, shortname) VALUES (97, 'mouths', 'mout');
INSERT INTO BOOKS_ADMIN."Book" (id, name, shortname) VALUES (98, 'sprayers', 'spra');
INSERT INTO BOOKS_ADMIN."Book" (id, name, shortname) VALUES (99, 'questions', 'ques');
INSERT INTO BOOKS_ADMIN."Book" (id, name, shortname) VALUES (100, 'floods', 'floo');
INSERT INTO BOOKS_ADMIN."Book" (id, name, shortname) VALUES (101, 'rag', '');
INSERT INTO BOOKS_ADMIN."Book" (id, name, shortname) VALUES (102, 'walk', '');
INSERT INTO BOOKS_ADMIN."Book" (id, name, shortname) VALUES (103, 'dares', 'dare');
INSERT INTO BOOKS_ADMIN."Book" (id, name, shortname) VALUES (104, 'arc', '');
INSERT INTO BOOKS_ADMIN."Book" (id, name, shortname) VALUES (105, 'ice', '');
INSERT INTO BOOKS_ADMIN."Book" (id, name, shortname) VALUES (106, 'babies', 'babi');
INSERT INTO BOOKS_ADMIN."Book" (id, name, shortname) VALUES (107, 'waves', 'wave');
INSERT INTO BOOKS_ADMIN."Book" (id, name, shortname) VALUES (108, 'firer', 'fire');
INSERT INTO BOOKS_ADMIN."Book" (id, name, shortname) VALUES (109, 'stand', 'stan');
INSERT INTO BOOKS_ADMIN."Book" (id, name, shortname) VALUES (110, 'frames', 'fram');
INSERT INTO BOOKS_ADMIN."Book" (id, name, shortname) VALUES (111, 'services', 'serv');
INSERT INTO BOOKS_ADMIN."Book" (id, name, shortname) VALUES (112, 'doorstep', 'door');
INSERT INTO BOOKS_ADMIN."Book" (id, name, shortname) VALUES (113, 'kits', '');
INSERT INTO BOOKS_ADMIN."Book" (id, name, shortname) VALUES (114, 'TIME', '');
INSERT INTO BOOKS_ADMIN."Book" (id, name, shortname) VALUES (115, 'labels', 'labe');
INSERT INTO BOOKS_ADMIN."Book" (id, name, shortname) VALUES (116, 'raises', 'rais');
INSERT INTO BOOKS_ADMIN."Book" (id, name, shortname) VALUES (117, 'faults', 'faul');
INSERT INTO BOOKS_ADMIN."Book" (id, name, shortname) VALUES (118, 'rower', 'rowe');
INSERT INTO BOOKS_ADMIN."Book" (id, name, shortname) VALUES (119, 'INSTANCE', 'inst');
INSERT INTO BOOKS_ADMIN."Book" (id, name, shortname) VALUES (120, 'commitments', 'comm');
INSERT INTO BOOKS_ADMIN."Book" (id, name, shortname) VALUES (121, 'tumbles', 'tumb');
INSERT INTO BOOKS_ADMIN."Book" (id, name, shortname) VALUES (122, 'quarts', 'quar');
INSERT INTO BOOKS_ADMIN."Book" (id, name, shortname) VALUES (123, 'research', 'rese');
INSERT INTO BOOKS_ADMIN."Book" (id, name, shortname) VALUES (124, 'excuses', 'excu');
INSERT INTO BOOKS_ADMIN."Book" (id, name, shortname) VALUES (125, 'clangs', 'clan');
INSERT INTO BOOKS_ADMIN."Book" (id, name, shortname) VALUES (126, 'thursdays', 'thur');
INSERT INTO BOOKS_ADMIN."Book" (id, name, shortname) VALUES (127, 'JOB', '');
INSERT INTO BOOKS_ADMIN."Book" (id, name, shortname) VALUES (128, 'worksheets', 'WORK');
INSERT INTO BOOKS_ADMIN."Book" (id, name, shortname) VALUES (129, 'merchant', 'merc');
INSERT INTO BOOKS_ADMIN."Book" (id, name, shortname) VALUES (130, 'detents', 'dete');
INSERT INTO BOOKS_ADMIN."Book" (id, name, shortname) VALUES (131, 'fits', '');
INSERT INTO BOOKS_ADMIN."Book" (id, name, shortname) VALUES (132, 'processors', 'proc');
INSERT INTO BOOKS_ADMIN."Book" (id, name, shortname) VALUES (133, 'curve', 'curv');
INSERT INTO BOOKS_ADMIN."Book" (id, name, shortname) VALUES (134, 'spot', '');
INSERT INTO BOOKS_ADMIN."Book" (id, name, shortname) VALUES (135, 'pupil', 'pupi');
INSERT INTO BOOKS_ADMIN."Book" (id, name, shortname) VALUES (136, 'carburetor', 'carb');
INSERT INTO BOOKS_ADMIN."Book" (id, name, shortname) VALUES (137, 'tactic', 'tact');
INSERT INTO BOOKS_ADMIN."Book" (id, name, shortname) VALUES (138, 'multimeter', 'mult');
INSERT INTO BOOKS_ADMIN."Book" (id, name, shortname) VALUES (139, 'updates', 'upda');
INSERT INTO BOOKS_ADMIN."Book" (id, name, shortname) VALUES (140, 'receptacle', 'rece');
INSERT INTO BOOKS_ADMIN."Book" (id, name, shortname) VALUES (141, 'coordinates', 'coor');
INSERT INTO BOOKS_ADMIN."Book" (id, name, shortname) VALUES (142, 'act', '');
INSERT INTO BOOKS_ADMIN."Book" (id, name, shortname) VALUES (143, 'abuse', 'abus');
INSERT INTO BOOKS_ADMIN."Book" (id, name, shortname) VALUES (144, 'sight', 'sigh');
INSERT INTO BOOKS_ADMIN."Book" (id, name, shortname) VALUES (145, 'needs', 'need');
INSERT INTO BOOKS_ADMIN."Book" (id, name, shortname) VALUES (146, 'place', 'plac');
INSERT INTO BOOKS_ADMIN."Book" (id, name, shortname) VALUES (147, 'straws', 'stra');
INSERT INTO BOOKS_ADMIN."Book" (id, name, shortname) VALUES (148, 'books', 'book');
INSERT INTO BOOKS_ADMIN."Book" (id, name, shortname) VALUES (149, 'coast', 'coas');
INSERT INTO BOOKS_ADMIN."Book" (id, name, shortname) VALUES (150, 'UPDATE', 'upda');
INSERT INTO BOOKS_ADMIN."Book" (id, name, shortname) VALUES (151, 'cell', '');
INSERT INTO BOOKS_ADMIN."Book" (id, name, shortname) VALUES (152, 'pile', '');
INSERT INTO BOOKS_ADMIN."Book" (id, name, shortname) VALUES (153, 'devices', 'devi');
INSERT INTO BOOKS_ADMIN."Book" (id, name, shortname) VALUES (154, 'being', 'bein');
INSERT INTO BOOKS_ADMIN."Book" (id, name, shortname) VALUES (155, 'wage', '');
INSERT INTO BOOKS_ADMIN."Book" (id, name, shortname) VALUES (156, 'sons', '');
INSERT INTO BOOKS_ADMIN."Book" (id, name, shortname) VALUES (157, 'transmitters', 'tran');
INSERT INTO BOOKS_ADMIN."Book" (id, name, shortname) VALUES (158, 'logistics', 'logi');
INSERT INTO BOOKS_ADMIN."Book" (id, name, shortname) VALUES (159, 'nylons', 'nylo');
INSERT INTO BOOKS_ADMIN."Book" (id, name, shortname) VALUES (160, 'circles', 'circ');
INSERT INTO BOOKS_ADMIN."Book" (id, name, shortname) VALUES (161, 'gold', '');
INSERT INTO BOOKS_ADMIN."Book" (id, name, shortname) VALUES (162, 'choice', 'choi');
INSERT INTO BOOKS_ADMIN."Book" (id, name, shortname) VALUES (163, 'alphabets', 'alph');
INSERT INTO BOOKS_ADMIN."Book" (id, name, shortname) VALUES (164, 'choice', 'choi');
INSERT INTO BOOKS_ADMIN."Book" (id, name, shortname) VALUES (165, 'policies', 'poli');
INSERT INTO BOOKS_ADMIN."Book" (id, name, shortname) VALUES (166, 'bubble', 'bubb');
INSERT INTO BOOKS_ADMIN."Book" (id, name, shortname) VALUES (167, 'major', 'majo');
INSERT INTO BOOKS_ADMIN."Book" (id, name, shortname) VALUES (168, 'honks', 'honk');
INSERT INTO BOOKS_ADMIN."Book" (id, name, shortname) VALUES (169, 'scissors', 'scis');
INSERT INTO BOOKS_ADMIN."Book" (id, name, shortname) VALUES (170, 'stripe', 'stri');
INSERT INTO BOOKS_ADMIN."Book" (id, name, shortname) VALUES (171, 'excuse', 'excu');
INSERT INTO BOOKS_ADMIN."Book" (id, name, shortname) VALUES (172, 'lookouts', 'look');
INSERT INTO BOOKS_ADMIN."Book" (id, name, shortname) VALUES (173, 'sixes', 'sixe');
INSERT INTO BOOKS_ADMIN."Book" (id, name, shortname) VALUES (174, 'loaf', '');
INSERT INTO BOOKS_ADMIN."Book" (id, name, shortname) VALUES (175, 'observation', 'obse');
INSERT INTO BOOKS_ADMIN."Book" (id, name, shortname) VALUES (176, 'devices', 'devi');
INSERT INTO BOOKS_ADMIN."Book" (id, name, shortname) VALUES (177, 'memorandums', 'memo');
INSERT INTO BOOKS_ADMIN."Book" (id, name, shortname) VALUES (178, 'sails', 'sail');
INSERT INTO BOOKS_ADMIN."Book" (id, name, shortname) VALUES (179, 'methodology', 'meth');
INSERT INTO BOOKS_ADMIN."Book" (id, name, shortname) VALUES (180, 'kiss', '');
INSERT INTO BOOKS_ADMIN."Book" (id, name, shortname) VALUES (181, 'carriers', 'carr');
INSERT INTO BOOKS_ADMIN."Book" (id, name, shortname) VALUES (182, 'MIX', '');
INSERT INTO BOOKS_ADMIN."Book" (id, name, shortname) VALUES (183, 'multiplication', 'mult');
INSERT INTO BOOKS_ADMIN."Book" (id, name, shortname) VALUES (184, 'velocity', 'velo');
INSERT INTO BOOKS_ADMIN."Book" (id, name, shortname) VALUES (185, 'swap', '');
INSERT INTO BOOKS_ADMIN."Book" (id, name, shortname) VALUES (186, 'factories', 'fact');
INSERT INTO BOOKS_ADMIN."Book" (id, name, shortname) VALUES (187, 'ORDER', 'orde');
INSERT INTO BOOKS_ADMIN."Book" (id, name, shortname) VALUES (188, 'ceiling', 'ceil');
INSERT INTO BOOKS_ADMIN."Book" (id, name, shortname) VALUES (189, 'song', '');
INSERT INTO BOOKS_ADMIN."Book" (id, name, shortname) VALUES (190, 'passivations', 'pass');
INSERT INTO BOOKS_ADMIN."Book" (id, name, shortname) VALUES (191, 'summaries', 'summ');
INSERT INTO BOOKS_ADMIN."Book" (id, name, shortname) VALUES (192, 'silks', 'silk');
INSERT INTO BOOKS_ADMIN."Book" (id, name, shortname) VALUES (193, 'instruments', 'inst');
INSERT INTO BOOKS_ADMIN."Book" (id, name, shortname) VALUES (194, 'ear', '');
INSERT INTO BOOKS_ADMIN."Book" (id, name, shortname) VALUES (195, 'diameters', 'diam');
INSERT INTO BOOKS_ADMIN."Book" (id, name, shortname) VALUES (196, 'reproductions', 'repr');
INSERT INTO BOOKS_ADMIN."Book" (id, name, shortname) VALUES (197, 'runaways', 'runa');
INSERT INTO BOOKS_ADMIN."Book" (id, name, shortname) VALUES (198, 'vehicles', 'vehi');
INSERT INTO BOOKS_ADMIN."Book" (id, name, shortname) VALUES (199, 'houses', 'hous');
INSERT INTO BOOKS_ADMIN."Book" (id, name, shortname) VALUES (200, 'weeds', 'weed');
INSERT INTO BOOKS_ADMIN."Book" (id, name, shortname) VALUES (201, 'bricks', 'bric');
INSERT INTO BOOKS_ADMIN."Book" (id, name, shortname) VALUES (202, 'FUNCTION', 'func');
INSERT INTO BOOKS_ADMIN."Book" (id, name, shortname) VALUES (203, 'investigation', 'inve');
INSERT INTO BOOKS_ADMIN."Book" (id, name, shortname) VALUES (204, 'mondays', 'mond');
INSERT INTO BOOKS_ADMIN."Book" (id, name, shortname) VALUES (205, 'instruction', 'inst');
INSERT INTO BOOKS_ADMIN."Book" (id, name, shortname) VALUES (206, 'navigator', 'navi');
INSERT INTO BOOKS_ADMIN."Book" (id, name, shortname) VALUES (207, 'tags', '');
INSERT INTO BOOKS_ADMIN."Book" (id, name, shortname) VALUES (208, 'courtesies', 'cour');
INSERT INTO BOOKS_ADMIN."Book" (id, name, shortname) VALUES (209, 'yell', '');
INSERT INTO BOOKS_ADMIN."Book" (id, name, shortname) VALUES (210, 'perforator', 'perf');
INSERT INTO BOOKS_ADMIN."Book" (id, name, shortname) VALUES (211, 'shovel', 'shov');
INSERT INTO BOOKS_ADMIN."Book" (id, name, shortname) VALUES (212, 'regret', 'regr');
INSERT INTO BOOKS_ADMIN."Book" (id, name, shortname) VALUES (213, 'indicate', 'indi');
INSERT INTO BOOKS_ADMIN."Book" (id, name, shortname) VALUES (214, 'powders', 'powd');
INSERT INTO BOOKS_ADMIN."Book" (id, name, shortname) VALUES (215, 'sword', 'swor');
INSERT INTO BOOKS_ADMIN."Book" (id, name, shortname) VALUES (216, 'COLUMNS', 'colu');
INSERT INTO BOOKS_ADMIN."Book" (id, name, shortname) VALUES (217, 'concept', 'conc');
INSERT INTO BOOKS_ADMIN."Book" (id, name, shortname) VALUES (218, 'presidents', 'pres');
INSERT INTO BOOKS_ADMIN."Book" (id, name, shortname) VALUES (219, 'diaries', 'diar');
INSERT INTO BOOKS_ADMIN."Book" (id, name, shortname) VALUES (220, 'opinions', 'opin');
INSERT INTO BOOKS_ADMIN."Book" (id, name, shortname) VALUES (221, 'grease', 'grea');
INSERT INTO BOOKS_ADMIN."Book" (id, name, shortname) VALUES (222, 'trial', 'tria');
INSERT INTO BOOKS_ADMIN."Book" (id, name, shortname) VALUES (223, 'regulator', 'regu');
INSERT INTO BOOKS_ADMIN."Book" (id, name, shortname) VALUES (224, 'stack', 'stac');
INSERT INTO BOOKS_ADMIN."Book" (id, name, shortname) VALUES (225, 'taxis', 'taxi');
INSERT INTO BOOKS_ADMIN."Book" (id, name, shortname) VALUES (226, 'paintings', 'pain');
INSERT INTO BOOKS_ADMIN."Book" (id, name, shortname) VALUES (227, 'assaults', 'assa');
INSERT INTO BOOKS_ADMIN."Book" (id, name, shortname) VALUES (228, 'arrangement', 'arra');
INSERT INTO BOOKS_ADMIN."Book" (id, name, shortname) VALUES (229, 'damping', 'damp');
INSERT INTO BOOKS_ADMIN."Book" (id, name, shortname) VALUES (230, 'regulation', 'regu');
INSERT INTO BOOKS_ADMIN."Book" (id, name, shortname) VALUES (231, 'azimuth', 'azim');
INSERT INTO BOOKS_ADMIN."Book" (id, name, shortname) VALUES (232, 'spike', 'spik');
INSERT INTO BOOKS_ADMIN."Book" (id, name, shortname) VALUES (233, 'canister', 'cani');
INSERT INTO BOOKS_ADMIN."Book" (id, name, shortname) VALUES (234, 'prepositions', 'prep');
INSERT INTO BOOKS_ADMIN."Book" (id, name, shortname) VALUES (235, 'terminals', 'TERM');
INSERT INTO BOOKS_ADMIN."Book" (id, name, shortname) VALUES (236, 'CONDITION', 'cond');
INSERT INTO BOOKS_ADMIN."Book" (id, name, shortname) VALUES (237, 'sanitation', 'sani');
INSERT INTO BOOKS_ADMIN."Book" (id, name, shortname) VALUES (238, 'WORK', '');
INSERT INTO BOOKS_ADMIN."Book" (id, name, shortname) VALUES (239, 'auditors', 'audi');
INSERT INTO BOOKS_ADMIN."Book" (id, name, shortname) VALUES (240, 'interviewers', 'inte');
INSERT INTO BOOKS_ADMIN."Book" (id, name, shortname) VALUES (241, 'inquiries', 'inqu');
INSERT INTO BOOKS_ADMIN."Book" (id, name, shortname) VALUES (242, 'exhibits', 'exhi');
INSERT INTO BOOKS_ADMIN."Book" (id, name, shortname) VALUES (243, 'half', '');
INSERT INTO BOOKS_ADMIN."Book" (id, name, shortname) VALUES (244, 'landings', 'land');
INSERT INTO BOOKS_ADMIN."Book" (id, name, shortname) VALUES (245, 'remainder', 'rema');
INSERT INTO BOOKS_ADMIN."Book" (id, name, shortname) VALUES (246, 'curtains', 'curt');
INSERT INTO BOOKS_ADMIN."Book" (id, name, shortname) VALUES (247, 'cells', 'cell');
INSERT INTO BOOKS_ADMIN."Book" (id, name, shortname) VALUES (248, 'LABEL', 'labe');
INSERT INTO BOOKS_ADMIN."Book" (id, name, shortname) VALUES (249, 'enclosure', 'encl');
INSERT INTO BOOKS_ADMIN."Book" (id, name, shortname) VALUES (250, 'transfers', 'tran');
INSERT INTO BOOKS_ADMIN."Book" (id, name, shortname) VALUES (251, 'soldiers', 'sold');
INSERT INTO BOOKS_ADMIN."Book" (id, name, shortname) VALUES (252, 'wax', '');
INSERT INTO BOOKS_ADMIN."Book" (id, name, shortname) VALUES (253, 'fighters', 'figh');
INSERT INTO BOOKS_ADMIN."Book" (id, name, shortname) VALUES (254, 'fabrications', 'fabr');
INSERT INTO BOOKS_ADMIN."Book" (id, name, shortname) VALUES (255, 'instruments', 'inst');
INSERT INTO BOOKS_ADMIN."Book" (id, name, shortname) VALUES (256, 'bushings', 'bush');
INSERT INTO BOOKS_ADMIN."Book" (id, name, shortname) VALUES (257, 'helms', 'helm');
INSERT INTO BOOKS_ADMIN."Book" (id, name, shortname) VALUES (258, 'stomach', 'stom');
INSERT INTO BOOKS_ADMIN."Book" (id, name, shortname) VALUES (259, 'module', 'modu');
INSERT INTO BOOKS_ADMIN."Book" (id, name, shortname) VALUES (260, 'liter', 'lite');
INSERT INTO BOOKS_ADMIN."Book" (id, name, shortname) VALUES (261, 'gunfire', 'gunf');
INSERT INTO BOOKS_ADMIN."Book" (id, name, shortname) VALUES (262, 'pastes', 'PAST');
INSERT INTO BOOKS_ADMIN."Book" (id, name, shortname) VALUES (263, 'blindfolds', 'blin');
INSERT INTO BOOKS_ADMIN."Book" (id, name, shortname) VALUES (264, 'patterns', 'patt');
INSERT INTO BOOKS_ADMIN."Book" (id, name, shortname) VALUES (265, 'news', '');
INSERT INTO BOOKS_ADMIN."Book" (id, name, shortname) VALUES (266, 'pilot', 'pilo');
INSERT INTO BOOKS_ADMIN."Book" (id, name, shortname) VALUES (267, 'equator', 'equa');
INSERT INTO BOOKS_ADMIN."Book" (id, name, shortname) VALUES (268, 'temperatures', 'temp');
INSERT INTO BOOKS_ADMIN."Book" (id, name, shortname) VALUES (269, 'reach', 'reac');
INSERT INTO BOOKS_ADMIN."Book" (id, name, shortname) VALUES (270, 'minerals', 'mine');
INSERT INTO BOOKS_ADMIN."Book" (id, name, shortname) VALUES (271, 'wardrooms', 'ward');
INSERT INTO BOOKS_ADMIN."Book" (id, name, shortname) VALUES (272, 'distortion', 'dist');
INSERT INTO BOOKS_ADMIN."Book" (id, name, shortname) VALUES (273, 'thermometers', 'ther');
INSERT INTO BOOKS_ADMIN."Book" (id, name, shortname) VALUES (274, 'substitutes', 'subs');
INSERT INTO BOOKS_ADMIN."Book" (id, name, shortname) VALUES (275, 'seam', '');
INSERT INTO BOOKS_ADMIN."Book" (id, name, shortname) VALUES (276, 'physics', 'phys');
INSERT INTO BOOKS_ADMIN."Book" (id, name, shortname) VALUES (277, 'beam', '');
INSERT INTO BOOKS_ADMIN."Book" (id, name, shortname) VALUES (278, 'antennas', 'ante');
INSERT INTO BOOKS_ADMIN."Book" (id, name, shortname) VALUES (279, 'tachometers', 'tach');
INSERT INTO BOOKS_ADMIN."Book" (id, name, shortname) VALUES (280, 'arch', '');
INSERT INTO BOOKS_ADMIN."Book" (id, name, shortname) VALUES (281, 'accomplishment', 'acco');
INSERT INTO BOOKS_ADMIN."Book" (id, name, shortname) VALUES (282, 'pass', '');
INSERT INTO BOOKS_ADMIN."Book" (id, name, shortname) VALUES (283, 'carriages', 'carr');
INSERT INTO BOOKS_ADMIN."Book" (id, name, shortname) VALUES (284, 'service', 'serv');
INSERT INTO BOOKS_ADMIN."Book" (id, name, shortname) VALUES (285, 'sight', 'sigh');
INSERT INTO BOOKS_ADMIN."Book" (id, name, shortname) VALUES (286, 'latitudes', 'lati');
INSERT INTO BOOKS_ADMIN."Book" (id, name, shortname) VALUES (287, 'keyboard', 'keyb');
INSERT INTO BOOKS_ADMIN."Book" (id, name, shortname) VALUES (288, 'splashes', 'spla');
INSERT INTO BOOKS_ADMIN."Book" (id, name, shortname) VALUES (289, 'films', 'film');
INSERT INTO BOOKS_ADMIN."Book" (id, name, shortname) VALUES (290, 'sails', 'sail');
INSERT INTO BOOKS_ADMIN."Book" (id, name, shortname) VALUES (291, 'lifeboats', 'life');
INSERT INTO BOOKS_ADMIN."Book" (id, name, shortname) VALUES (292, 'card', '');
INSERT INTO BOOKS_ADMIN."Book" (id, name, shortname) VALUES (293, 'catalogs', 'cata');
INSERT INTO BOOKS_ADMIN."Book" (id, name, shortname) VALUES (294, 'terminators', 'TERM');
INSERT INTO BOOKS_ADMIN."Book" (id, name, shortname) VALUES (295, 'meaning', 'mean');
INSERT INTO BOOKS_ADMIN."Book" (id, name, shortname) VALUES (296, 'ranges', 'rang');
INSERT INTO BOOKS_ADMIN."Book" (id, name, shortname) VALUES (297, 'troubleshooter', 'trou');
INSERT INTO BOOKS_ADMIN."Book" (id, name, shortname) VALUES (298, 'shortage', 'shor');
INSERT INTO BOOKS_ADMIN."Book" (id, name, shortname) VALUES (299, 'raincoats', 'rain');
INSERT INTO BOOKS_ADMIN."Book" (id, name, shortname) VALUES (300, 'cases', 'CASE');
INSERT INTO BOOKS_ADMIN."Book" (id, name, shortname) VALUES (301, 'watches', 'watc');
INSERT INTO BOOKS_ADMIN."Book" (id, name, shortname) VALUES (302, 'manufacturer', 'manu');
INSERT INTO BOOKS_ADMIN."Book" (id, name, shortname) VALUES (303, 'tenth', 'tent');
INSERT INTO BOOKS_ADMIN."Book" (id, name, shortname) VALUES (304, 'deals', 'deal');
INSERT INTO BOOKS_ADMIN."Book" (id, name, shortname) VALUES (305, 'substances', 'subs');
INSERT INTO BOOKS_ADMIN."Book" (id, name, shortname) VALUES (306, 'passwords', 'pass');
INSERT INTO BOOKS_ADMIN."Book" (id, name, shortname) VALUES (307, 'explosion', 'expl');
INSERT INTO BOOKS_ADMIN."Book" (id, name, shortname) VALUES (308, 'settlement', 'sett');
INSERT INTO BOOKS_ADMIN."Book" (id, name, shortname) VALUES (309, 'documents', 'docu');
INSERT INTO BOOKS_ADMIN."Book" (id, name, shortname) VALUES (310, 'cam', '');
INSERT INTO BOOKS_ADMIN."Book" (id, name, shortname) VALUES (311, 'distributor', 'dist');
INSERT INTO BOOKS_ADMIN."Book" (id, name, shortname) VALUES (312, 'DEFAULT', 'defa');
INSERT INTO BOOKS_ADMIN."Book" (id, name, shortname) VALUES (313, 'brick', 'bric');
INSERT INTO BOOKS_ADMIN."Book" (id, name, shortname) VALUES (314, 'algorithm', 'algo');
INSERT INTO BOOKS_ADMIN."Book" (id, name, shortname) VALUES (315, 'adjectives', 'adje');
INSERT INTO BOOKS_ADMIN."Book" (id, name, shortname) VALUES (316, 'schoolroom', 'scho');
INSERT INTO BOOKS_ADMIN."Book" (id, name, shortname) VALUES (317, 'amusements', 'amus');
INSERT INTO BOOKS_ADMIN."Book" (id, name, shortname) VALUES (318, 'resources', 'reso');
INSERT INTO BOOKS_ADMIN."Book" (id, name, shortname) VALUES (319, 'departure', 'depa');
INSERT INTO BOOKS_ADMIN."Book" (id, name, shortname) VALUES (320, 'parks', 'park');
INSERT INTO BOOKS_ADMIN."Book" (id, name, shortname) VALUES (321, 'prints', 'prin');
INSERT INTO BOOKS_ADMIN."Book" (id, name, shortname) VALUES (322, 'custodians', 'cust');
INSERT INTO BOOKS_ADMIN."Book" (id, name, shortname) VALUES (323, 'certifications', 'cert');
INSERT INTO BOOKS_ADMIN."Book" (id, name, shortname) VALUES (324, 'drive', 'driv');
INSERT INTO BOOKS_ADMIN."Book" (id, name, shortname) VALUES (325, 'scissors', 'scis');
INSERT INTO BOOKS_ADMIN."Book" (id, name, shortname) VALUES (326, 'ENTRY', 'entr');
INSERT INTO BOOKS_ADMIN."Book" (id, name, shortname) VALUES (327, 'addition', 'addi');
INSERT INTO BOOKS_ADMIN."Book" (id, name, shortname) VALUES (328, 'jails', 'jail');
INSERT INTO BOOKS_ADMIN."Book" (id, name, shortname) VALUES (329, 'privates', 'priv');
INSERT INTO BOOKS_ADMIN."Book" (id, name, shortname) VALUES (330, 'ceremonies', 'cere');
INSERT INTO BOOKS_ADMIN."Book" (id, name, shortname) VALUES (331, 'pacific', 'paci');
INSERT INTO BOOKS_ADMIN."Book" (id, name, shortname) VALUES (332, 'propeller', 'prop');
INSERT INTO BOOKS_ADMIN."Book" (id, name, shortname) VALUES (333, 'stands', 'stan');
INSERT INTO BOOKS_ADMIN."Book" (id, name, shortname) VALUES (334, 'crawl', 'craw');
INSERT INTO BOOKS_ADMIN."Book" (id, name, shortname) VALUES (335, 'TIME', '');
INSERT INTO BOOKS_ADMIN."Book" (id, name, shortname) VALUES (336, 'thursdays', 'thur');
INSERT INTO BOOKS_ADMIN."Book" (id, name, shortname) VALUES (337, 'jails', 'jail');
INSERT INTO BOOKS_ADMIN."Book" (id, name, shortname) VALUES (338, 'molecules', 'mole');
INSERT INTO BOOKS_ADMIN."Book" (id, name, shortname) VALUES (339, 'glasses', 'glas');
INSERT INTO BOOKS_ADMIN."Book" (id, name, shortname) VALUES (340, 'student', 'stud');
INSERT INTO BOOKS_ADMIN."Book" (id, name, shortname) VALUES (341, 'interruption', 'inte');
INSERT INTO BOOKS_ADMIN."Book" (id, name, shortname) VALUES (342, 'eleven', 'elev');
INSERT INTO BOOKS_ADMIN."Book" (id, name, shortname) VALUES (343, 'props', 'prop');
INSERT INTO BOOKS_ADMIN."Book" (id, name, shortname) VALUES (344, 'petroleum', 'petr');
INSERT INTO BOOKS_ADMIN."Book" (id, name, shortname) VALUES (345, 'grass', 'gras');
INSERT INTO BOOKS_ADMIN."Book" (id, name, shortname) VALUES (346, 'legs', '');
INSERT INTO BOOKS_ADMIN."Book" (id, name, shortname) VALUES (347, 'collars', 'coll');
INSERT INTO BOOKS_ADMIN."Book" (id, name, shortname) VALUES (348, 'eyes', '');
INSERT INTO BOOKS_ADMIN."Book" (id, name, shortname) VALUES (349, 'note', '');
INSERT INTO BOOKS_ADMIN."Book" (id, name, shortname) VALUES (350, 'props', 'prop');
INSERT INTO BOOKS_ADMIN."Book" (id, name, shortname) VALUES (351, 'chattel', 'chat');
INSERT INTO BOOKS_ADMIN."Book" (id, name, shortname) VALUES (352, 'kick', '');
INSERT INTO BOOKS_ADMIN."Book" (id, name, shortname) VALUES (353, 'cabinet', 'cabi');
INSERT INTO BOOKS_ADMIN."Book" (id, name, shortname) VALUES (354, 'seats', 'seat');
INSERT INTO BOOKS_ADMIN."Book" (id, name, shortname) VALUES (355, 'memories', 'memo');
INSERT INTO BOOKS_ADMIN."Book" (id, name, shortname) VALUES (356, 'variation', 'vari');
INSERT INTO BOOKS_ADMIN."Book" (id, name, shortname) VALUES (357, 'pascal', 'pasc');
INSERT INTO BOOKS_ADMIN."Book" (id, name, shortname) VALUES (358, 'plot', '');
INSERT INTO BOOKS_ADMIN."Book" (id, name, shortname) VALUES (359, 'preferences', 'pref');
INSERT INTO BOOKS_ADMIN."Book" (id, name, shortname) VALUES (360, 'PRIVILEGES', 'priv');
INSERT INTO BOOKS_ADMIN."Book" (id, name, shortname) VALUES (361, 'scenes', 'scen');
INSERT INTO BOOKS_ADMIN."Book" (id, name, shortname) VALUES (362, 'admiral', 'admi');
INSERT INTO BOOKS_ADMIN."Book" (id, name, shortname) VALUES (363, 'disassemblies', 'disa');
INSERT INTO BOOKS_ADMIN."Book" (id, name, shortname) VALUES (364, 'decreases', 'decr');
INSERT INTO BOOKS_ADMIN."Book" (id, name, shortname) VALUES (365, 'LOCK', '');
INSERT INTO BOOKS_ADMIN."Book" (id, name, shortname) VALUES (366, 'girls', 'girl');
INSERT INTO BOOKS_ADMIN."Book" (id, name, shortname) VALUES (367, 'history', 'hist');
INSERT INTO BOOKS_ADMIN."Book" (id, name, shortname) VALUES (368, 'pad', '');
INSERT INTO BOOKS_ADMIN."Book" (id, name, shortname) VALUES (369, 'henrys', 'henr');
INSERT INTO BOOKS_ADMIN."Book" (id, name, shortname) VALUES (370, 'compensations', 'COMP');
INSERT INTO BOOKS_ADMIN."Book" (id, name, shortname) VALUES (371, 'barges', 'barg');
INSERT INTO BOOKS_ADMIN."Book" (id, name, shortname) VALUES (372, 'tubing', 'tubi');
INSERT INTO BOOKS_ADMIN."Book" (id, name, shortname) VALUES (373, 'steamers', 'stea');
INSERT INTO BOOKS_ADMIN."Book" (id, name, shortname) VALUES (374, 'degrees', 'degr');
INSERT INTO BOOKS_ADMIN."Book" (id, name, shortname) VALUES (375, 'cane', '');
INSERT INTO BOOKS_ADMIN."Book" (id, name, shortname) VALUES (376, 'personality', 'pers');
INSERT INTO BOOKS_ADMIN."Book" (id, name, shortname) VALUES (377, 'speech', 'spee');
INSERT INTO BOOKS_ADMIN."Book" (id, name, shortname) VALUES (378, 'custom', 'cust');
INSERT INTO BOOKS_ADMIN."Book" (id, name, shortname) VALUES (379, 'overvoltages', 'OVER');
INSERT INTO BOOKS_ADMIN."Book" (id, name, shortname) VALUES (380, 'circulation', 'circ');
INSERT INTO BOOKS_ADMIN."Book" (id, name, shortname) VALUES (381, 'pushup', 'push');
INSERT INTO BOOKS_ADMIN."Book" (id, name, shortname) VALUES (382, 'efficiency', 'effi');
INSERT INTO BOOKS_ADMIN."Book" (id, name, shortname) VALUES (383, 'spacer', 'spac');
INSERT INTO BOOKS_ADMIN."Book" (id, name, shortname) VALUES (384, 'liver', 'live');
INSERT INTO BOOKS_ADMIN."Book" (id, name, shortname) VALUES (385, 'accessory', 'acce');
INSERT INTO BOOKS_ADMIN."Book" (id, name, shortname) VALUES (386, 'combatant', 'comb');
INSERT INTO BOOKS_ADMIN."Book" (id, name, shortname) VALUES (387, 'ventilations', 'vent');
INSERT INTO BOOKS_ADMIN."Book" (id, name, shortname) VALUES (388, 'sides', 'side');
INSERT INTO BOOKS_ADMIN."Book" (id, name, shortname) VALUES (389, 'principles', 'prin');
INSERT INTO BOOKS_ADMIN."Book" (id, name, shortname) VALUES (390, 'peck', '');
INSERT INTO BOOKS_ADMIN."Book" (id, name, shortname) VALUES (391, 'slave', 'slav');
INSERT INTO BOOKS_ADMIN."Book" (id, name, shortname) VALUES (392, 'daytime', 'dayt');
INSERT INTO BOOKS_ADMIN."Book" (id, name, shortname) VALUES (393, 'convenience', 'conv');
INSERT INTO BOOKS_ADMIN."Book" (id, name, shortname) VALUES (394, 'stump', 'stum');
INSERT INTO BOOKS_ADMIN."Book" (id, name, shortname) VALUES (395, 'doors', 'door');
INSERT INTO BOOKS_ADMIN."Book" (id, name, shortname) VALUES (396, 'transistor', 'tran');
INSERT INTO BOOKS_ADMIN."Book" (id, name, shortname) VALUES (397, 'words', 'word');
INSERT INTO BOOKS_ADMIN."Book" (id, name, shortname) VALUES (398, 'ventilation', 'vent');
INSERT INTO BOOKS_ADMIN."Book" (id, name, shortname) VALUES (399, 'interactions', 'inte');
INSERT INTO BOOKS_ADMIN."Book" (id, name, shortname) VALUES (400, 'humans', 'huma');
INSERT INTO BOOKS_ADMIN."Book" (id, name, shortname) VALUES (401, 'friday', 'frid');
INSERT INTO BOOKS_ADMIN."Book" (id, name, shortname) VALUES (402, 'cuff', '');
INSERT INTO BOOKS_ADMIN."Book" (id, name, shortname) VALUES (403, 'mitts', 'mitt');
INSERT INTO BOOKS_ADMIN."Book" (id, name, shortname) VALUES (404, 'organ', 'orga');
INSERT INTO BOOKS_ADMIN."Book" (id, name, shortname) VALUES (405, 'bunks', 'bunk');
INSERT INTO BOOKS_ADMIN."Book" (id, name, shortname) VALUES (406, 'egg', '');
INSERT INTO BOOKS_ADMIN."Book" (id, name, shortname) VALUES (407, 'shops', 'shop');
INSERT INTO BOOKS_ADMIN."Book" (id, name, shortname) VALUES (408, 'duress', 'dure');
INSERT INTO BOOKS_ADMIN."Book" (id, name, shortname) VALUES (409, 'specialization', 'spec');
INSERT INTO BOOKS_ADMIN."Book" (id, name, shortname) VALUES (410, 'designator', 'desi');
INSERT INTO BOOKS_ADMIN."Book" (id, name, shortname) VALUES (411, 'rods', '');
INSERT INTO BOOKS_ADMIN."Book" (id, name, shortname) VALUES (412, 'rib', '');
INSERT INTO BOOKS_ADMIN."Book" (id, name, shortname) VALUES (413, 'energizers', 'ener');
INSERT INTO BOOKS_ADMIN."Book" (id, name, shortname) VALUES (414, 'win', '');
INSERT INTO BOOKS_ADMIN."Book" (id, name, shortname) VALUES (415, 'toolboxes', 'tool');
INSERT INTO BOOKS_ADMIN."Book" (id, name, shortname) VALUES (416, 'sashes', 'sash');
INSERT INTO BOOKS_ADMIN."Book" (id, name, shortname) VALUES (417, 'figures', 'figu');
INSERT INTO BOOKS_ADMIN."Book" (id, name, shortname) VALUES (418, 'pleads', 'plea');
INSERT INTO BOOKS_ADMIN."Book" (id, name, shortname) VALUES (419, 'sections', 'sect');
INSERT INTO BOOKS_ADMIN."Book" (id, name, shortname) VALUES (420, 'communications', 'comm');
INSERT INTO BOOKS_ADMIN."Book" (id, name, shortname) VALUES (421, 'extenuations', 'exte');
INSERT INTO BOOKS_ADMIN."Book" (id, name, shortname) VALUES (422, 'screws', 'scre');
INSERT INTO BOOKS_ADMIN."Book" (id, name, shortname) VALUES (423, 'electrolyte', 'elec');
INSERT INTO BOOKS_ADMIN."Book" (id, name, shortname) VALUES (424, 'congress', 'cong');
INSERT INTO BOOKS_ADMIN."Book" (id, name, shortname) VALUES (425, 'impedance', 'impe');
INSERT INTO BOOKS_ADMIN."Book" (id, name, shortname) VALUES (426, 'DUPLICATE', 'dupl');
INSERT INTO BOOKS_ADMIN."Book" (id, name, shortname) VALUES (427, 'executives', 'EXEC');
INSERT INTO BOOKS_ADMIN."Book" (id, name, shortname) VALUES (428, 'console', 'cons');
INSERT INTO BOOKS_ADMIN."Book" (id, name, shortname) VALUES (429, 'changes', 'chan');
INSERT INTO BOOKS_ADMIN."Book" (id, name, shortname) VALUES (430, 'retractors', 'retr');
INSERT INTO BOOKS_ADMIN."Book" (id, name, shortname) VALUES (431, 'compasses', 'COMP');
INSERT INTO BOOKS_ADMIN."Book" (id, name, shortname) VALUES (432, 'rattles', 'ratt');
INSERT INTO BOOKS_ADMIN."Book" (id, name, shortname) VALUES (433, 'belt', '');
INSERT INTO BOOKS_ADMIN."Book" (id, name, shortname) VALUES (434, 'firmware', 'firm');
INSERT INTO BOOKS_ADMIN."Book" (id, name, shortname) VALUES (435, 'dictionaries', 'dict');
INSERT INTO BOOKS_ADMIN."Book" (id, name, shortname) VALUES (436, 'effectiveness', 'effe');
INSERT INTO BOOKS_ADMIN."Book" (id, name, shortname) VALUES (437, 'canister', 'cani');
INSERT INTO BOOKS_ADMIN."Book" (id, name, shortname) VALUES (438, 'schedule', 'sche');
INSERT INTO BOOKS_ADMIN."Book" (id, name, shortname) VALUES (439, 'tens', '');
INSERT INTO BOOKS_ADMIN."Book" (id, name, shortname) VALUES (440, 'documentations', 'docu');
INSERT INTO BOOKS_ADMIN."Book" (id, name, shortname) VALUES (441, 'INDEXES', 'inde');
INSERT INTO BOOKS_ADMIN."Book" (id, name, shortname) VALUES (442, 'ampere', 'ampe');
INSERT INTO BOOKS_ADMIN."Book" (id, name, shortname) VALUES (443, 'alleys', 'alle');
INSERT INTO BOOKS_ADMIN."Book" (id, name, shortname) VALUES (444, 'tractor', 'trac');
INSERT INTO BOOKS_ADMIN."Book" (id, name, shortname) VALUES (445, 'briefing', 'brie');
INSERT INTO BOOKS_ADMIN."Book" (id, name, shortname) VALUES (446, 'courtesy', 'cour');
INSERT INTO BOOKS_ADMIN."Book" (id, name, shortname) VALUES (447, 'frequency', 'freq');
INSERT INTO BOOKS_ADMIN."Book" (id, name, shortname) VALUES (448, 'kettle', 'kett');
INSERT INTO BOOKS_ADMIN."Book" (id, name, shortname) VALUES (449, 'extension', 'exte');
INSERT INTO BOOKS_ADMIN."Book" (id, name, shortname) VALUES (450, 'takeoff', 'take');
INSERT INTO BOOKS_ADMIN."Book" (id, name, shortname) VALUES (451, 'ladders', 'ladd');
INSERT INTO BOOKS_ADMIN."Book" (id, name, shortname) VALUES (452, 'DELAY', 'dela');
INSERT INTO BOOKS_ADMIN."Book" (id, name, shortname) VALUES (453, 'muscle', 'musc');
INSERT INTO BOOKS_ADMIN."Book" (id, name, shortname) VALUES (454, 'decks', 'deck');
INSERT INTO BOOKS_ADMIN."Book" (id, name, shortname) VALUES (455, 'miners', 'mine');
INSERT INTO BOOKS_ADMIN."Book" (id, name, shortname) VALUES (456, 'originator', 'orig');
INSERT INTO BOOKS_ADMIN."Book" (id, name, shortname) VALUES (457, 'mug', '');
INSERT INTO BOOKS_ADMIN."Book" (id, name, shortname) VALUES (458, 'SHOW', '');
INSERT INTO BOOKS_ADMIN."Book" (id, name, shortname) VALUES (459, 'window', 'wind');
INSERT INTO BOOKS_ADMIN."Book" (id, name, shortname) VALUES (460, 'squadrons', 'squa');
INSERT INTO BOOKS_ADMIN."Book" (id, name, shortname) VALUES (461, 'preliminaries', 'prel');
INSERT INTO BOOKS_ADMIN."Book" (id, name, shortname) VALUES (462, 'chattel', 'chat');
INSERT INTO BOOKS_ADMIN."Book" (id, name, shortname) VALUES (463, 'watch', 'watc');
INSERT INTO BOOKS_ADMIN."Book" (id, name, shortname) VALUES (464, 'notices', 'noti');
INSERT INTO BOOKS_ADMIN."Book" (id, name, shortname) VALUES (465, 'SECOND', 'seco');
INSERT INTO BOOKS_ADMIN."Book" (id, name, shortname) VALUES (466, 'projectiles', 'proj');
INSERT INTO BOOKS_ADMIN."Book" (id, name, shortname) VALUES (467, 'worksheet', 'WORK');
INSERT INTO BOOKS_ADMIN."Book" (id, name, shortname) VALUES (468, 'machines', 'mach');
INSERT INTO BOOKS_ADMIN."Book" (id, name, shortname) VALUES (469, 'hills', 'hill');
INSERT INTO BOOKS_ADMIN."Book" (id, name, shortname) VALUES (470, 'coughs', 'coug');
INSERT INTO BOOKS_ADMIN."Book" (id, name, shortname) VALUES (471, 'proficiencies', 'prof');
INSERT INTO BOOKS_ADMIN."Book" (id, name, shortname) VALUES (472, 'operators', 'oper');
INSERT INTO BOOKS_ADMIN."Book" (id, name, shortname) VALUES (473, 'fellow', 'fell');
INSERT INTO BOOKS_ADMIN."Book" (id, name, shortname) VALUES (474, 'minimums', 'mini');
INSERT INTO BOOKS_ADMIN."Book" (id, name, shortname) VALUES (475, 'clangs', 'clan');
INSERT INTO BOOKS_ADMIN."Book" (id, name, shortname) VALUES (476, 'laugh', 'laug');
INSERT INTO BOOKS_ADMIN."Book" (id, name, shortname) VALUES (477, 'transformer', 'tran');
INSERT INTO BOOKS_ADMIN."Book" (id, name, shortname) VALUES (478, 'bodies', 'bodi');
INSERT INTO BOOKS_ADMIN."Book" (id, name, shortname) VALUES (479, 'hat', '');
INSERT INTO BOOKS_ADMIN."Book" (id, name, shortname) VALUES (480, 'papers', 'pape');
INSERT INTO BOOKS_ADMIN."Book" (id, name, shortname) VALUES (481, 'assault', 'assa');
INSERT INTO BOOKS_ADMIN."Book" (id, name, shortname) VALUES (482, 'shocks', 'shoc');
INSERT INTO BOOKS_ADMIN."Book" (id, name, shortname) VALUES (483, 'reservists', 'rese');
INSERT INTO BOOKS_ADMIN."Book" (id, name, shortname) VALUES (484, 'enemies', 'enem');
INSERT INTO BOOKS_ADMIN."Book" (id, name, shortname) VALUES (485, 'ivory', 'ivor');
INSERT INTO BOOKS_ADMIN."Book" (id, name, shortname) VALUES (486, 'adaptions', 'adap');
INSERT INTO BOOKS_ADMIN."Book" (id, name, shortname) VALUES (487, 'surveyors', 'surv');
INSERT INTO BOOKS_ADMIN."Book" (id, name, shortname) VALUES (488, 'velocities', 'velo');
INSERT INTO BOOKS_ADMIN."Book" (id, name, shortname) VALUES (489, 'payment', 'paym');
INSERT INTO BOOKS_ADMIN."Book" (id, name, shortname) VALUES (490, 'burns', 'burn');
INSERT INTO BOOKS_ADMIN."Book" (id, name, shortname) VALUES (491, 'bean', '');
INSERT INTO BOOKS_ADMIN."Book" (id, name, shortname) VALUES (492, 'dials', 'dial');
INSERT INTO BOOKS_ADMIN."Book" (id, name, shortname) VALUES (493, 'cots', '');
INSERT INTO BOOKS_ADMIN."Book" (id, name, shortname) VALUES (494, 'responses', 'resp');
INSERT INTO BOOKS_ADMIN."Book" (id, name, shortname) VALUES (495, 'oils', '');
INSERT INTO BOOKS_ADMIN."Book" (id, name, shortname) VALUES (496, 'collections', 'coll');
INSERT INTO BOOKS_ADMIN."Book" (id, name, shortname) VALUES (497, 'phases', 'phas');
INSERT INTO BOOKS_ADMIN."Book" (id, name, shortname) VALUES (498, 'capital', 'capi');
INSERT INTO BOOKS_ADMIN."Book" (id, name, shortname) VALUES (499, 'worksheet', 'WORK');
INSERT INTO BOOKS_ADMIN."Book" (id, name, shortname) VALUES (500, 'films', 'film');
INSERT INTO BOOKS_ADMIN."Book" (id, name, shortname) VALUES (501, 'mention', 'ment');
INSERT INTO BOOKS_ADMIN."Book" (id, name, shortname) VALUES (502, 'witnesses', 'witn');
INSERT INTO BOOKS_ADMIN."Book" (id, name, shortname) VALUES (503, 'tubing', 'tubi');
INSERT INTO BOOKS_ADMIN."Book" (id, name, shortname) VALUES (504, 'deposit', 'depo');
INSERT INTO BOOKS_ADMIN."Book" (id, name, shortname) VALUES (505, 'traps', 'trap');
INSERT INTO BOOKS_ADMIN."Book" (id, name, shortname) VALUES (506, 'rushes', 'rush');
INSERT INTO BOOKS_ADMIN."Book" (id, name, shortname) VALUES (507, 'product', 'prod');
INSERT INTO BOOKS_ADMIN."Book" (id, name, shortname) VALUES (508, 'launch', 'laun');
INSERT INTO BOOKS_ADMIN."Book" (id, name, shortname) VALUES (509, 'civilians', 'civi');
INSERT INTO BOOKS_ADMIN."Book" (id, name, shortname) VALUES (510, 'interpreter', 'inte');
INSERT INTO BOOKS_ADMIN."Book" (id, name, shortname) VALUES (511, 'tap', '');
INSERT INTO BOOKS_ADMIN."Book" (id, name, shortname) VALUES (512, 'pupil', 'pupi');
INSERT INTO BOOKS_ADMIN."Book" (id, name, shortname) VALUES (513, 'argument', 'argu');
INSERT INTO BOOKS_ADMIN."Book" (id, name, shortname) VALUES (514, 'tags', '');
INSERT INTO BOOKS_ADMIN."Book" (id, name, shortname) VALUES (515, 'loudspeakers', 'loud');

INSERT INTO BOOKS_ADMIN."BookAuthors" (bookid, authorid) VALUES (1, 1);
INSERT INTO BOOKS_ADMIN."BookAuthors" (bookid, authorid) VALUES (2, 1);
INSERT INTO BOOKS_ADMIN."BookAuthors" (bookid, authorid) VALUES (3, 1);
INSERT INTO BOOKS_ADMIN."BookAuthors" (bookid, authorid) VALUES (4, 1);
INSERT INTO BOOKS_ADMIN."BookAuthors" (bookid, authorid) VALUES (5, 1);
INSERT INTO BOOKS_ADMIN."BookAuthors" (bookid, authorid) VALUES (6, 1);
INSERT INTO BOOKS_ADMIN."BookAuthors" (bookid, authorid) VALUES (7, 2);
INSERT INTO BOOKS_ADMIN."BookAuthors" (bookid, authorid) VALUES (8, 2);
INSERT INTO BOOKS_ADMIN."BookAuthors" (bookid, authorid) VALUES (9, 2);
INSERT INTO BOOKS_ADMIN."BookAuthors" (bookid, authorid) VALUES (10, 2);
INSERT INTO BOOKS_ADMIN."BookAuthors" (bookid, authorid) VALUES (11, 2);
INSERT INTO BOOKS_ADMIN."BookAuthors" (bookid, authorid) VALUES (12, 2);
INSERT INTO BOOKS_ADMIN."BookAuthors" (bookid, authorid) VALUES (13, 2);
INSERT INTO BOOKS_ADMIN."BookAuthors" (bookid, authorid) VALUES (14, 3);
INSERT INTO BOOKS_ADMIN."BookAuthors" (bookid, authorid) VALUES (15, 3);
INSERT INTO BOOKS_ADMIN."BookAuthors" (bookid, authorid) VALUES (16, 3);
INSERT INTO BOOKS_ADMIN."BookAuthors" (bookid, authorid) VALUES (17, 3);
INSERT INTO BOOKS_ADMIN."BookAuthors" (bookid, authorid) VALUES (18, 3);
INSERT INTO BOOKS_ADMIN."BookAuthors" (bookid, authorid) VALUES (19, 4);
INSERT INTO BOOKS_ADMIN."BookAuthors" (bookid, authorid) VALUES (20, 4);
INSERT INTO BOOKS_ADMIN."BookAuthors" (bookid, authorid) VALUES (21, 4);
INSERT INTO BOOKS_ADMIN."BookAuthors" (bookid, authorid) VALUES (22, 4);
INSERT INTO BOOKS_ADMIN."BookAuthors" (bookid, authorid) VALUES (23, 4);
INSERT INTO BOOKS_ADMIN."BookAuthors" (bookid, authorid) VALUES (24, 5);
INSERT INTO BOOKS_ADMIN."BookAuthors" (bookid, authorid) VALUES (25, 5);
INSERT INTO BOOKS_ADMIN."BookAuthors" (bookid, authorid) VALUES (26, 5);
INSERT INTO BOOKS_ADMIN."BookAuthors" (bookid, authorid) VALUES (27, 5);
INSERT INTO BOOKS_ADMIN."BookAuthors" (bookid, authorid) VALUES (28, 5);
INSERT INTO BOOKS_ADMIN."BookAuthors" (bookid, authorid) VALUES (29, 6);
INSERT INTO BOOKS_ADMIN."BookAuthors" (bookid, authorid) VALUES (30, 6);
INSERT INTO BOOKS_ADMIN."BookAuthors" (bookid, authorid) VALUES (31, 6);
INSERT INTO BOOKS_ADMIN."BookAuthors" (bookid, authorid) VALUES (32, 6);
INSERT INTO BOOKS_ADMIN."BookAuthors" (bookid, authorid) VALUES (33, 6);
INSERT INTO BOOKS_ADMIN."BookAuthors" (bookid, authorid) VALUES (34, 6);
INSERT INTO BOOKS_ADMIN."BookAuthors" (bookid, authorid) VALUES (35, 6);
INSERT INTO BOOKS_ADMIN."BookAuthors" (bookid, authorid) VALUES (36, 7);
INSERT INTO BOOKS_ADMIN."BookAuthors" (bookid, authorid) VALUES (37, 7);
INSERT INTO BOOKS_ADMIN."BookAuthors" (bookid, authorid) VALUES (38, 7);
INSERT INTO BOOKS_ADMIN."BookAuthors" (bookid, authorid) VALUES (39, 7);
INSERT INTO BOOKS_ADMIN."BookAuthors" (bookid, authorid) VALUES (40, 7);
INSERT INTO BOOKS_ADMIN."BookAuthors" (bookid, authorid) VALUES (41, 7);
INSERT INTO BOOKS_ADMIN."BookAuthors" (bookid, authorid) VALUES (42, 8);
INSERT INTO BOOKS_ADMIN."BookAuthors" (bookid, authorid) VALUES (43, 8);
INSERT INTO BOOKS_ADMIN."BookAuthors" (bookid, authorid) VALUES (44, 8);
INSERT INTO BOOKS_ADMIN."BookAuthors" (bookid, authorid) VALUES (45, 8);
INSERT INTO BOOKS_ADMIN."BookAuthors" (bookid, authorid) VALUES (46, 8);
INSERT INTO BOOKS_ADMIN."BookAuthors" (bookid, authorid) VALUES (47, 8);
INSERT INTO BOOKS_ADMIN."BookAuthors" (bookid, authorid) VALUES (48, 8);
INSERT INTO BOOKS_ADMIN."BookAuthors" (bookid, authorid) VALUES (49, 9);
INSERT INTO BOOKS_ADMIN."BookAuthors" (bookid, authorid) VALUES (50, 9);
INSERT INTO BOOKS_ADMIN."BookAuthors" (bookid, authorid) VALUES (51, 9);
INSERT INTO BOOKS_ADMIN."BookAuthors" (bookid, authorid) VALUES (52, 9);
INSERT INTO BOOKS_ADMIN."BookAuthors" (bookid, authorid) VALUES (53, 10);
INSERT INTO BOOKS_ADMIN."BookAuthors" (bookid, authorid) VALUES (54, 10);
INSERT INTO BOOKS_ADMIN."BookAuthors" (bookid, authorid) VALUES (55, 10);
INSERT INTO BOOKS_ADMIN."BookAuthors" (bookid, authorid) VALUES (56, 10);
INSERT INTO BOOKS_ADMIN."BookAuthors" (bookid, authorid) VALUES (57, 11);
INSERT INTO BOOKS_ADMIN."BookAuthors" (bookid, authorid) VALUES (58, 11);
INSERT INTO BOOKS_ADMIN."BookAuthors" (bookid, authorid) VALUES (59, 12);
INSERT INTO BOOKS_ADMIN."BookAuthors" (bookid, authorid) VALUES (60, 12);
INSERT INTO BOOKS_ADMIN."BookAuthors" (bookid, authorid) VALUES (61, 12);
INSERT INTO BOOKS_ADMIN."BookAuthors" (bookid, authorid) VALUES (62, 12);
INSERT INTO BOOKS_ADMIN."BookAuthors" (bookid, authorid) VALUES (63, 12);
INSERT INTO BOOKS_ADMIN."BookAuthors" (bookid, authorid) VALUES (64, 13);
INSERT INTO BOOKS_ADMIN."BookAuthors" (bookid, authorid) VALUES (65, 13);
INSERT INTO BOOKS_ADMIN."BookAuthors" (bookid, authorid) VALUES (66, 13);
INSERT INTO BOOKS_ADMIN."BookAuthors" (bookid, authorid) VALUES (67, 14);
INSERT INTO BOOKS_ADMIN."BookAuthors" (bookid, authorid) VALUES (68, 14);
INSERT INTO BOOKS_ADMIN."BookAuthors" (bookid, authorid) VALUES (69, 14);
INSERT INTO BOOKS_ADMIN."BookAuthors" (bookid, authorid) VALUES (70, 14);
INSERT INTO BOOKS_ADMIN."BookAuthors" (bookid, authorid) VALUES (71, 14);
INSERT INTO BOOKS_ADMIN."BookAuthors" (bookid, authorid) VALUES (72, 14);
INSERT INTO BOOKS_ADMIN."BookAuthors" (bookid, authorid) VALUES (73, 14);
INSERT INTO BOOKS_ADMIN."BookAuthors" (bookid, authorid) VALUES (74, 14);
INSERT INTO BOOKS_ADMIN."BookAuthors" (bookid, authorid) VALUES (75, 15);
INSERT INTO BOOKS_ADMIN."BookAuthors" (bookid, authorid) VALUES (76, 15);
INSERT INTO BOOKS_ADMIN."BookAuthors" (bookid, authorid) VALUES (77, 15);
INSERT INTO BOOKS_ADMIN."BookAuthors" (bookid, authorid) VALUES (78, 15);
INSERT INTO BOOKS_ADMIN."BookAuthors" (bookid, authorid) VALUES (79, 16);
INSERT INTO BOOKS_ADMIN."BookAuthors" (bookid, authorid) VALUES (80, 16);
INSERT INTO BOOKS_ADMIN."BookAuthors" (bookid, authorid) VALUES (81, 16);
INSERT INTO BOOKS_ADMIN."BookAuthors" (bookid, authorid) VALUES (82, 16);
INSERT INTO BOOKS_ADMIN."BookAuthors" (bookid, authorid) VALUES (83, 16);
INSERT INTO BOOKS_ADMIN."BookAuthors" (bookid, authorid) VALUES (84, 16);
INSERT INTO BOOKS_ADMIN."BookAuthors" (bookid, authorid) VALUES (85, 16);
INSERT INTO BOOKS_ADMIN."BookAuthors" (bookid, authorid) VALUES (86, 16);
INSERT INTO BOOKS_ADMIN."BookAuthors" (bookid, authorid) VALUES (87, 16);
INSERT INTO BOOKS_ADMIN."BookAuthors" (bookid, authorid) VALUES (88, 16);
INSERT INTO BOOKS_ADMIN."BookAuthors" (bookid, authorid) VALUES (89, 16);
INSERT INTO BOOKS_ADMIN."BookAuthors" (bookid, authorid) VALUES (90, 16);
INSERT INTO BOOKS_ADMIN."BookAuthors" (bookid, authorid) VALUES (91, 16);
INSERT INTO BOOKS_ADMIN."BookAuthors" (bookid, authorid) VALUES (92, 16);
INSERT INTO BOOKS_ADMIN."BookAuthors" (bookid, authorid) VALUES (93, 17);
INSERT INTO BOOKS_ADMIN."BookAuthors" (bookid, authorid) VALUES (94, 17);
INSERT INTO BOOKS_ADMIN."BookAuthors" (bookid, authorid) VALUES (95, 17);
INSERT INTO BOOKS_ADMIN."BookAuthors" (bookid, authorid) VALUES (96, 17);
INSERT INTO BOOKS_ADMIN."BookAuthors" (bookid, authorid) VALUES (97, 17);
INSERT INTO BOOKS_ADMIN."BookAuthors" (bookid, authorid) VALUES (98, 17);
INSERT INTO BOOKS_ADMIN."BookAuthors" (bookid, authorid) VALUES (99, 17);
INSERT INTO BOOKS_ADMIN."BookAuthors" (bookid, authorid) VALUES (100, 18);
INSERT INTO BOOKS_ADMIN."BookAuthors" (bookid, authorid) VALUES (101, 18);
INSERT INTO BOOKS_ADMIN."BookAuthors" (bookid, authorid) VALUES (102, 18);
INSERT INTO BOOKS_ADMIN."BookAuthors" (bookid, authorid) VALUES (103, 18);
INSERT INTO BOOKS_ADMIN."BookAuthors" (bookid, authorid) VALUES (104, 18);
INSERT INTO BOOKS_ADMIN."BookAuthors" (bookid, authorid) VALUES (105, 18);
INSERT INTO BOOKS_ADMIN."BookAuthors" (bookid, authorid) VALUES (106, 18);
INSERT INTO BOOKS_ADMIN."BookAuthors" (bookid, authorid) VALUES (107, 19);
INSERT INTO BOOKS_ADMIN."BookAuthors" (bookid, authorid) VALUES (108, 19);
INSERT INTO BOOKS_ADMIN."BookAuthors" (bookid, authorid) VALUES (109, 19);
INSERT INTO BOOKS_ADMIN."BookAuthors" (bookid, authorid) VALUES (110, 19);
INSERT INTO BOOKS_ADMIN."BookAuthors" (bookid, authorid) VALUES (111, 19);
INSERT INTO BOOKS_ADMIN."BookAuthors" (bookid, authorid) VALUES (112, 20);
INSERT INTO BOOKS_ADMIN."BookAuthors" (bookid, authorid) VALUES (113, 20);
INSERT INTO BOOKS_ADMIN."BookAuthors" (bookid, authorid) VALUES (114, 20);
INSERT INTO BOOKS_ADMIN."BookAuthors" (bookid, authorid) VALUES (115, 21);
INSERT INTO BOOKS_ADMIN."BookAuthors" (bookid, authorid) VALUES (116, 21);
INSERT INTO BOOKS_ADMIN."BookAuthors" (bookid, authorid) VALUES (117, 21);
INSERT INTO BOOKS_ADMIN."BookAuthors" (bookid, authorid) VALUES (118, 21);
INSERT INTO BOOKS_ADMIN."BookAuthors" (bookid, authorid) VALUES (119, 21);
INSERT INTO BOOKS_ADMIN."BookAuthors" (bookid, authorid) VALUES (120, 21);
INSERT INTO BOOKS_ADMIN."BookAuthors" (bookid, authorid) VALUES (121, 22);
INSERT INTO BOOKS_ADMIN."BookAuthors" (bookid, authorid) VALUES (122, 22);
INSERT INTO BOOKS_ADMIN."BookAuthors" (bookid, authorid) VALUES (123, 22);
INSERT INTO BOOKS_ADMIN."BookAuthors" (bookid, authorid) VALUES (124, 23);
INSERT INTO BOOKS_ADMIN."BookAuthors" (bookid, authorid) VALUES (125, 23);
INSERT INTO BOOKS_ADMIN."BookAuthors" (bookid, authorid) VALUES (126, 23);
INSERT INTO BOOKS_ADMIN."BookAuthors" (bookid, authorid) VALUES (127, 23);
INSERT INTO BOOKS_ADMIN."BookAuthors" (bookid, authorid) VALUES (128, 23);
INSERT INTO BOOKS_ADMIN."BookAuthors" (bookid, authorid) VALUES (129, 23);
INSERT INTO BOOKS_ADMIN."BookAuthors" (bookid, authorid) VALUES (130, 24);
INSERT INTO BOOKS_ADMIN."BookAuthors" (bookid, authorid) VALUES (131, 24);
INSERT INTO BOOKS_ADMIN."BookAuthors" (bookid, authorid) VALUES (132, 24);
INSERT INTO BOOKS_ADMIN."BookAuthors" (bookid, authorid) VALUES (133, 24);
INSERT INTO BOOKS_ADMIN."BookAuthors" (bookid, authorid) VALUES (134, 24);
INSERT INTO BOOKS_ADMIN."BookAuthors" (bookid, authorid) VALUES (135, 24);
INSERT INTO BOOKS_ADMIN."BookAuthors" (bookid, authorid) VALUES (136, 24);
INSERT INTO BOOKS_ADMIN."BookAuthors" (bookid, authorid) VALUES (137, 24);
INSERT INTO BOOKS_ADMIN."BookAuthors" (bookid, authorid) VALUES (138, 24);
INSERT INTO BOOKS_ADMIN."BookAuthors" (bookid, authorid) VALUES (139, 25);
INSERT INTO BOOKS_ADMIN."BookAuthors" (bookid, authorid) VALUES (140, 25);
INSERT INTO BOOKS_ADMIN."BookAuthors" (bookid, authorid) VALUES (141, 25);
INSERT INTO BOOKS_ADMIN."BookAuthors" (bookid, authorid) VALUES (142, 25);
INSERT INTO BOOKS_ADMIN."BookAuthors" (bookid, authorid) VALUES (143, 25);
INSERT INTO BOOKS_ADMIN."BookAuthors" (bookid, authorid) VALUES (144, 25);
INSERT INTO BOOKS_ADMIN."BookAuthors" (bookid, authorid) VALUES (145, 25);
INSERT INTO BOOKS_ADMIN."BookAuthors" (bookid, authorid) VALUES (146, 26);
INSERT INTO BOOKS_ADMIN."BookAuthors" (bookid, authorid) VALUES (147, 26);
INSERT INTO BOOKS_ADMIN."BookAuthors" (bookid, authorid) VALUES (148, 26);
INSERT INTO BOOKS_ADMIN."BookAuthors" (bookid, authorid) VALUES (149, 26);
INSERT INTO BOOKS_ADMIN."BookAuthors" (bookid, authorid) VALUES (150, 26);
INSERT INTO BOOKS_ADMIN."BookAuthors" (bookid, authorid) VALUES (151, 27);
INSERT INTO BOOKS_ADMIN."BookAuthors" (bookid, authorid) VALUES (152, 27);
INSERT INTO BOOKS_ADMIN."BookAuthors" (bookid, authorid) VALUES (153, 27);
INSERT INTO BOOKS_ADMIN."BookAuthors" (bookid, authorid) VALUES (154, 27);
INSERT INTO BOOKS_ADMIN."BookAuthors" (bookid, authorid) VALUES (155, 27);
INSERT INTO BOOKS_ADMIN."BookAuthors" (bookid, authorid) VALUES (156, 27);
INSERT INTO BOOKS_ADMIN."BookAuthors" (bookid, authorid) VALUES (157, 28);
INSERT INTO BOOKS_ADMIN."BookAuthors" (bookid, authorid) VALUES (158, 28);
INSERT INTO BOOKS_ADMIN."BookAuthors" (bookid, authorid) VALUES (159, 28);
INSERT INTO BOOKS_ADMIN."BookAuthors" (bookid, authorid) VALUES (160, 28);
INSERT INTO BOOKS_ADMIN."BookAuthors" (bookid, authorid) VALUES (161, 28);
INSERT INTO BOOKS_ADMIN."BookAuthors" (bookid, authorid) VALUES (162, 28);
INSERT INTO BOOKS_ADMIN."BookAuthors" (bookid, authorid) VALUES (163, 29);
INSERT INTO BOOKS_ADMIN."BookAuthors" (bookid, authorid) VALUES (164, 29);
INSERT INTO BOOKS_ADMIN."BookAuthors" (bookid, authorid) VALUES (165, 29);
INSERT INTO BOOKS_ADMIN."BookAuthors" (bookid, authorid) VALUES (166, 29);
INSERT INTO BOOKS_ADMIN."BookAuthors" (bookid, authorid) VALUES (167, 29);
INSERT INTO BOOKS_ADMIN."BookAuthors" (bookid, authorid) VALUES (168, 29);
INSERT INTO BOOKS_ADMIN."BookAuthors" (bookid, authorid) VALUES (169, 30);
INSERT INTO BOOKS_ADMIN."BookAuthors" (bookid, authorid) VALUES (170, 30);
INSERT INTO BOOKS_ADMIN."BookAuthors" (bookid, authorid) VALUES (171, 30);
INSERT INTO BOOKS_ADMIN."BookAuthors" (bookid, authorid) VALUES (172, 30);
INSERT INTO BOOKS_ADMIN."BookAuthors" (bookid, authorid) VALUES (173, 30);
INSERT INTO BOOKS_ADMIN."BookAuthors" (bookid, authorid) VALUES (174, 30);
INSERT INTO BOOKS_ADMIN."BookAuthors" (bookid, authorid) VALUES (175, 31);
INSERT INTO BOOKS_ADMIN."BookAuthors" (bookid, authorid) VALUES (176, 31);
INSERT INTO BOOKS_ADMIN."BookAuthors" (bookid, authorid) VALUES (177, 31);
INSERT INTO BOOKS_ADMIN."BookAuthors" (bookid, authorid) VALUES (178, 31);
INSERT INTO BOOKS_ADMIN."BookAuthors" (bookid, authorid) VALUES (179, 32);
INSERT INTO BOOKS_ADMIN."BookAuthors" (bookid, authorid) VALUES (180, 32);
INSERT INTO BOOKS_ADMIN."BookAuthors" (bookid, authorid) VALUES (181, 32);
INSERT INTO BOOKS_ADMIN."BookAuthors" (bookid, authorid) VALUES (182, 33);
INSERT INTO BOOKS_ADMIN."BookAuthors" (bookid, authorid) VALUES (183, 33);
INSERT INTO BOOKS_ADMIN."BookAuthors" (bookid, authorid) VALUES (184, 33);
INSERT INTO BOOKS_ADMIN."BookAuthors" (bookid, authorid) VALUES (185, 34);
INSERT INTO BOOKS_ADMIN."BookAuthors" (bookid, authorid) VALUES (186, 34);
INSERT INTO BOOKS_ADMIN."BookAuthors" (bookid, authorid) VALUES (187, 34);
INSERT INTO BOOKS_ADMIN."BookAuthors" (bookid, authorid) VALUES (188, 34);
INSERT INTO BOOKS_ADMIN."BookAuthors" (bookid, authorid) VALUES (189, 34);
INSERT INTO BOOKS_ADMIN."BookAuthors" (bookid, authorid) VALUES (190, 35);
INSERT INTO BOOKS_ADMIN."BookAuthors" (bookid, authorid) VALUES (191, 35);
INSERT INTO BOOKS_ADMIN."BookAuthors" (bookid, authorid) VALUES (192, 35);
INSERT INTO BOOKS_ADMIN."BookAuthors" (bookid, authorid) VALUES (193, 35);
INSERT INTO BOOKS_ADMIN."BookAuthors" (bookid, authorid) VALUES (194, 35);
INSERT INTO BOOKS_ADMIN."BookAuthors" (bookid, authorid) VALUES (195, 36);
INSERT INTO BOOKS_ADMIN."BookAuthors" (bookid, authorid) VALUES (196, 36);
INSERT INTO BOOKS_ADMIN."BookAuthors" (bookid, authorid) VALUES (197, 36);
INSERT INTO BOOKS_ADMIN."BookAuthors" (bookid, authorid) VALUES (198, 36);
INSERT INTO BOOKS_ADMIN."BookAuthors" (bookid, authorid) VALUES (199, 36);
INSERT INTO BOOKS_ADMIN."BookAuthors" (bookid, authorid) VALUES (200, 36);
INSERT INTO BOOKS_ADMIN."BookAuthors" (bookid, authorid) VALUES (201, 37);
INSERT INTO BOOKS_ADMIN."BookAuthors" (bookid, authorid) VALUES (202, 37);
INSERT INTO BOOKS_ADMIN."BookAuthors" (bookid, authorid) VALUES (203, 37);
INSERT INTO BOOKS_ADMIN."BookAuthors" (bookid, authorid) VALUES (204, 37);
INSERT INTO BOOKS_ADMIN."BookAuthors" (bookid, authorid) VALUES (205, 37);
INSERT INTO BOOKS_ADMIN."BookAuthors" (bookid, authorid) VALUES (206, 37);
INSERT INTO BOOKS_ADMIN."BookAuthors" (bookid, authorid) VALUES (207, 37);
INSERT INTO BOOKS_ADMIN."BookAuthors" (bookid, authorid) VALUES (208, 37);
INSERT INTO BOOKS_ADMIN."BookAuthors" (bookid, authorid) VALUES (209, 37);
INSERT INTO BOOKS_ADMIN."BookAuthors" (bookid, authorid) VALUES (210, 38);
INSERT INTO BOOKS_ADMIN."BookAuthors" (bookid, authorid) VALUES (211, 38);
INSERT INTO BOOKS_ADMIN."BookAuthors" (bookid, authorid) VALUES (212, 38);
INSERT INTO BOOKS_ADMIN."BookAuthors" (bookid, authorid) VALUES (213, 38);
INSERT INTO BOOKS_ADMIN."BookAuthors" (bookid, authorid) VALUES (214, 39);
INSERT INTO BOOKS_ADMIN."BookAuthors" (bookid, authorid) VALUES (215, 39);
INSERT INTO BOOKS_ADMIN."BookAuthors" (bookid, authorid) VALUES (216, 39);
INSERT INTO BOOKS_ADMIN."BookAuthors" (bookid, authorid) VALUES (217, 39);
INSERT INTO BOOKS_ADMIN."BookAuthors" (bookid, authorid) VALUES (218, 39);
INSERT INTO BOOKS_ADMIN."BookAuthors" (bookid, authorid) VALUES (219, 39);
INSERT INTO BOOKS_ADMIN."BookAuthors" (bookid, authorid) VALUES (220, 39);
INSERT INTO BOOKS_ADMIN."BookAuthors" (bookid, authorid) VALUES (221, 39);
INSERT INTO BOOKS_ADMIN."BookAuthors" (bookid, authorid) VALUES (222, 40);
INSERT INTO BOOKS_ADMIN."BookAuthors" (bookid, authorid) VALUES (223, 40);
INSERT INTO BOOKS_ADMIN."BookAuthors" (bookid, authorid) VALUES (224, 40);
INSERT INTO BOOKS_ADMIN."BookAuthors" (bookid, authorid) VALUES (225, 40);
INSERT INTO BOOKS_ADMIN."BookAuthors" (bookid, authorid) VALUES (226, 40);
INSERT INTO BOOKS_ADMIN."BookAuthors" (bookid, authorid) VALUES (227, 40);
INSERT INTO BOOKS_ADMIN."BookAuthors" (bookid, authorid) VALUES (228, 41);
INSERT INTO BOOKS_ADMIN."BookAuthors" (bookid, authorid) VALUES (229, 41);
INSERT INTO BOOKS_ADMIN."BookAuthors" (bookid, authorid) VALUES (230, 41);
INSERT INTO BOOKS_ADMIN."BookAuthors" (bookid, authorid) VALUES (231, 41);
INSERT INTO BOOKS_ADMIN."BookAuthors" (bookid, authorid) VALUES (232, 41);
INSERT INTO BOOKS_ADMIN."BookAuthors" (bookid, authorid) VALUES (233, 41);
INSERT INTO BOOKS_ADMIN."BookAuthors" (bookid, authorid) VALUES (234, 42);
INSERT INTO BOOKS_ADMIN."BookAuthors" (bookid, authorid) VALUES (235, 42);
INSERT INTO BOOKS_ADMIN."BookAuthors" (bookid, authorid) VALUES (236, 42);
INSERT INTO BOOKS_ADMIN."BookAuthors" (bookid, authorid) VALUES (237, 43);
INSERT INTO BOOKS_ADMIN."BookAuthors" (bookid, authorid) VALUES (238, 43);
INSERT INTO BOOKS_ADMIN."BookAuthors" (bookid, authorid) VALUES (239, 43);
INSERT INTO BOOKS_ADMIN."BookAuthors" (bookid, authorid) VALUES (240, 43);
INSERT INTO BOOKS_ADMIN."BookAuthors" (bookid, authorid) VALUES (241, 43);
INSERT INTO BOOKS_ADMIN."BookAuthors" (bookid, authorid) VALUES (242, 43);
INSERT INTO BOOKS_ADMIN."BookAuthors" (bookid, authorid) VALUES (243, 43);
INSERT INTO BOOKS_ADMIN."BookAuthors" (bookid, authorid) VALUES (244, 44);
INSERT INTO BOOKS_ADMIN."BookAuthors" (bookid, authorid) VALUES (245, 44);
INSERT INTO BOOKS_ADMIN."BookAuthors" (bookid, authorid) VALUES (246, 44);
INSERT INTO BOOKS_ADMIN."BookAuthors" (bookid, authorid) VALUES (247, 44);
INSERT INTO BOOKS_ADMIN."BookAuthors" (bookid, authorid) VALUES (248, 44);
INSERT INTO BOOKS_ADMIN."BookAuthors" (bookid, authorid) VALUES (249, 44);
INSERT INTO BOOKS_ADMIN."BookAuthors" (bookid, authorid) VALUES (250, 44);
INSERT INTO BOOKS_ADMIN."BookAuthors" (bookid, authorid) VALUES (251, 45);
INSERT INTO BOOKS_ADMIN."BookAuthors" (bookid, authorid) VALUES (252, 45);
INSERT INTO BOOKS_ADMIN."BookAuthors" (bookid, authorid) VALUES (253, 45);
INSERT INTO BOOKS_ADMIN."BookAuthors" (bookid, authorid) VALUES (254, 45);
INSERT INTO BOOKS_ADMIN."BookAuthors" (bookid, authorid) VALUES (255, 46);
INSERT INTO BOOKS_ADMIN."BookAuthors" (bookid, authorid) VALUES (256, 47);
INSERT INTO BOOKS_ADMIN."BookAuthors" (bookid, authorid) VALUES (257, 47);
INSERT INTO BOOKS_ADMIN."BookAuthors" (bookid, authorid) VALUES (258, 47);
INSERT INTO BOOKS_ADMIN."BookAuthors" (bookid, authorid) VALUES (259, 47);
INSERT INTO BOOKS_ADMIN."BookAuthors" (bookid, authorid) VALUES (260, 48);
INSERT INTO BOOKS_ADMIN."BookAuthors" (bookid, authorid) VALUES (261, 48);
INSERT INTO BOOKS_ADMIN."BookAuthors" (bookid, authorid) VALUES (262, 48);
INSERT INTO BOOKS_ADMIN."BookAuthors" (bookid, authorid) VALUES (263, 48);
INSERT INTO BOOKS_ADMIN."BookAuthors" (bookid, authorid) VALUES (264, 48);
INSERT INTO BOOKS_ADMIN."BookAuthors" (bookid, authorid) VALUES (265, 48);
INSERT INTO BOOKS_ADMIN."BookAuthors" (bookid, authorid) VALUES (266, 49);
INSERT INTO BOOKS_ADMIN."BookAuthors" (bookid, authorid) VALUES (267, 49);
INSERT INTO BOOKS_ADMIN."BookAuthors" (bookid, authorid) VALUES (268, 49);
INSERT INTO BOOKS_ADMIN."BookAuthors" (bookid, authorid) VALUES (269, 49);
INSERT INTO BOOKS_ADMIN."BookAuthors" (bookid, authorid) VALUES (270, 50);
INSERT INTO BOOKS_ADMIN."BookAuthors" (bookid, authorid) VALUES (271, 50);
INSERT INTO BOOKS_ADMIN."BookAuthors" (bookid, authorid) VALUES (272, 50);
INSERT INTO BOOKS_ADMIN."BookAuthors" (bookid, authorid) VALUES (273, 50);
INSERT INTO BOOKS_ADMIN."BookAuthors" (bookid, authorid) VALUES (274, 51);
INSERT INTO BOOKS_ADMIN."BookAuthors" (bookid, authorid) VALUES (275, 51);
INSERT INTO BOOKS_ADMIN."BookAuthors" (bookid, authorid) VALUES (276, 51);
INSERT INTO BOOKS_ADMIN."BookAuthors" (bookid, authorid) VALUES (277, 51);
INSERT INTO BOOKS_ADMIN."BookAuthors" (bookid, authorid) VALUES (278, 51);
INSERT INTO BOOKS_ADMIN."BookAuthors" (bookid, authorid) VALUES (279, 51);
INSERT INTO BOOKS_ADMIN."BookAuthors" (bookid, authorid) VALUES (280, 52);
INSERT INTO BOOKS_ADMIN."BookAuthors" (bookid, authorid) VALUES (281, 52);
INSERT INTO BOOKS_ADMIN."BookAuthors" (bookid, authorid) VALUES (282, 52);
INSERT INTO BOOKS_ADMIN."BookAuthors" (bookid, authorid) VALUES (283, 52);
INSERT INTO BOOKS_ADMIN."BookAuthors" (bookid, authorid) VALUES (284, 52);
INSERT INTO BOOKS_ADMIN."BookAuthors" (bookid, authorid) VALUES (285, 52);
INSERT INTO BOOKS_ADMIN."BookAuthors" (bookid, authorid) VALUES (286, 53);
INSERT INTO BOOKS_ADMIN."BookAuthors" (bookid, authorid) VALUES (287, 53);
INSERT INTO BOOKS_ADMIN."BookAuthors" (bookid, authorid) VALUES (288, 53);
INSERT INTO BOOKS_ADMIN."BookAuthors" (bookid, authorid) VALUES (289, 53);
INSERT INTO BOOKS_ADMIN."BookAuthors" (bookid, authorid) VALUES (290, 53);
INSERT INTO BOOKS_ADMIN."BookAuthors" (bookid, authorid) VALUES (291, 54);
INSERT INTO BOOKS_ADMIN."BookAuthors" (bookid, authorid) VALUES (292, 54);
INSERT INTO BOOKS_ADMIN."BookAuthors" (bookid, authorid) VALUES (293, 54);
INSERT INTO BOOKS_ADMIN."BookAuthors" (bookid, authorid) VALUES (294, 54);
INSERT INTO BOOKS_ADMIN."BookAuthors" (bookid, authorid) VALUES (295, 55);
INSERT INTO BOOKS_ADMIN."BookAuthors" (bookid, authorid) VALUES (296, 55);
INSERT INTO BOOKS_ADMIN."BookAuthors" (bookid, authorid) VALUES (297, 56);
INSERT INTO BOOKS_ADMIN."BookAuthors" (bookid, authorid) VALUES (298, 56);
INSERT INTO BOOKS_ADMIN."BookAuthors" (bookid, authorid) VALUES (299, 56);
INSERT INTO BOOKS_ADMIN."BookAuthors" (bookid, authorid) VALUES (300, 57);
INSERT INTO BOOKS_ADMIN."BookAuthors" (bookid, authorid) VALUES (301, 57);
INSERT INTO BOOKS_ADMIN."BookAuthors" (bookid, authorid) VALUES (302, 57);
INSERT INTO BOOKS_ADMIN."BookAuthors" (bookid, authorid) VALUES (303, 58);
INSERT INTO BOOKS_ADMIN."BookAuthors" (bookid, authorid) VALUES (304, 59);
INSERT INTO BOOKS_ADMIN."BookAuthors" (bookid, authorid) VALUES (305, 59);
INSERT INTO BOOKS_ADMIN."BookAuthors" (bookid, authorid) VALUES (306, 59);
INSERT INTO BOOKS_ADMIN."BookAuthors" (bookid, authorid) VALUES (307, 59);
INSERT INTO BOOKS_ADMIN."BookAuthors" (bookid, authorid) VALUES (308, 59);
INSERT INTO BOOKS_ADMIN."BookAuthors" (bookid, authorid) VALUES (309, 60);
INSERT INTO BOOKS_ADMIN."BookAuthors" (bookid, authorid) VALUES (310, 60);
INSERT INTO BOOKS_ADMIN."BookAuthors" (bookid, authorid) VALUES (311, 60);
INSERT INTO BOOKS_ADMIN."BookAuthors" (bookid, authorid) VALUES (312, 60);
INSERT INTO BOOKS_ADMIN."BookAuthors" (bookid, authorid) VALUES (313, 60);
INSERT INTO BOOKS_ADMIN."BookAuthors" (bookid, authorid) VALUES (314, 61);
INSERT INTO BOOKS_ADMIN."BookAuthors" (bookid, authorid) VALUES (315, 61);
INSERT INTO BOOKS_ADMIN."BookAuthors" (bookid, authorid) VALUES (316, 61);
INSERT INTO BOOKS_ADMIN."BookAuthors" (bookid, authorid) VALUES (317, 61);
INSERT INTO BOOKS_ADMIN."BookAuthors" (bookid, authorid) VALUES (318, 61);
INSERT INTO BOOKS_ADMIN."BookAuthors" (bookid, authorid) VALUES (319, 61);
INSERT INTO BOOKS_ADMIN."BookAuthors" (bookid, authorid) VALUES (320, 62);
INSERT INTO BOOKS_ADMIN."BookAuthors" (bookid, authorid) VALUES (321, 62);
INSERT INTO BOOKS_ADMIN."BookAuthors" (bookid, authorid) VALUES (322, 62);
INSERT INTO BOOKS_ADMIN."BookAuthors" (bookid, authorid) VALUES (323, 62);
INSERT INTO BOOKS_ADMIN."BookAuthors" (bookid, authorid) VALUES (324, 62);
INSERT INTO BOOKS_ADMIN."BookAuthors" (bookid, authorid) VALUES (325, 62);
INSERT INTO BOOKS_ADMIN."BookAuthors" (bookid, authorid) VALUES (326, 63);
INSERT INTO BOOKS_ADMIN."BookAuthors" (bookid, authorid) VALUES (327, 63);
INSERT INTO BOOKS_ADMIN."BookAuthors" (bookid, authorid) VALUES (328, 63);
INSERT INTO BOOKS_ADMIN."BookAuthors" (bookid, authorid) VALUES (329, 63);
INSERT INTO BOOKS_ADMIN."BookAuthors" (bookid, authorid) VALUES (330, 63);
INSERT INTO BOOKS_ADMIN."BookAuthors" (bookid, authorid) VALUES (331, 63);
INSERT INTO BOOKS_ADMIN."BookAuthors" (bookid, authorid) VALUES (332, 63);
INSERT INTO BOOKS_ADMIN."BookAuthors" (bookid, authorid) VALUES (333, 63);
INSERT INTO BOOKS_ADMIN."BookAuthors" (bookid, authorid) VALUES (334, 63);
INSERT INTO BOOKS_ADMIN."BookAuthors" (bookid, authorid) VALUES (335, 63);
INSERT INTO BOOKS_ADMIN."BookAuthors" (bookid, authorid) VALUES (336, 63);
INSERT INTO BOOKS_ADMIN."BookAuthors" (bookid, authorid) VALUES (337, 64);
INSERT INTO BOOKS_ADMIN."BookAuthors" (bookid, authorid) VALUES (338, 64);
INSERT INTO BOOKS_ADMIN."BookAuthors" (bookid, authorid) VALUES (339, 64);
INSERT INTO BOOKS_ADMIN."BookAuthors" (bookid, authorid) VALUES (340, 65);
INSERT INTO BOOKS_ADMIN."BookAuthors" (bookid, authorid) VALUES (341, 65);
INSERT INTO BOOKS_ADMIN."BookAuthors" (bookid, authorid) VALUES (342, 65);
INSERT INTO BOOKS_ADMIN."BookAuthors" (bookid, authorid) VALUES (343, 65);
INSERT INTO BOOKS_ADMIN."BookAuthors" (bookid, authorid) VALUES (344, 65);
INSERT INTO BOOKS_ADMIN."BookAuthors" (bookid, authorid) VALUES (345, 65);
INSERT INTO BOOKS_ADMIN."BookAuthors" (bookid, authorid) VALUES (346, 66);
INSERT INTO BOOKS_ADMIN."BookAuthors" (bookid, authorid) VALUES (347, 66);
INSERT INTO BOOKS_ADMIN."BookAuthors" (bookid, authorid) VALUES (348, 66);
INSERT INTO BOOKS_ADMIN."BookAuthors" (bookid, authorid) VALUES (349, 66);
INSERT INTO BOOKS_ADMIN."BookAuthors" (bookid, authorid) VALUES (350, 66);
INSERT INTO BOOKS_ADMIN."BookAuthors" (bookid, authorid) VALUES (351, 66);
INSERT INTO BOOKS_ADMIN."BookAuthors" (bookid, authorid) VALUES (352, 66);
INSERT INTO BOOKS_ADMIN."BookAuthors" (bookid, authorid) VALUES (353, 67);
INSERT INTO BOOKS_ADMIN."BookAuthors" (bookid, authorid) VALUES (354, 67);
INSERT INTO BOOKS_ADMIN."BookAuthors" (bookid, authorid) VALUES (355, 67);
INSERT INTO BOOKS_ADMIN."BookAuthors" (bookid, authorid) VALUES (356, 67);
INSERT INTO BOOKS_ADMIN."BookAuthors" (bookid, authorid) VALUES (357, 67);
INSERT INTO BOOKS_ADMIN."BookAuthors" (bookid, authorid) VALUES (358, 67);
INSERT INTO BOOKS_ADMIN."BookAuthors" (bookid, authorid) VALUES (359, 67);
INSERT INTO BOOKS_ADMIN."BookAuthors" (bookid, authorid) VALUES (360, 67);
INSERT INTO BOOKS_ADMIN."BookAuthors" (bookid, authorid) VALUES (361, 67);
INSERT INTO BOOKS_ADMIN."BookAuthors" (bookid, authorid) VALUES (362, 68);
INSERT INTO BOOKS_ADMIN."BookAuthors" (bookid, authorid) VALUES (363, 68);
INSERT INTO BOOKS_ADMIN."BookAuthors" (bookid, authorid) VALUES (364, 68);
INSERT INTO BOOKS_ADMIN."BookAuthors" (bookid, authorid) VALUES (365, 68);
INSERT INTO BOOKS_ADMIN."BookAuthors" (bookid, authorid) VALUES (366, 68);
INSERT INTO BOOKS_ADMIN."BookAuthors" (bookid, authorid) VALUES (367, 68);
INSERT INTO BOOKS_ADMIN."BookAuthors" (bookid, authorid) VALUES (368, 69);
INSERT INTO BOOKS_ADMIN."BookAuthors" (bookid, authorid) VALUES (369, 69);
INSERT INTO BOOKS_ADMIN."BookAuthors" (bookid, authorid) VALUES (370, 69);
INSERT INTO BOOKS_ADMIN."BookAuthors" (bookid, authorid) VALUES (371, 69);
INSERT INTO BOOKS_ADMIN."BookAuthors" (bookid, authorid) VALUES (372, 70);
INSERT INTO BOOKS_ADMIN."BookAuthors" (bookid, authorid) VALUES (373, 70);
INSERT INTO BOOKS_ADMIN."BookAuthors" (bookid, authorid) VALUES (374, 70);
INSERT INTO BOOKS_ADMIN."BookAuthors" (bookid, authorid) VALUES (375, 71);
INSERT INTO BOOKS_ADMIN."BookAuthors" (bookid, authorid) VALUES (376, 71);
INSERT INTO BOOKS_ADMIN."BookAuthors" (bookid, authorid) VALUES (377, 71);
INSERT INTO BOOKS_ADMIN."BookAuthors" (bookid, authorid) VALUES (378, 72);
INSERT INTO BOOKS_ADMIN."BookAuthors" (bookid, authorid) VALUES (379, 72);
INSERT INTO BOOKS_ADMIN."BookAuthors" (bookid, authorid) VALUES (380, 72);
INSERT INTO BOOKS_ADMIN."BookAuthors" (bookid, authorid) VALUES (381, 72);
INSERT INTO BOOKS_ADMIN."BookAuthors" (bookid, authorid) VALUES (382, 72);
INSERT INTO BOOKS_ADMIN."BookAuthors" (bookid, authorid) VALUES (383, 72);
INSERT INTO BOOKS_ADMIN."BookAuthors" (bookid, authorid) VALUES (384, 73);
INSERT INTO BOOKS_ADMIN."BookAuthors" (bookid, authorid) VALUES (385, 73);
INSERT INTO BOOKS_ADMIN."BookAuthors" (bookid, authorid) VALUES (386, 73);
INSERT INTO BOOKS_ADMIN."BookAuthors" (bookid, authorid) VALUES (387, 73);
INSERT INTO BOOKS_ADMIN."BookAuthors" (bookid, authorid) VALUES (388, 73);
INSERT INTO BOOKS_ADMIN."BookAuthors" (bookid, authorid) VALUES (389, 73);
INSERT INTO BOOKS_ADMIN."BookAuthors" (bookid, authorid) VALUES (390, 73);
INSERT INTO BOOKS_ADMIN."BookAuthors" (bookid, authorid) VALUES (391, 73);
INSERT INTO BOOKS_ADMIN."BookAuthors" (bookid, authorid) VALUES (392, 73);
INSERT INTO BOOKS_ADMIN."BookAuthors" (bookid, authorid) VALUES (393, 74);
INSERT INTO BOOKS_ADMIN."BookAuthors" (bookid, authorid) VALUES (394, 74);
INSERT INTO BOOKS_ADMIN."BookAuthors" (bookid, authorid) VALUES (395, 75);
INSERT INTO BOOKS_ADMIN."BookAuthors" (bookid, authorid) VALUES (396, 75);
INSERT INTO BOOKS_ADMIN."BookAuthors" (bookid, authorid) VALUES (397, 75);
INSERT INTO BOOKS_ADMIN."BookAuthors" (bookid, authorid) VALUES (398, 75);
INSERT INTO BOOKS_ADMIN."BookAuthors" (bookid, authorid) VALUES (399, 76);
INSERT INTO BOOKS_ADMIN."BookAuthors" (bookid, authorid) VALUES (400, 76);
INSERT INTO BOOKS_ADMIN."BookAuthors" (bookid, authorid) VALUES (401, 77);
INSERT INTO BOOKS_ADMIN."BookAuthors" (bookid, authorid) VALUES (402, 77);
INSERT INTO BOOKS_ADMIN."BookAuthors" (bookid, authorid) VALUES (403, 77);
INSERT INTO BOOKS_ADMIN."BookAuthors" (bookid, authorid) VALUES (404, 77);
INSERT INTO BOOKS_ADMIN."BookAuthors" (bookid, authorid) VALUES (405, 77);
INSERT INTO BOOKS_ADMIN."BookAuthors" (bookid, authorid) VALUES (406, 77);
INSERT INTO BOOKS_ADMIN."BookAuthors" (bookid, authorid) VALUES (407, 77);
INSERT INTO BOOKS_ADMIN."BookAuthors" (bookid, authorid) VALUES (408, 78);
INSERT INTO BOOKS_ADMIN."BookAuthors" (bookid, authorid) VALUES (409, 78);
INSERT INTO BOOKS_ADMIN."BookAuthors" (bookid, authorid) VALUES (410, 78);
INSERT INTO BOOKS_ADMIN."BookAuthors" (bookid, authorid) VALUES (411, 78);
INSERT INTO BOOKS_ADMIN."BookAuthors" (bookid, authorid) VALUES (412, 78);
INSERT INTO BOOKS_ADMIN."BookAuthors" (bookid, authorid) VALUES (413, 78);
INSERT INTO BOOKS_ADMIN."BookAuthors" (bookid, authorid) VALUES (414, 79);
INSERT INTO BOOKS_ADMIN."BookAuthors" (bookid, authorid) VALUES (415, 79);
INSERT INTO BOOKS_ADMIN."BookAuthors" (bookid, authorid) VALUES (416, 79);
INSERT INTO BOOKS_ADMIN."BookAuthors" (bookid, authorid) VALUES (417, 79);
INSERT INTO BOOKS_ADMIN."BookAuthors" (bookid, authorid) VALUES (418, 79);
INSERT INTO BOOKS_ADMIN."BookAuthors" (bookid, authorid) VALUES (419, 79);
INSERT INTO BOOKS_ADMIN."BookAuthors" (bookid, authorid) VALUES (420, 80);
INSERT INTO BOOKS_ADMIN."BookAuthors" (bookid, authorid) VALUES (421, 80);
INSERT INTO BOOKS_ADMIN."BookAuthors" (bookid, authorid) VALUES (422, 80);
INSERT INTO BOOKS_ADMIN."BookAuthors" (bookid, authorid) VALUES (423, 81);
INSERT INTO BOOKS_ADMIN."BookAuthors" (bookid, authorid) VALUES (424, 81);
INSERT INTO BOOKS_ADMIN."BookAuthors" (bookid, authorid) VALUES (425, 81);
INSERT INTO BOOKS_ADMIN."BookAuthors" (bookid, authorid) VALUES (426, 81);
INSERT INTO BOOKS_ADMIN."BookAuthors" (bookid, authorid) VALUES (427, 81);
INSERT INTO BOOKS_ADMIN."BookAuthors" (bookid, authorid) VALUES (428, 81);
INSERT INTO BOOKS_ADMIN."BookAuthors" (bookid, authorid) VALUES (429, 82);
INSERT INTO BOOKS_ADMIN."BookAuthors" (bookid, authorid) VALUES (430, 82);
INSERT INTO BOOKS_ADMIN."BookAuthors" (bookid, authorid) VALUES (431, 82);
INSERT INTO BOOKS_ADMIN."BookAuthors" (bookid, authorid) VALUES (432, 82);
INSERT INTO BOOKS_ADMIN."BookAuthors" (bookid, authorid) VALUES (433, 82);
INSERT INTO BOOKS_ADMIN."BookAuthors" (bookid, authorid) VALUES (434, 83);
INSERT INTO BOOKS_ADMIN."BookAuthors" (bookid, authorid) VALUES (435, 83);
INSERT INTO BOOKS_ADMIN."BookAuthors" (bookid, authorid) VALUES (436, 83);
INSERT INTO BOOKS_ADMIN."BookAuthors" (bookid, authorid) VALUES (437, 83);
INSERT INTO BOOKS_ADMIN."BookAuthors" (bookid, authorid) VALUES (438, 84);
INSERT INTO BOOKS_ADMIN."BookAuthors" (bookid, authorid) VALUES (439, 84);
INSERT INTO BOOKS_ADMIN."BookAuthors" (bookid, authorid) VALUES (440, 84);
INSERT INTO BOOKS_ADMIN."BookAuthors" (bookid, authorid) VALUES (441, 84);
INSERT INTO BOOKS_ADMIN."BookAuthors" (bookid, authorid) VALUES (442, 84);
INSERT INTO BOOKS_ADMIN."BookAuthors" (bookid, authorid) VALUES (443, 85);
INSERT INTO BOOKS_ADMIN."BookAuthors" (bookid, authorid) VALUES (444, 85);
INSERT INTO BOOKS_ADMIN."BookAuthors" (bookid, authorid) VALUES (445, 85);
INSERT INTO BOOKS_ADMIN."BookAuthors" (bookid, authorid) VALUES (446, 85);
INSERT INTO BOOKS_ADMIN."BookAuthors" (bookid, authorid) VALUES (447, 85);
INSERT INTO BOOKS_ADMIN."BookAuthors" (bookid, authorid) VALUES (448, 85);
INSERT INTO BOOKS_ADMIN."BookAuthors" (bookid, authorid) VALUES (449, 86);
INSERT INTO BOOKS_ADMIN."BookAuthors" (bookid, authorid) VALUES (450, 86);
INSERT INTO BOOKS_ADMIN."BookAuthors" (bookid, authorid) VALUES (451, 86);
INSERT INTO BOOKS_ADMIN."BookAuthors" (bookid, authorid) VALUES (452, 86);
INSERT INTO BOOKS_ADMIN."BookAuthors" (bookid, authorid) VALUES (453, 86);
INSERT INTO BOOKS_ADMIN."BookAuthors" (bookid, authorid) VALUES (454, 86);
INSERT INTO BOOKS_ADMIN."BookAuthors" (bookid, authorid) VALUES (455, 87);
INSERT INTO BOOKS_ADMIN."BookAuthors" (bookid, authorid) VALUES (456, 87);
INSERT INTO BOOKS_ADMIN."BookAuthors" (bookid, authorid) VALUES (457, 88);
INSERT INTO BOOKS_ADMIN."BookAuthors" (bookid, authorid) VALUES (458, 88);
INSERT INTO BOOKS_ADMIN."BookAuthors" (bookid, authorid) VALUES (459, 88);
INSERT INTO BOOKS_ADMIN."BookAuthors" (bookid, authorid) VALUES (460, 88);
INSERT INTO BOOKS_ADMIN."BookAuthors" (bookid, authorid) VALUES (461, 88);
INSERT INTO BOOKS_ADMIN."BookAuthors" (bookid, authorid) VALUES (462, 89);
INSERT INTO BOOKS_ADMIN."BookAuthors" (bookid, authorid) VALUES (463, 89);
INSERT INTO BOOKS_ADMIN."BookAuthors" (bookid, authorid) VALUES (464, 90);
INSERT INTO BOOKS_ADMIN."BookAuthors" (bookid, authorid) VALUES (465, 90);
INSERT INTO BOOKS_ADMIN."BookAuthors" (bookid, authorid) VALUES (466, 90);
INSERT INTO BOOKS_ADMIN."BookAuthors" (bookid, authorid) VALUES (467, 90);
INSERT INTO BOOKS_ADMIN."BookAuthors" (bookid, authorid) VALUES (468, 90);
INSERT INTO BOOKS_ADMIN."BookAuthors" (bookid, authorid) VALUES (469, 90);
INSERT INTO BOOKS_ADMIN."BookAuthors" (bookid, authorid) VALUES (470, 90);
INSERT INTO BOOKS_ADMIN."BookAuthors" (bookid, authorid) VALUES (471, 91);
INSERT INTO BOOKS_ADMIN."BookAuthors" (bookid, authorid) VALUES (472, 91);
INSERT INTO BOOKS_ADMIN."BookAuthors" (bookid, authorid) VALUES (473, 91);
INSERT INTO BOOKS_ADMIN."BookAuthors" (bookid, authorid) VALUES (474, 92);
INSERT INTO BOOKS_ADMIN."BookAuthors" (bookid, authorid) VALUES (475, 92);
INSERT INTO BOOKS_ADMIN."BookAuthors" (bookid, authorid) VALUES (476, 93);
INSERT INTO BOOKS_ADMIN."BookAuthors" (bookid, authorid) VALUES (477, 93);
INSERT INTO BOOKS_ADMIN."BookAuthors" (bookid, authorid) VALUES (478, 93);
INSERT INTO BOOKS_ADMIN."BookAuthors" (bookid, authorid) VALUES (479, 93);
INSERT INTO BOOKS_ADMIN."BookAuthors" (bookid, authorid) VALUES (480, 94);
INSERT INTO BOOKS_ADMIN."BookAuthors" (bookid, authorid) VALUES (481, 94);
INSERT INTO BOOKS_ADMIN."BookAuthors" (bookid, authorid) VALUES (482, 94);
INSERT INTO BOOKS_ADMIN."BookAuthors" (bookid, authorid) VALUES (483, 95);
INSERT INTO BOOKS_ADMIN."BookAuthors" (bookid, authorid) VALUES (484, 95);
INSERT INTO BOOKS_ADMIN."BookAuthors" (bookid, authorid) VALUES (485, 95);
INSERT INTO BOOKS_ADMIN."BookAuthors" (bookid, authorid) VALUES (486, 96);
INSERT INTO BOOKS_ADMIN."BookAuthors" (bookid, authorid) VALUES (487, 96);
INSERT INTO BOOKS_ADMIN."BookAuthors" (bookid, authorid) VALUES (488, 96);
INSERT INTO BOOKS_ADMIN."BookAuthors" (bookid, authorid) VALUES (489, 96);
INSERT INTO BOOKS_ADMIN."BookAuthors" (bookid, authorid) VALUES (490, 97);
INSERT INTO BOOKS_ADMIN."BookAuthors" (bookid, authorid) VALUES (491, 97);
INSERT INTO BOOKS_ADMIN."BookAuthors" (bookid, authorid) VALUES (492, 97);
INSERT INTO BOOKS_ADMIN."BookAuthors" (bookid, authorid) VALUES (493, 97);
INSERT INTO BOOKS_ADMIN."BookAuthors" (bookid, authorid) VALUES (494, 97);
INSERT INTO BOOKS_ADMIN."BookAuthors" (bookid, authorid) VALUES (495, 97);
INSERT INTO BOOKS_ADMIN."BookAuthors" (bookid, authorid) VALUES (496, 97);
INSERT INTO BOOKS_ADMIN."BookAuthors" (bookid, authorid) VALUES (497, 97);
INSERT INTO BOOKS_ADMIN."BookAuthors" (bookid, authorid) VALUES (498, 98);
INSERT INTO BOOKS_ADMIN."BookAuthors" (bookid, authorid) VALUES (499, 98);
INSERT INTO BOOKS_ADMIN."BookAuthors" (bookid, authorid) VALUES (500, 98);
INSERT INTO BOOKS_ADMIN."BookAuthors" (bookid, authorid) VALUES (501, 99);
INSERT INTO BOOKS_ADMIN."BookAuthors" (bookid, authorid) VALUES (502, 99);
INSERT INTO BOOKS_ADMIN."BookAuthors" (bookid, authorid) VALUES (503, 99);
INSERT INTO BOOKS_ADMIN."BookAuthors" (bookid, authorid) VALUES (504, 99);
INSERT INTO BOOKS_ADMIN."BookAuthors" (bookid, authorid) VALUES (505, 99);
INSERT INTO BOOKS_ADMIN."BookAuthors" (bookid, authorid) VALUES (506, 99);
INSERT INTO BOOKS_ADMIN."BookAuthors" (bookid, authorid) VALUES (507, 99);
INSERT INTO BOOKS_ADMIN."BookAuthors" (bookid, authorid) VALUES (508, 99);
INSERT INTO BOOKS_ADMIN."BookAuthors" (bookid, authorid) VALUES (509, 99);
INSERT INTO BOOKS_ADMIN."BookAuthors" (bookid, authorid) VALUES (510, 99);
INSERT INTO BOOKS_ADMIN."BookAuthors" (bookid, authorid) VALUES (511, 99);
INSERT INTO BOOKS_ADMIN."BookAuthors" (bookid, authorid) VALUES (512, 100);
INSERT INTO BOOKS_ADMIN."BookAuthors" (bookid, authorid) VALUES (513, 100);
INSERT INTO BOOKS_ADMIN."BookAuthors" (bookid, authorid) VALUES (514, 100);
INSERT INTO BOOKS_ADMIN."BookAuthors" (bookid, authorid) VALUES (515, 100);

INSERT INTO BOOKS_ADMIN."Client" (id, login, name) VALUES (1, 'Brynn', 'Adam Robinette');
INSERT INTO BOOKS_ADMIN."Client" (id, login, name) VALUES (2, 'Dick', 'Clifford Marotti');
INSERT INTO BOOKS_ADMIN."Client" (id, login, name) VALUES (3, 'Rodney', 'Derek Hanson');
INSERT INTO BOOKS_ADMIN."Client" (id, login, name) VALUES (4, 'Sam', 'Chanel Miller');
INSERT INTO BOOKS_ADMIN."Client" (id, login, name) VALUES (5, 'Rosemarie', 'Michael Jones');
INSERT INTO BOOKS_ADMIN."Client" (id, login, name) VALUES (6, 'Meagan', 'Florence Glassman');
INSERT INTO BOOKS_ADMIN."Client" (id, login, name) VALUES (7, 'Mallory', 'Clarice Hanes');
INSERT INTO BOOKS_ADMIN."Client" (id, login, name) VALUES (8, 'Miriam', 'James Haynes');
INSERT INTO BOOKS_ADMIN."Client" (id, login, name) VALUES (9, 'Paige', 'Brittany Nester');
INSERT INTO BOOKS_ADMIN."Client" (id, login, name) VALUES (10, 'Julie', 'Catherine Barnett');
INSERT INTO BOOKS_ADMIN."Client" (id, login, name) VALUES (11, 'Darian', 'Kevin Jellerson');
INSERT INTO BOOKS_ADMIN."Client" (id, login, name) VALUES (12, 'Bobbi', 'Jerome Brock');
INSERT INTO BOOKS_ADMIN."Client" (id, login, name) VALUES (13, 'Vernon', 'Donald Arredondo');
INSERT INTO BOOKS_ADMIN."Client" (id, login, name) VALUES (14, 'Lora', 'Etta Boyd');
INSERT INTO BOOKS_ADMIN."Client" (id, login, name) VALUES (15, 'Mckenzie', 'Christine Archer');
INSERT INTO BOOKS_ADMIN."Client" (id, login, name) VALUES (16, 'Randal', 'Marian Thomas');
INSERT INTO BOOKS_ADMIN."Client" (id, login, name) VALUES (17, 'GRANT', 'Frederick Worthen');
INSERT INTO BOOKS_ADMIN."Client" (id, login, name) VALUES (18, 'Kyra', 'Joseph Robinson');
INSERT INTO BOOKS_ADMIN."Client" (id, login, name) VALUES (19, 'Ethel', 'Jean Kelley');
INSERT INTO BOOKS_ADMIN."Client" (id, login, name) VALUES (20, 'Reginald', 'John Englert');
INSERT INTO BOOKS_ADMIN."Client" (id, login, name) VALUES (21, 'Damon', 'Joseph Ellender');
INSERT INTO BOOKS_ADMIN."Client" (id, login, name) VALUES (22, 'Rosemarie', 'Jo Townsend');
INSERT INTO BOOKS_ADMIN."Client" (id, login, name) VALUES (23, 'Leah', 'Shirley Mcgrath');
INSERT INTO BOOKS_ADMIN."Client" (id, login, name) VALUES (24, 'Aniya', 'William Crisp');
INSERT INTO BOOKS_ADMIN."Client" (id, login, name) VALUES (25, 'Honey', 'Angel Abbott');
INSERT INTO BOOKS_ADMIN."Client" (id, login, name) VALUES (26, 'Lauren', 'Priscilla Smith');
INSERT INTO BOOKS_ADMIN."Client" (id, login, name) VALUES (27, 'Ethan', 'Amy Gutierrez');
INSERT INTO BOOKS_ADMIN."Client" (id, login, name) VALUES (28, 'Janet', 'Bryan Walters');
INSERT INTO BOOKS_ADMIN."Client" (id, login, name) VALUES (29, 'Charlene', 'Alan Wiedenheft');
INSERT INTO BOOKS_ADMIN."Client" (id, login, name) VALUES (30, 'Lucille', 'Melvin Burton');
INSERT INTO BOOKS_ADMIN."Client" (id, login, name) VALUES (31, 'Dorian', 'Marshall Madison');
INSERT INTO BOOKS_ADMIN."Client" (id, login, name) VALUES (32, 'Pam', 'Adah Sotelo');
INSERT INTO BOOKS_ADMIN."Client" (id, login, name) VALUES (33, 'James', 'Mina Brueggeman');
INSERT INTO BOOKS_ADMIN."Client" (id, login, name) VALUES (34, 'Aoife', 'Paul Storey');
INSERT INTO BOOKS_ADMIN."Client" (id, login, name) VALUES (35, 'Fay', 'Carol Snow');
INSERT INTO BOOKS_ADMIN."Client" (id, login, name) VALUES (36, 'Charlie', 'Jody Leach');
INSERT INTO BOOKS_ADMIN."Client" (id, login, name) VALUES (37, 'Lorraine', 'MARK Oliver');
INSERT INTO BOOKS_ADMIN."Client" (id, login, name) VALUES (38, 'Lily', 'Stacy Dardon');
INSERT INTO BOOKS_ADMIN."Client" (id, login, name) VALUES (39, 'Avery', 'Timothy Schleck');
INSERT INTO BOOKS_ADMIN."Client" (id, login, name) VALUES (40, 'Cian', 'Evie Pirtle');
INSERT INTO BOOKS_ADMIN."Client" (id, login, name) VALUES (41, 'Marian', 'Billy Cates');
INSERT INTO BOOKS_ADMIN."Client" (id, login, name) VALUES (42, 'Claire', 'Helen Ballard');
INSERT INTO BOOKS_ADMIN."Client" (id, login, name) VALUES (43, 'Ethan', 'Edna Williams');
INSERT INTO BOOKS_ADMIN."Client" (id, login, name) VALUES (44, 'Kelvin', 'Julie Grady');
INSERT INTO BOOKS_ADMIN."Client" (id, login, name) VALUES (45, 'Candace', 'Steve Mcalister');
INSERT INTO BOOKS_ADMIN."Client" (id, login, name) VALUES (46, 'Chris', 'Vernon Davis');
INSERT INTO BOOKS_ADMIN."Client" (id, login, name) VALUES (47, 'Yestin', 'Dorothy Drake');
INSERT INTO BOOKS_ADMIN."Client" (id, login, name) VALUES (48, 'Frankie', 'Santiago Tom');
INSERT INTO BOOKS_ADMIN."Client" (id, login, name) VALUES (49, 'Mickey', 'Kristie Mcdonald');
INSERT INTO BOOKS_ADMIN."Client" (id, login, name) VALUES (50, 'Arlene', 'Bertha Mooring');

INSERT INTO BOOKS_ADMIN."Publisher" (id, name, city) VALUES (1, 'Wilson - Robbins', 'NEW Rossport');
INSERT INTO BOOKS_ADMIN."Publisher" (id, name, city) VALUES (2, 'Mcconnell, Brown AND Cordova', 'Mooreview');
INSERT INTO BOOKS_ADMIN."Publisher" (id, name, city) VALUES (3, 'Vaughn - Davis', 'Lyonsfurt');
INSERT INTO BOOKS_ADMIN."Publisher" (id, name, city) VALUES (4, 'Webb - Yu', 'West Elizabeth');
INSERT INTO BOOKS_ADMIN."Publisher" (id, name, city) VALUES (5, 'Garcia GROUP ', 'Garretthaven');
INSERT INTO BOOKS_ADMIN."Publisher" (id, name, city) VALUES (6, 'Espinoza, Foster AND Chang', 'West Mariah');
INSERT INTO BOOKS_ADMIN."Publisher" (id, name, city) VALUES (7, 'Cannon, Cook AND Banks', 'South David');
INSERT INTO BOOKS_ADMIN."Publisher" (id, name, city) VALUES (8, 'Mcclain - Aguilar', 'Taylorhaven');
INSERT INTO BOOKS_ADMIN."Publisher" (id, name, city) VALUES (9, 'Ball - Sexton', 'Lake Teresaville');
INSERT INTO BOOKS_ADMIN."Publisher" (id, name, city) VALUES (10, 'Harding, Walker AND Hughes', 'Lake Michaelville');
INSERT INTO BOOKS_ADMIN."Publisher" (id, name, city) VALUES (11, 'Hansen, Guerra AND Jones', 'Rosetown');
INSERT INTO BOOKS_ADMIN."Publisher" (id, name, city) VALUES (12, 'Hall AND Sons', 'Aguilarfurt');
INSERT INTO BOOKS_ADMIN."Publisher" (id, name, city) VALUES (13, 'Miles - Gonzalez', 'South Tammyberg');
INSERT INTO BOOKS_ADMIN."Publisher" (id, name, city) VALUES (14, 'LONG Ltd', 'Marystad');
INSERT INTO BOOKS_ADMIN."Publisher" (id, name, city) VALUES (15, 'Munoz Inc', 'West Jamesfurt');
INSERT INTO BOOKS_ADMIN."Publisher" (id, name, city) VALUES (16, 'Brady, Chavez AND Pratt', 'Gracemouth');
INSERT INTO BOOKS_ADMIN."Publisher" (id, name, city) VALUES (17, 'Adams, Houston AND Williams', 'NEW Alanland');
INSERT INTO BOOKS_ADMIN."Publisher" (id, name, city) VALUES (18, 'Maxwell, Collins AND Ray', 'Port Keith');
INSERT INTO BOOKS_ADMIN."Publisher" (id, name, city) VALUES (19, 'Baker, Banks AND Martin', 'Brownberg');
INSERT INTO BOOKS_ADMIN."Publisher" (id, name, city) VALUES (20, 'Lewis - Lewis', 'Wallacehaven');

INSERT INTO BOOKS_ADMIN."Order" (ID, CLIENTID, OPENEDDATE, CLOSEDDATE) VALUES (1, 25, TO_DATE('1999-02-11 00:00:00', 'YYYY-MM-DD HH24:MI:SS'), TO_DATE('2000-05-02 00:00:00', 'YYYY-MM-DD HH24:MI:SS'));
INSERT INTO BOOKS_ADMIN."Order" (ID, CLIENTID, OPENEDDATE, CLOSEDDATE) VALUES (2, 17, TO_DATE('2003-06-10 00:00:00', 'YYYY-MM-DD HH24:MI:SS'), TO_DATE('2005-01-26 00:00:00', 'YYYY-MM-DD HH24:MI:SS'));
INSERT INTO BOOKS_ADMIN."Order" (ID, CLIENTID, OPENEDDATE, CLOSEDDATE) VALUES (3, 24, TO_DATE('1993-01-16 00:00:00', 'YYYY-MM-DD HH24:MI:SS'), TO_DATE('2011-08-27 00:00:00', 'YYYY-MM-DD HH24:MI:SS'));
INSERT INTO BOOKS_ADMIN."Order" (ID, CLIENTID, OPENEDDATE, CLOSEDDATE) VALUES (4, 44, TO_DATE('2011-06-03 00:00:00', 'YYYY-MM-DD HH24:MI:SS'), TO_DATE('2015-01-30 00:00:00', 'YYYY-MM-DD HH24:MI:SS'));
INSERT INTO BOOKS_ADMIN."Order" (ID, CLIENTID, OPENEDDATE, CLOSEDDATE) VALUES (5, 34, TO_DATE('1999-09-30 00:00:00', 'YYYY-MM-DD HH24:MI:SS'), TO_DATE('2005-03-11 00:00:00', 'YYYY-MM-DD HH24:MI:SS'));
INSERT INTO BOOKS_ADMIN."Order" (ID, CLIENTID, OPENEDDATE, CLOSEDDATE) VALUES (6, 29, TO_DATE('2007-01-14 00:00:00', 'YYYY-MM-DD HH24:MI:SS'), TO_DATE('2016-02-19 00:00:00', 'YYYY-MM-DD HH24:MI:SS'));
INSERT INTO BOOKS_ADMIN."Order" (ID, CLIENTID, OPENEDDATE, CLOSEDDATE) VALUES (7, 40, TO_DATE('2007-05-28 00:00:00', 'YYYY-MM-DD HH24:MI:SS'), TO_DATE('2016-01-05 00:00:00', 'YYYY-MM-DD HH24:MI:SS'));
INSERT INTO BOOKS_ADMIN."Order" (ID, CLIENTID, OPENEDDATE, CLOSEDDATE) VALUES (8, 24, TO_DATE('2010-01-31 00:00:00', 'YYYY-MM-DD HH24:MI:SS'), TO_DATE('2016-07-20 00:00:00', 'YYYY-MM-DD HH24:MI:SS'));
INSERT INTO BOOKS_ADMIN."Order" (ID, CLIENTID, OPENEDDATE, CLOSEDDATE) VALUES (9, 12, TO_DATE('1961-07-01 00:00:00', 'YYYY-MM-DD HH24:MI:SS'), TO_DATE('1986-07-30 00:00:00', 'YYYY-MM-DD HH24:MI:SS'));
INSERT INTO BOOKS_ADMIN."Order" (ID, CLIENTID, OPENEDDATE, CLOSEDDATE) VALUES (10, 10, TO_DATE('2000-09-10 00:00:00', 'YYYY-MM-DD HH24:MI:SS'), TO_DATE('2016-03-17 00:00:00', 'YYYY-MM-DD HH24:MI:SS'));
INSERT INTO BOOKS_ADMIN."Order" (ID, CLIENTID, OPENEDDATE, CLOSEDDATE) VALUES (11, 43, TO_DATE('2002-07-09 00:00:00', 'YYYY-MM-DD HH24:MI:SS'), TO_DATE('2013-11-28 00:00:00', 'YYYY-MM-DD HH24:MI:SS'));
INSERT INTO BOOKS_ADMIN."Order" (ID, CLIENTID, OPENEDDATE, CLOSEDDATE) VALUES (12, 36, TO_DATE('2003-03-21 00:00:00', 'YYYY-MM-DD HH24:MI:SS'), TO_DATE('2010-04-09 00:00:00', 'YYYY-MM-DD HH24:MI:SS'));
INSERT INTO BOOKS_ADMIN."Order" (ID, CLIENTID, OPENEDDATE, CLOSEDDATE) VALUES (13, 9, TO_DATE('1965-07-29 00:00:00', 'YYYY-MM-DD HH24:MI:SS'), TO_DATE('2013-05-09 00:00:00', 'YYYY-MM-DD HH24:MI:SS'));
INSERT INTO BOOKS_ADMIN."Order" (ID, CLIENTID, OPENEDDATE, CLOSEDDATE) VALUES (14, 21, TO_DATE('2005-10-17 00:00:00', 'YYYY-MM-DD HH24:MI:SS'), TO_DATE('2011-01-22 00:00:00', 'YYYY-MM-DD HH24:MI:SS'));
INSERT INTO BOOKS_ADMIN."Order" (ID, CLIENTID, OPENEDDATE, CLOSEDDATE) VALUES (15, 33, TO_DATE('2003-02-21 00:00:00', 'YYYY-MM-DD HH24:MI:SS'), TO_DATE('2009-11-14 00:00:00', 'YYYY-MM-DD HH24:MI:SS'));
INSERT INTO BOOKS_ADMIN."Order" (ID, CLIENTID, OPENEDDATE, CLOSEDDATE) VALUES (16, 1, TO_DATE('2004-12-01 00:00:00', 'YYYY-MM-DD HH24:MI:SS'), TO_DATE('2008-06-08 00:00:00', 'YYYY-MM-DD HH24:MI:SS'));
INSERT INTO BOOKS_ADMIN."Order" (ID, CLIENTID, OPENEDDATE, CLOSEDDATE) VALUES (17, 46, TO_DATE('1991-04-15 00:00:00', 'YYYY-MM-DD HH24:MI:SS'), TO_DATE('2015-03-17 00:00:00', 'YYYY-MM-DD HH24:MI:SS'));
INSERT INTO BOOKS_ADMIN."Order" (ID, CLIENTID, OPENEDDATE, CLOSEDDATE) VALUES (18, 36, TO_DATE('1981-01-13 00:00:00', 'YYYY-MM-DD HH24:MI:SS'), TO_DATE('2006-02-26 00:00:00', 'YYYY-MM-DD HH24:MI:SS'));
INSERT INTO BOOKS_ADMIN."Order" (ID, CLIENTID, OPENEDDATE, CLOSEDDATE) VALUES (19, 39, TO_DATE('1975-12-21 00:00:00', 'YYYY-MM-DD HH24:MI:SS'), TO_DATE('2001-04-04 00:00:00', 'YYYY-MM-DD HH24:MI:SS'));
INSERT INTO BOOKS_ADMIN."Order" (ID, CLIENTID, OPENEDDATE, CLOSEDDATE) VALUES (20, 19, TO_DATE('2001-07-05 00:00:00', 'YYYY-MM-DD HH24:MI:SS'), TO_DATE('2002-06-23 00:00:00', 'YYYY-MM-DD HH24:MI:SS'));
INSERT INTO BOOKS_ADMIN."Order" (ID, CLIENTID, OPENEDDATE, CLOSEDDATE) VALUES (21, 12, TO_DATE('1983-08-10 00:00:00', 'YYYY-MM-DD HH24:MI:SS'), TO_DATE('1995-12-10 00:00:00', 'YYYY-MM-DD HH24:MI:SS'));
INSERT INTO BOOKS_ADMIN."Order" (ID, CLIENTID, OPENEDDATE, CLOSEDDATE) VALUES (22, 40, TO_DATE('1967-07-04 00:00:00', 'YYYY-MM-DD HH24:MI:SS'), TO_DATE('1995-09-19 00:00:00', 'YYYY-MM-DD HH24:MI:SS'));
INSERT INTO BOOKS_ADMIN."Order" (ID, CLIENTID, OPENEDDATE, CLOSEDDATE) VALUES (23, 24, TO_DATE('1984-09-18 00:00:00', 'YYYY-MM-DD HH24:MI:SS'), TO_DATE('1996-09-01 00:00:00', 'YYYY-MM-DD HH24:MI:SS'));
INSERT INTO BOOKS_ADMIN."Order" (ID, CLIENTID, OPENEDDATE, CLOSEDDATE) VALUES (24, 35, TO_DATE('1979-12-18 00:00:00', 'YYYY-MM-DD HH24:MI:SS'), TO_DATE('2000-11-07 00:00:00', 'YYYY-MM-DD HH24:MI:SS'));
INSERT INTO BOOKS_ADMIN."Order" (ID, CLIENTID, OPENEDDATE, CLOSEDDATE) VALUES (25, 14, TO_DATE('1991-10-21 00:00:00', 'YYYY-MM-DD HH24:MI:SS'), TO_DATE('2016-05-13 00:00:00', 'YYYY-MM-DD HH24:MI:SS'));
INSERT INTO BOOKS_ADMIN."Order" (ID, CLIENTID, OPENEDDATE, CLOSEDDATE) VALUES (26, 14, TO_DATE('1980-03-16 00:00:00', 'YYYY-MM-DD HH24:MI:SS'), TO_DATE('2010-07-27 00:00:00', 'YYYY-MM-DD HH24:MI:SS'));
INSERT INTO BOOKS_ADMIN."Order" (ID, CLIENTID, OPENEDDATE, CLOSEDDATE) VALUES (27, 7, TO_DATE('1968-05-08 00:00:00', 'YYYY-MM-DD HH24:MI:SS'), TO_DATE('2004-03-19 00:00:00', 'YYYY-MM-DD HH24:MI:SS'));
INSERT INTO BOOKS_ADMIN."Order" (ID, CLIENTID, OPENEDDATE, CLOSEDDATE) VALUES (28, 22, TO_DATE('2010-12-07 00:00:00', 'YYYY-MM-DD HH24:MI:SS'), TO_DATE('2010-12-24 00:00:00', 'YYYY-MM-DD HH24:MI:SS'));
INSERT INTO BOOKS_ADMIN."Order" (ID, CLIENTID, OPENEDDATE, CLOSEDDATE) VALUES (29, 35, TO_DATE('1983-06-04 00:00:00', 'YYYY-MM-DD HH24:MI:SS'), TO_DATE('2003-04-04 00:00:00', 'YYYY-MM-DD HH24:MI:SS'));
INSERT INTO BOOKS_ADMIN."Order" (ID, CLIENTID, OPENEDDATE, CLOSEDDATE) VALUES (30, 6, TO_DATE('1970-07-09 00:00:00', 'YYYY-MM-DD HH24:MI:SS'), TO_DATE('1988-01-01 00:00:00', 'YYYY-MM-DD HH24:MI:SS'));
INSERT INTO BOOKS_ADMIN."Order" (ID, CLIENTID, OPENEDDATE, CLOSEDDATE) VALUES (31, 48, TO_DATE('2008-02-02 00:00:00', 'YYYY-MM-DD HH24:MI:SS'), TO_DATE('2011-03-01 00:00:00', 'YYYY-MM-DD HH24:MI:SS'));
INSERT INTO BOOKS_ADMIN."Order" (ID, CLIENTID, OPENEDDATE, CLOSEDDATE) VALUES (32, 35, TO_DATE('1963-01-14 00:00:00', 'YYYY-MM-DD HH24:MI:SS'), TO_DATE('1970-12-04 00:00:00', 'YYYY-MM-DD HH24:MI:SS'));
INSERT INTO BOOKS_ADMIN."Order" (ID, CLIENTID, OPENEDDATE, CLOSEDDATE) VALUES (33, 13, TO_DATE('1991-10-21 00:00:00', 'YYYY-MM-DD HH24:MI:SS'), TO_DATE('2015-09-07 00:00:00', 'YYYY-MM-DD HH24:MI:SS'));
INSERT INTO BOOKS_ADMIN."Order" (ID, CLIENTID, OPENEDDATE, CLOSEDDATE) VALUES (34, 27, TO_DATE('1998-11-17 00:00:00', 'YYYY-MM-DD HH24:MI:SS'), TO_DATE('2004-02-09 00:00:00', 'YYYY-MM-DD HH24:MI:SS'));
INSERT INTO BOOKS_ADMIN."Order" (ID, CLIENTID, OPENEDDATE, CLOSEDDATE) VALUES (35, 13, TO_DATE('2008-01-01 00:00:00', 'YYYY-MM-DD HH24:MI:SS'), TO_DATE('2014-11-16 00:00:00', 'YYYY-MM-DD HH24:MI:SS'));
INSERT INTO BOOKS_ADMIN."Order" (ID, CLIENTID, OPENEDDATE, CLOSEDDATE) VALUES (36, 36, TO_DATE('1989-11-24 00:00:00', 'YYYY-MM-DD HH24:MI:SS'), TO_DATE('2016-05-21 00:00:00', 'YYYY-MM-DD HH24:MI:SS'));
INSERT INTO BOOKS_ADMIN."Order" (ID, CLIENTID, OPENEDDATE, CLOSEDDATE) VALUES (37, 16, TO_DATE('1996-09-01 00:00:00', 'YYYY-MM-DD HH24:MI:SS'), TO_DATE('2015-01-16 00:00:00', 'YYYY-MM-DD HH24:MI:SS'));
INSERT INTO BOOKS_ADMIN."Order" (ID, CLIENTID, OPENEDDATE, CLOSEDDATE) VALUES (38, 37, TO_DATE('1976-06-16 00:00:00', 'YYYY-MM-DD HH24:MI:SS'), TO_DATE('1994-03-24 00:00:00', 'YYYY-MM-DD HH24:MI:SS'));
INSERT INTO BOOKS_ADMIN."Order" (ID, CLIENTID, OPENEDDATE, CLOSEDDATE) VALUES (39, 6, TO_DATE('2005-05-16 00:00:00', 'YYYY-MM-DD HH24:MI:SS'), TO_DATE('2009-08-06 00:00:00', 'YYYY-MM-DD HH24:MI:SS'));
INSERT INTO BOOKS_ADMIN."Order" (ID, CLIENTID, OPENEDDATE, CLOSEDDATE) VALUES (40, 32, TO_DATE('2014-10-13 00:00:00', 'YYYY-MM-DD HH24:MI:SS'), TO_DATE('2016-10-03 00:00:00', 'YYYY-MM-DD HH24:MI:SS'));
INSERT INTO BOOKS_ADMIN."Order" (ID, CLIENTID, OPENEDDATE, CLOSEDDATE) VALUES (41, 23, TO_DATE('1971-08-03 00:00:00', 'YYYY-MM-DD HH24:MI:SS'), TO_DATE('1978-11-14 00:00:00', 'YYYY-MM-DD HH24:MI:SS'));
INSERT INTO BOOKS_ADMIN."Order" (ID, CLIENTID, OPENEDDATE, CLOSEDDATE) VALUES (42, 16, TO_DATE('1968-01-21 00:00:00', 'YYYY-MM-DD HH24:MI:SS'), TO_DATE('1991-04-01 00:00:00', 'YYYY-MM-DD HH24:MI:SS'));
INSERT INTO BOOKS_ADMIN."Order" (ID, CLIENTID, OPENEDDATE, CLOSEDDATE) VALUES (43, 5, TO_DATE('1985-05-01 00:00:00', 'YYYY-MM-DD HH24:MI:SS'), TO_DATE('1995-12-04 00:00:00', 'YYYY-MM-DD HH24:MI:SS'));
INSERT INTO BOOKS_ADMIN."Order" (ID, CLIENTID, OPENEDDATE, CLOSEDDATE) VALUES (44, 38, TO_DATE('1967-07-07 00:00:00', 'YYYY-MM-DD HH24:MI:SS'), TO_DATE('2013-09-06 00:00:00', 'YYYY-MM-DD HH24:MI:SS'));
INSERT INTO BOOKS_ADMIN."Order" (ID, CLIENTID, OPENEDDATE, CLOSEDDATE) VALUES (45, 3, TO_DATE('2011-02-23 00:00:00', 'YYYY-MM-DD HH24:MI:SS'), TO_DATE('2015-09-24 00:00:00', 'YYYY-MM-DD HH24:MI:SS'));
INSERT INTO BOOKS_ADMIN."Order" (ID, CLIENTID, OPENEDDATE, CLOSEDDATE) VALUES (46, 15, TO_DATE('2010-01-20 00:00:00', 'YYYY-MM-DD HH24:MI:SS'), TO_DATE('2010-06-10 00:00:00', 'YYYY-MM-DD HH24:MI:SS'));
INSERT INTO BOOKS_ADMIN."Order" (ID, CLIENTID, OPENEDDATE, CLOSEDDATE) VALUES (47, 33, TO_DATE('1998-03-25 00:00:00', 'YYYY-MM-DD HH24:MI:SS'), TO_DATE('2008-01-08 00:00:00', 'YYYY-MM-DD HH24:MI:SS'));
INSERT INTO BOOKS_ADMIN."Order" (ID, CLIENTID, OPENEDDATE, CLOSEDDATE) VALUES (48, 3, TO_DATE('2013-11-08 00:00:00', 'YYYY-MM-DD HH24:MI:SS'), TO_DATE('2013-12-23 00:00:00', 'YYYY-MM-DD HH24:MI:SS'));
INSERT INTO BOOKS_ADMIN."Order" (ID, CLIENTID, OPENEDDATE, CLOSEDDATE) VALUES (49, 28, TO_DATE('1961-12-04 00:00:00', 'YYYY-MM-DD HH24:MI:SS'), TO_DATE('1974-04-03 00:00:00', 'YYYY-MM-DD HH24:MI:SS'));
INSERT INTO BOOKS_ADMIN."Order" (ID, CLIENTID, OPENEDDATE, CLOSEDDATE) VALUES (50, 34, TO_DATE('1971-07-17 00:00:00', 'YYYY-MM-DD HH24:MI:SS'), TO_DATE('1999-07-25 00:00:00', 'YYYY-MM-DD HH24:MI:SS'));
INSERT INTO BOOKS_ADMIN."Order" (ID, CLIENTID, OPENEDDATE, CLOSEDDATE) VALUES (51, 11, TO_DATE('1984-07-12 00:00:00', 'YYYY-MM-DD HH24:MI:SS'), TO_DATE('1990-01-19 00:00:00', 'YYYY-MM-DD HH24:MI:SS'));
INSERT INTO BOOKS_ADMIN."Order" (ID, CLIENTID, OPENEDDATE, CLOSEDDATE) VALUES (52, 26, TO_DATE('1974-10-14 00:00:00', 'YYYY-MM-DD HH24:MI:SS'), TO_DATE('1998-10-04 00:00:00', 'YYYY-MM-DD HH24:MI:SS'));
INSERT INTO BOOKS_ADMIN."Order" (ID, CLIENTID, OPENEDDATE, CLOSEDDATE) VALUES (53, 33, TO_DATE('1992-11-24 00:00:00', 'YYYY-MM-DD HH24:MI:SS'), TO_DATE('2010-08-13 00:00:00', 'YYYY-MM-DD HH24:MI:SS'));
INSERT INTO BOOKS_ADMIN."Order" (ID, CLIENTID, OPENEDDATE, CLOSEDDATE) VALUES (54, 9, TO_DATE('1965-12-21 00:00:00', 'YYYY-MM-DD HH24:MI:SS'), TO_DATE('1972-03-08 00:00:00', 'YYYY-MM-DD HH24:MI:SS'));
INSERT INTO BOOKS_ADMIN."Order" (ID, CLIENTID, OPENEDDATE, CLOSEDDATE) VALUES (55, 29, TO_DATE('1961-01-03 00:00:00', 'YYYY-MM-DD HH24:MI:SS'), TO_DATE('1993-05-25 00:00:00', 'YYYY-MM-DD HH24:MI:SS'));
INSERT INTO BOOKS_ADMIN."Order" (ID, CLIENTID, OPENEDDATE, CLOSEDDATE) VALUES (56, 46, TO_DATE('2013-05-05 00:00:00', 'YYYY-MM-DD HH24:MI:SS'), TO_DATE('2014-06-29 00:00:00', 'YYYY-MM-DD HH24:MI:SS'));
INSERT INTO BOOKS_ADMIN."Order" (ID, CLIENTID, OPENEDDATE, CLOSEDDATE) VALUES (57, 38, TO_DATE('1997-02-21 00:00:00', 'YYYY-MM-DD HH24:MI:SS'), TO_DATE('2000-12-27 00:00:00', 'YYYY-MM-DD HH24:MI:SS'));
INSERT INTO BOOKS_ADMIN."Order" (ID, CLIENTID, OPENEDDATE, CLOSEDDATE) VALUES (58, 2, TO_DATE('2004-03-10 00:00:00', 'YYYY-MM-DD HH24:MI:SS'), TO_DATE('2005-03-31 00:00:00', 'YYYY-MM-DD HH24:MI:SS'));
INSERT INTO BOOKS_ADMIN."Order" (ID, CLIENTID, OPENEDDATE, CLOSEDDATE) VALUES (59, 20, TO_DATE('1977-06-02 00:00:00', 'YYYY-MM-DD HH24:MI:SS'), TO_DATE('1994-10-09 00:00:00', 'YYYY-MM-DD HH24:MI:SS'));
INSERT INTO BOOKS_ADMIN."Order" (ID, CLIENTID, OPENEDDATE, CLOSEDDATE) VALUES (60, 27, TO_DATE('2012-02-19 00:00:00', 'YYYY-MM-DD HH24:MI:SS'), TO_DATE('2015-10-02 00:00:00', 'YYYY-MM-DD HH24:MI:SS'));
INSERT INTO BOOKS_ADMIN."Order" (ID, CLIENTID, OPENEDDATE, CLOSEDDATE) VALUES (61, 39, TO_DATE('1970-06-01 00:00:00', 'YYYY-MM-DD HH24:MI:SS'), TO_DATE('1976-08-19 00:00:00', 'YYYY-MM-DD HH24:MI:SS'));
INSERT INTO BOOKS_ADMIN."Order" (ID, CLIENTID, OPENEDDATE, CLOSEDDATE) VALUES (62, 22, TO_DATE('1997-03-04 00:00:00', 'YYYY-MM-DD HH24:MI:SS'), TO_DATE('2013-09-24 00:00:00', 'YYYY-MM-DD HH24:MI:SS'));
INSERT INTO BOOKS_ADMIN."Order" (ID, CLIENTID, OPENEDDATE, CLOSEDDATE) VALUES (63, 15, TO_DATE('1995-10-10 00:00:00', 'YYYY-MM-DD HH24:MI:SS'), TO_DATE('1997-06-19 00:00:00', 'YYYY-MM-DD HH24:MI:SS'));
INSERT INTO BOOKS_ADMIN."Order" (ID, CLIENTID, OPENEDDATE, CLOSEDDATE) VALUES (64, 42, TO_DATE('1963-09-17 00:00:00', 'YYYY-MM-DD HH24:MI:SS'), TO_DATE('1964-06-07 00:00:00', 'YYYY-MM-DD HH24:MI:SS'));
INSERT INTO BOOKS_ADMIN."Order" (ID, CLIENTID, OPENEDDATE, CLOSEDDATE) VALUES (65, 21, TO_DATE('1993-10-03 00:00:00', 'YYYY-MM-DD HH24:MI:SS'), TO_DATE('2016-07-28 00:00:00', 'YYYY-MM-DD HH24:MI:SS'));
INSERT INTO BOOKS_ADMIN."Order" (ID, CLIENTID, OPENEDDATE, CLOSEDDATE) VALUES (66, 33, TO_DATE('2013-04-17 00:00:00', 'YYYY-MM-DD HH24:MI:SS'), TO_DATE('2014-10-21 00:00:00', 'YYYY-MM-DD HH24:MI:SS'));
INSERT INTO BOOKS_ADMIN."Order" (ID, CLIENTID, OPENEDDATE, CLOSEDDATE) VALUES (67, 15, TO_DATE('1996-06-30 00:00:00', 'YYYY-MM-DD HH24:MI:SS'), TO_DATE('1996-08-14 00:00:00', 'YYYY-MM-DD HH24:MI:SS'));
INSERT INTO BOOKS_ADMIN."Order" (ID, CLIENTID, OPENEDDATE, CLOSEDDATE) VALUES (68, 41, TO_DATE('1971-12-13 00:00:00', 'YYYY-MM-DD HH24:MI:SS'), TO_DATE('2005-01-25 00:00:00', 'YYYY-MM-DD HH24:MI:SS'));
INSERT INTO BOOKS_ADMIN."Order" (ID, CLIENTID, OPENEDDATE, CLOSEDDATE) VALUES (69, 19, TO_DATE('1975-07-24 00:00:00', 'YYYY-MM-DD HH24:MI:SS'), TO_DATE('1982-04-24 00:00:00', 'YYYY-MM-DD HH24:MI:SS'));
INSERT INTO BOOKS_ADMIN."Order" (ID, CLIENTID, OPENEDDATE, CLOSEDDATE) VALUES (70, 42, TO_DATE('1995-09-25 00:00:00', 'YYYY-MM-DD HH24:MI:SS'), TO_DATE('2006-02-02 00:00:00', 'YYYY-MM-DD HH24:MI:SS'));
INSERT INTO BOOKS_ADMIN."Order" (ID, CLIENTID, OPENEDDATE, CLOSEDDATE) VALUES (71, 8, TO_DATE('1966-06-06 00:00:00', 'YYYY-MM-DD HH24:MI:SS'), TO_DATE('1978-04-06 00:00:00', 'YYYY-MM-DD HH24:MI:SS'));
INSERT INTO BOOKS_ADMIN."Order" (ID, CLIENTID, OPENEDDATE, CLOSEDDATE) VALUES (72, 44, TO_DATE('1996-03-03 00:00:00', 'YYYY-MM-DD HH24:MI:SS'), TO_DATE('1999-03-01 00:00:00', 'YYYY-MM-DD HH24:MI:SS'));
INSERT INTO BOOKS_ADMIN."Order" (ID, CLIENTID, OPENEDDATE, CLOSEDDATE) VALUES (73, 1, TO_DATE('1984-09-18 00:00:00', 'YYYY-MM-DD HH24:MI:SS'), TO_DATE('2002-02-21 00:00:00', 'YYYY-MM-DD HH24:MI:SS'));
INSERT INTO BOOKS_ADMIN."Order" (ID, CLIENTID, OPENEDDATE, CLOSEDDATE) VALUES (74, 2, TO_DATE('1974-09-22 00:00:00', 'YYYY-MM-DD HH24:MI:SS'), TO_DATE('1985-08-02 00:00:00', 'YYYY-MM-DD HH24:MI:SS'));
INSERT INTO BOOKS_ADMIN."Order" (ID, CLIENTID, OPENEDDATE, CLOSEDDATE) VALUES (75, 50, TO_DATE('1976-07-05 00:00:00', 'YYYY-MM-DD HH24:MI:SS'), TO_DATE('1979-07-15 00:00:00', 'YYYY-MM-DD HH24:MI:SS'));
INSERT INTO BOOKS_ADMIN."Order" (ID, CLIENTID, OPENEDDATE, CLOSEDDATE) VALUES (76, 43, TO_DATE('1978-07-17 00:00:00', 'YYYY-MM-DD HH24:MI:SS'), TO_DATE('2004-08-21 00:00:00', 'YYYY-MM-DD HH24:MI:SS'));
INSERT INTO BOOKS_ADMIN."Order" (ID, CLIENTID, OPENEDDATE, CLOSEDDATE) VALUES (77, 8, TO_DATE('1973-09-30 00:00:00', 'YYYY-MM-DD HH24:MI:SS'), TO_DATE('1989-06-27 00:00:00', 'YYYY-MM-DD HH24:MI:SS'));
INSERT INTO BOOKS_ADMIN."Order" (ID, CLIENTID, OPENEDDATE, CLOSEDDATE) VALUES (78, 16, TO_DATE('1970-08-16 00:00:00', 'YYYY-MM-DD HH24:MI:SS'), TO_DATE('2013-05-22 00:00:00', 'YYYY-MM-DD HH24:MI:SS'));
INSERT INTO BOOKS_ADMIN."Order" (ID, CLIENTID, OPENEDDATE, CLOSEDDATE) VALUES (79, 9, TO_DATE('1965-07-07 00:00:00', 'YYYY-MM-DD HH24:MI:SS'), TO_DATE('2009-11-29 00:00:00', 'YYYY-MM-DD HH24:MI:SS'));
INSERT INTO BOOKS_ADMIN."Order" (ID, CLIENTID, OPENEDDATE, CLOSEDDATE) VALUES (80, 30, TO_DATE('2003-12-05 00:00:00', 'YYYY-MM-DD HH24:MI:SS'), TO_DATE('2003-12-25 00:00:00', 'YYYY-MM-DD HH24:MI:SS'));
INSERT INTO BOOKS_ADMIN."Order" (ID, CLIENTID, OPENEDDATE, CLOSEDDATE) VALUES (81, 18, TO_DATE('2005-08-17 00:00:00', 'YYYY-MM-DD HH24:MI:SS'), TO_DATE('2008-06-13 00:00:00', 'YYYY-MM-DD HH24:MI:SS'));
INSERT INTO BOOKS_ADMIN."Order" (ID, CLIENTID, OPENEDDATE, CLOSEDDATE) VALUES (82, 6, TO_DATE('1984-02-27 00:00:00', 'YYYY-MM-DD HH24:MI:SS'), TO_DATE('2016-11-25 00:00:00', 'YYYY-MM-DD HH24:MI:SS'));
INSERT INTO BOOKS_ADMIN."Order" (ID, CLIENTID, OPENEDDATE, CLOSEDDATE) VALUES (83, 40, TO_DATE('1976-01-16 00:00:00', 'YYYY-MM-DD HH24:MI:SS'), TO_DATE('1978-02-08 00:00:00', 'YYYY-MM-DD HH24:MI:SS'));
INSERT INTO BOOKS_ADMIN."Order" (ID, CLIENTID, OPENEDDATE, CLOSEDDATE) VALUES (84, 17, TO_DATE('1989-07-19 00:00:00', 'YYYY-MM-DD HH24:MI:SS'), TO_DATE('2013-07-03 00:00:00', 'YYYY-MM-DD HH24:MI:SS'));
INSERT INTO BOOKS_ADMIN."Order" (ID, CLIENTID, OPENEDDATE, CLOSEDDATE) VALUES (85, 49, TO_DATE('1969-11-11 00:00:00', 'YYYY-MM-DD HH24:MI:SS'), TO_DATE('2000-02-29 00:00:00', 'YYYY-MM-DD HH24:MI:SS'));
INSERT INTO BOOKS_ADMIN."Order" (ID, CLIENTID, OPENEDDATE, CLOSEDDATE) VALUES (86, 19, TO_DATE('2003-07-23 00:00:00', 'YYYY-MM-DD HH24:MI:SS'), TO_DATE('2011-07-11 00:00:00', 'YYYY-MM-DD HH24:MI:SS'));
INSERT INTO BOOKS_ADMIN."Order" (ID, CLIENTID, OPENEDDATE, CLOSEDDATE) VALUES (87, 30, TO_DATE('1960-10-04 00:00:00', 'YYYY-MM-DD HH24:MI:SS'), TO_DATE('1968-01-14 00:00:00', 'YYYY-MM-DD HH24:MI:SS'));
INSERT INTO BOOKS_ADMIN."Order" (ID, CLIENTID, OPENEDDATE, CLOSEDDATE) VALUES (88, 47, TO_DATE('1974-03-31 00:00:00', 'YYYY-MM-DD HH24:MI:SS'), TO_DATE('1981-01-16 00:00:00', 'YYYY-MM-DD HH24:MI:SS'));
INSERT INTO BOOKS_ADMIN."Order" (ID, CLIENTID, OPENEDDATE, CLOSEDDATE) VALUES (89, 35, TO_DATE('2002-02-25 00:00:00', 'YYYY-MM-DD HH24:MI:SS'), TO_DATE('2011-03-16 00:00:00', 'YYYY-MM-DD HH24:MI:SS'));
INSERT INTO BOOKS_ADMIN."Order" (ID, CLIENTID, OPENEDDATE, CLOSEDDATE) VALUES (90, 32, TO_DATE('1964-06-25 00:00:00', 'YYYY-MM-DD HH24:MI:SS'), TO_DATE('1967-02-16 00:00:00', 'YYYY-MM-DD HH24:MI:SS'));
INSERT INTO BOOKS_ADMIN."Order" (ID, CLIENTID, OPENEDDATE, CLOSEDDATE) VALUES (91, 20, TO_DATE('1965-05-07 00:00:00', 'YYYY-MM-DD HH24:MI:SS'), TO_DATE('2015-02-17 00:00:00', 'YYYY-MM-DD HH24:MI:SS'));
INSERT INTO BOOKS_ADMIN."Order" (ID, CLIENTID, OPENEDDATE, CLOSEDDATE) VALUES (92, 27, TO_DATE('1965-10-29 00:00:00', 'YYYY-MM-DD HH24:MI:SS'), TO_DATE('1983-10-24 00:00:00', 'YYYY-MM-DD HH24:MI:SS'));
INSERT INTO BOOKS_ADMIN."Order" (ID, CLIENTID, OPENEDDATE, CLOSEDDATE) VALUES (93, 34, TO_DATE('2013-03-27 00:00:00', 'YYYY-MM-DD HH24:MI:SS'), TO_DATE('2015-08-08 00:00:00', 'YYYY-MM-DD HH24:MI:SS'));
INSERT INTO BOOKS_ADMIN."Order" (ID, CLIENTID, OPENEDDATE, CLOSEDDATE) VALUES (94, 26, TO_DATE('1979-03-19 00:00:00', 'YYYY-MM-DD HH24:MI:SS'), TO_DATE('2016-04-18 00:00:00', 'YYYY-MM-DD HH24:MI:SS'));
INSERT INTO BOOKS_ADMIN."Order" (ID, CLIENTID, OPENEDDATE, CLOSEDDATE) VALUES (95, 24, TO_DATE('1973-02-26 00:00:00', 'YYYY-MM-DD HH24:MI:SS'), TO_DATE('1978-01-30 00:00:00', 'YYYY-MM-DD HH24:MI:SS'));
INSERT INTO BOOKS_ADMIN."Order" (ID, CLIENTID, OPENEDDATE, CLOSEDDATE) VALUES (96, 6, TO_DATE('2008-05-29 00:00:00', 'YYYY-MM-DD HH24:MI:SS'), TO_DATE('2013-04-08 00:00:00', 'YYYY-MM-DD HH24:MI:SS'));
INSERT INTO BOOKS_ADMIN."Order" (ID, CLIENTID, OPENEDDATE, CLOSEDDATE) VALUES (97, 24, TO_DATE('1983-05-21 00:00:00', 'YYYY-MM-DD HH24:MI:SS'), TO_DATE('2016-03-06 00:00:00', 'YYYY-MM-DD HH24:MI:SS'));
INSERT INTO BOOKS_ADMIN."Order" (ID, CLIENTID, OPENEDDATE, CLOSEDDATE) VALUES (98, 31, TO_DATE('2010-12-09 00:00:00', 'YYYY-MM-DD HH24:MI:SS'), TO_DATE('2016-06-14 00:00:00', 'YYYY-MM-DD HH24:MI:SS'));
INSERT INTO BOOKS_ADMIN."Order" (ID, CLIENTID, OPENEDDATE, CLOSEDDATE) VALUES (99, 40, TO_DATE('1971-07-25 00:00:00', 'YYYY-MM-DD HH24:MI:SS'), TO_DATE('2013-01-11 00:00:00', 'YYYY-MM-DD HH24:MI:SS'));
INSERT INTO BOOKS_ADMIN."Order" (ID, CLIENTID, OPENEDDATE, CLOSEDDATE) VALUES (100, 39, TO_DATE('1981-02-20 00:00:00', 'YYYY-MM-DD HH24:MI:SS'), TO_DATE('1986-11-30 00:00:00', 'YYYY-MM-DD HH24:MI:SS'));
INSERT INTO BOOKS_ADMIN."Order" (ID, CLIENTID, OPENEDDATE, CLOSEDDATE) VALUES (101, 11, TO_DATE('1996-03-09 00:00:00', 'YYYY-MM-DD HH24:MI:SS'), TO_DATE('2003-08-28 00:00:00', 'YYYY-MM-DD HH24:MI:SS'));
INSERT INTO BOOKS_ADMIN."Order" (ID, CLIENTID, OPENEDDATE, CLOSEDDATE) VALUES (102, 47, TO_DATE('1987-09-04 00:00:00', 'YYYY-MM-DD HH24:MI:SS'), TO_DATE('1997-11-01 00:00:00', 'YYYY-MM-DD HH24:MI:SS'));
INSERT INTO BOOKS_ADMIN."Order" (ID, CLIENTID, OPENEDDATE, CLOSEDDATE) VALUES (103, 7, TO_DATE('2013-07-12 00:00:00', 'YYYY-MM-DD HH24:MI:SS'), TO_DATE('2013-08-19 00:00:00', 'YYYY-MM-DD HH24:MI:SS'));
INSERT INTO BOOKS_ADMIN."Order" (ID, CLIENTID, OPENEDDATE, CLOSEDDATE) VALUES (104, 13, TO_DATE('2013-04-13 00:00:00', 'YYYY-MM-DD HH24:MI:SS'), TO_DATE('2016-11-07 00:00:00', 'YYYY-MM-DD HH24:MI:SS'));
INSERT INTO BOOKS_ADMIN."Order" (ID, CLIENTID, OPENEDDATE, CLOSEDDATE) VALUES (105, 37, TO_DATE('1972-02-19 00:00:00', 'YYYY-MM-DD HH24:MI:SS'), TO_DATE('1976-04-09 00:00:00', 'YYYY-MM-DD HH24:MI:SS'));
INSERT INTO BOOKS_ADMIN."Order" (ID, CLIENTID, OPENEDDATE, CLOSEDDATE) VALUES (106, 5, TO_DATE('2005-08-23 00:00:00', 'YYYY-MM-DD HH24:MI:SS'), TO_DATE('2010-03-04 00:00:00', 'YYYY-MM-DD HH24:MI:SS'));
INSERT INTO BOOKS_ADMIN."Order" (ID, CLIENTID, OPENEDDATE, CLOSEDDATE) VALUES (107, 42, TO_DATE('2005-03-23 00:00:00', 'YYYY-MM-DD HH24:MI:SS'), TO_DATE('2008-12-28 00:00:00', 'YYYY-MM-DD HH24:MI:SS'));
INSERT INTO BOOKS_ADMIN."Order" (ID, CLIENTID, OPENEDDATE, CLOSEDDATE) VALUES (108, 20, TO_DATE('1995-08-18 00:00:00', 'YYYY-MM-DD HH24:MI:SS'), TO_DATE('1995-12-14 00:00:00', 'YYYY-MM-DD HH24:MI:SS'));
INSERT INTO BOOKS_ADMIN."Order" (ID, CLIENTID, OPENEDDATE, CLOSEDDATE) VALUES (109, 39, TO_DATE('1960-08-24 00:00:00', 'YYYY-MM-DD HH24:MI:SS'), TO_DATE('1993-08-17 00:00:00', 'YYYY-MM-DD HH24:MI:SS'));
INSERT INTO BOOKS_ADMIN."Order" (ID, CLIENTID, OPENEDDATE, CLOSEDDATE) VALUES (110, 28, TO_DATE('1975-10-20 00:00:00', 'YYYY-MM-DD HH24:MI:SS'), TO_DATE('1999-09-12 00:00:00', 'YYYY-MM-DD HH24:MI:SS'));
INSERT INTO BOOKS_ADMIN."Order" (ID, CLIENTID, OPENEDDATE, CLOSEDDATE) VALUES (111, 7, TO_DATE('1998-02-21 00:00:00', 'YYYY-MM-DD HH24:MI:SS'), TO_DATE('2001-07-28 00:00:00', 'YYYY-MM-DD HH24:MI:SS'));
INSERT INTO BOOKS_ADMIN."Order" (ID, CLIENTID, OPENEDDATE, CLOSEDDATE) VALUES (112, 7, TO_DATE('2016-03-23 00:00:00', 'YYYY-MM-DD HH24:MI:SS'), TO_DATE('2016-08-21 00:00:00', 'YYYY-MM-DD HH24:MI:SS'));
INSERT INTO BOOKS_ADMIN."Order" (ID, CLIENTID, OPENEDDATE, CLOSEDDATE) VALUES (113, 16, TO_DATE('2010-10-30 00:00:00', 'YYYY-MM-DD HH24:MI:SS'), TO_DATE('2016-10-29 00:00:00', 'YYYY-MM-DD HH24:MI:SS'));
INSERT INTO BOOKS_ADMIN."Order" (ID, CLIENTID, OPENEDDATE, CLOSEDDATE) VALUES (114, 25, TO_DATE('2016-02-08 00:00:00', 'YYYY-MM-DD HH24:MI:SS'), TO_DATE('2016-09-12 00:00:00', 'YYYY-MM-DD HH24:MI:SS'));
INSERT INTO BOOKS_ADMIN."Order" (ID, CLIENTID, OPENEDDATE, CLOSEDDATE) VALUES (115, 25, TO_DATE('2006-06-30 00:00:00', 'YYYY-MM-DD HH24:MI:SS'), TO_DATE('2012-08-20 00:00:00', 'YYYY-MM-DD HH24:MI:SS'));
INSERT INTO BOOKS_ADMIN."Order" (ID, CLIENTID, OPENEDDATE, CLOSEDDATE) VALUES (116, 28, TO_DATE('2004-08-08 00:00:00', 'YYYY-MM-DD HH24:MI:SS'), TO_DATE('2006-02-04 00:00:00', 'YYYY-MM-DD HH24:MI:SS'));
INSERT INTO BOOKS_ADMIN."Order" (ID, CLIENTID, OPENEDDATE, CLOSEDDATE) VALUES (117, 32, TO_DATE('2007-12-30 00:00:00', 'YYYY-MM-DD HH24:MI:SS'), TO_DATE('2011-11-08 00:00:00', 'YYYY-MM-DD HH24:MI:SS'));
INSERT INTO BOOKS_ADMIN."Order" (ID, CLIENTID, OPENEDDATE, CLOSEDDATE) VALUES (118, 38, TO_DATE('2016-05-20 00:00:00', 'YYYY-MM-DD HH24:MI:SS'), TO_DATE('2016-09-10 00:00:00', 'YYYY-MM-DD HH24:MI:SS'));
INSERT INTO BOOKS_ADMIN."Order" (ID, CLIENTID, OPENEDDATE, CLOSEDDATE) VALUES (119, 24, TO_DATE('2010-08-24 00:00:00', 'YYYY-MM-DD HH24:MI:SS'), TO_DATE('2016-08-31 00:00:00', 'YYYY-MM-DD HH24:MI:SS'));
INSERT INTO BOOKS_ADMIN."Order" (ID, CLIENTID, OPENEDDATE, CLOSEDDATE) VALUES (120, 26, TO_DATE('2000-01-26 00:00:00', 'YYYY-MM-DD HH24:MI:SS'), TO_DATE('2003-01-22 00:00:00', 'YYYY-MM-DD HH24:MI:SS'));
INSERT INTO BOOKS_ADMIN."Order" (ID, CLIENTID, OPENEDDATE, CLOSEDDATE) VALUES (121, 14, TO_DATE('1961-09-27 00:00:00', 'YYYY-MM-DD HH24:MI:SS'), TO_DATE('2008-07-31 00:00:00', 'YYYY-MM-DD HH24:MI:SS'));
INSERT INTO BOOKS_ADMIN."Order" (ID, CLIENTID, OPENEDDATE, CLOSEDDATE) VALUES (122, 11, TO_DATE('2011-08-18 00:00:00', 'YYYY-MM-DD HH24:MI:SS'), TO_DATE('2014-03-30 00:00:00', 'YYYY-MM-DD HH24:MI:SS'));
INSERT INTO BOOKS_ADMIN."Order" (ID, CLIENTID, OPENEDDATE, CLOSEDDATE) VALUES (123, 3, TO_DATE('2008-03-17 00:00:00', 'YYYY-MM-DD HH24:MI:SS'), TO_DATE('2010-01-20 00:00:00', 'YYYY-MM-DD HH24:MI:SS'));
INSERT INTO BOOKS_ADMIN."Order" (ID, CLIENTID, OPENEDDATE, CLOSEDDATE) VALUES (124, 47, TO_DATE('2002-10-15 00:00:00', 'YYYY-MM-DD HH24:MI:SS'), TO_DATE('2009-05-05 00:00:00', 'YYYY-MM-DD HH24:MI:SS'));
INSERT INTO BOOKS_ADMIN."Order" (ID, CLIENTID, OPENEDDATE, CLOSEDDATE) VALUES (125, 22, TO_DATE('1994-06-08 00:00:00', 'YYYY-MM-DD HH24:MI:SS'), TO_DATE('1999-06-09 00:00:00', 'YYYY-MM-DD HH24:MI:SS'));
INSERT INTO BOOKS_ADMIN."Order" (ID, CLIENTID, OPENEDDATE, CLOSEDDATE) VALUES (126, 27, TO_DATE('2015-06-27 00:00:00', 'YYYY-MM-DD HH24:MI:SS'), TO_DATE('2015-08-11 00:00:00', 'YYYY-MM-DD HH24:MI:SS'));
INSERT INTO BOOKS_ADMIN."Order" (ID, CLIENTID, OPENEDDATE, CLOSEDDATE) VALUES (127, 38, TO_DATE('2006-10-13 00:00:00', 'YYYY-MM-DD HH24:MI:SS'), TO_DATE('2009-11-26 00:00:00', 'YYYY-MM-DD HH24:MI:SS'));
INSERT INTO BOOKS_ADMIN."Order" (ID, CLIENTID, OPENEDDATE, CLOSEDDATE) VALUES (128, 11, TO_DATE('1971-07-22 00:00:00', 'YYYY-MM-DD HH24:MI:SS'), TO_DATE('2000-05-26 00:00:00', 'YYYY-MM-DD HH24:MI:SS'));
INSERT INTO BOOKS_ADMIN."Order" (ID, CLIENTID, OPENEDDATE, CLOSEDDATE) VALUES (129, 38, TO_DATE('2015-10-04 00:00:00', 'YYYY-MM-DD HH24:MI:SS'), TO_DATE('2015-11-26 00:00:00', 'YYYY-MM-DD HH24:MI:SS'));
INSERT INTO BOOKS_ADMIN."Order" (ID, CLIENTID, OPENEDDATE, CLOSEDDATE) VALUES (130, 42, TO_DATE('2005-10-10 00:00:00', 'YYYY-MM-DD HH24:MI:SS'), TO_DATE('2014-04-11 00:00:00', 'YYYY-MM-DD HH24:MI:SS'));
INSERT INTO BOOKS_ADMIN."Order" (ID, CLIENTID, OPENEDDATE, CLOSEDDATE) VALUES (131, 7, TO_DATE('1986-10-06 00:00:00', 'YYYY-MM-DD HH24:MI:SS'), TO_DATE('1992-10-05 00:00:00', 'YYYY-MM-DD HH24:MI:SS'));
INSERT INTO BOOKS_ADMIN."Order" (ID, CLIENTID, OPENEDDATE, CLOSEDDATE) VALUES (132, 27, TO_DATE('1991-07-20 00:00:00', 'YYYY-MM-DD HH24:MI:SS'), TO_DATE('2008-07-29 00:00:00', 'YYYY-MM-DD HH24:MI:SS'));
INSERT INTO BOOKS_ADMIN."Order" (ID, CLIENTID, OPENEDDATE, CLOSEDDATE) VALUES (133, 10, TO_DATE('2004-09-23 00:00:00', 'YYYY-MM-DD HH24:MI:SS'), TO_DATE('2014-10-15 00:00:00', 'YYYY-MM-DD HH24:MI:SS'));
INSERT INTO BOOKS_ADMIN."Order" (ID, CLIENTID, OPENEDDATE, CLOSEDDATE) VALUES (134, 42, TO_DATE('2016-04-01 00:00:00', 'YYYY-MM-DD HH24:MI:SS'), TO_DATE('2016-11-11 00:00:00', 'YYYY-MM-DD HH24:MI:SS'));
INSERT INTO BOOKS_ADMIN."Order" (ID, CLIENTID, OPENEDDATE, CLOSEDDATE) VALUES (135, 41, TO_DATE('1974-06-10 00:00:00', 'YYYY-MM-DD HH24:MI:SS'), TO_DATE('2011-11-27 00:00:00', 'YYYY-MM-DD HH24:MI:SS'));
INSERT INTO BOOKS_ADMIN."Order" (ID, CLIENTID, OPENEDDATE, CLOSEDDATE) VALUES (136, 34, TO_DATE('1969-05-11 00:00:00', 'YYYY-MM-DD HH24:MI:SS'), TO_DATE('2004-05-06 00:00:00', 'YYYY-MM-DD HH24:MI:SS'));
INSERT INTO BOOKS_ADMIN."Order" (ID, CLIENTID, OPENEDDATE, CLOSEDDATE) VALUES (137, 21, TO_DATE('1982-04-02 00:00:00', 'YYYY-MM-DD HH24:MI:SS'), TO_DATE('2011-08-13 00:00:00', 'YYYY-MM-DD HH24:MI:SS'));
INSERT INTO BOOKS_ADMIN."Order" (ID, CLIENTID, OPENEDDATE, CLOSEDDATE) VALUES (138, 6, TO_DATE('2006-11-08 00:00:00', 'YYYY-MM-DD HH24:MI:SS'), TO_DATE('2007-03-11 00:00:00', 'YYYY-MM-DD HH24:MI:SS'));
INSERT INTO BOOKS_ADMIN."Order" (ID, CLIENTID, OPENEDDATE, CLOSEDDATE) VALUES (139, 49, TO_DATE('1990-01-25 00:00:00', 'YYYY-MM-DD HH24:MI:SS'), TO_DATE('2013-08-27 00:00:00', 'YYYY-MM-DD HH24:MI:SS'));
INSERT INTO BOOKS_ADMIN."Order" (ID, CLIENTID, OPENEDDATE, CLOSEDDATE) VALUES (140, 5, TO_DATE('2010-07-02 00:00:00', 'YYYY-MM-DD HH24:MI:SS'), TO_DATE('2014-09-15 00:00:00', 'YYYY-MM-DD HH24:MI:SS'));
INSERT INTO BOOKS_ADMIN."Order" (ID, CLIENTID, OPENEDDATE, CLOSEDDATE) VALUES (141, 26, TO_DATE('1992-04-07 00:00:00', 'YYYY-MM-DD HH24:MI:SS'), TO_DATE('2002-05-31 00:00:00', 'YYYY-MM-DD HH24:MI:SS'));
INSERT INTO BOOKS_ADMIN."Order" (ID, CLIENTID, OPENEDDATE, CLOSEDDATE) VALUES (142, 39, TO_DATE('2005-11-05 00:00:00', 'YYYY-MM-DD HH24:MI:SS'), TO_DATE('2016-08-07 00:00:00', 'YYYY-MM-DD HH24:MI:SS'));
INSERT INTO BOOKS_ADMIN."Order" (ID, CLIENTID, OPENEDDATE, CLOSEDDATE) VALUES (143, 2, TO_DATE('2011-01-08 00:00:00', 'YYYY-MM-DD HH24:MI:SS'), TO_DATE('2016-02-17 00:00:00', 'YYYY-MM-DD HH24:MI:SS'));
INSERT INTO BOOKS_ADMIN."Order" (ID, CLIENTID, OPENEDDATE, CLOSEDDATE) VALUES (144, 33, TO_DATE('1983-09-14 00:00:00', 'YYYY-MM-DD HH24:MI:SS'), TO_DATE('1988-03-29 00:00:00', 'YYYY-MM-DD HH24:MI:SS'));
INSERT INTO BOOKS_ADMIN."Order" (ID, CLIENTID, OPENEDDATE, CLOSEDDATE) VALUES (145, 50, TO_DATE('2000-11-07 00:00:00', 'YYYY-MM-DD HH24:MI:SS'), TO_DATE('2008-10-17 00:00:00', 'YYYY-MM-DD HH24:MI:SS'));
INSERT INTO BOOKS_ADMIN."Order" (ID, CLIENTID, OPENEDDATE, CLOSEDDATE) VALUES (146, 7, TO_DATE('1978-04-09 00:00:00', 'YYYY-MM-DD HH24:MI:SS'), TO_DATE('2013-11-19 00:00:00', 'YYYY-MM-DD HH24:MI:SS'));
INSERT INTO BOOKS_ADMIN."Order" (ID, CLIENTID, OPENEDDATE, CLOSEDDATE) VALUES (147, 14, TO_DATE('1965-03-17 00:00:00', 'YYYY-MM-DD HH24:MI:SS'), TO_DATE('1985-04-06 00:00:00', 'YYYY-MM-DD HH24:MI:SS'));
INSERT INTO BOOKS_ADMIN."Order" (ID, CLIENTID, OPENEDDATE, CLOSEDDATE) VALUES (148, 30, TO_DATE('2008-11-03 00:00:00', 'YYYY-MM-DD HH24:MI:SS'), TO_DATE('2008-12-16 00:00:00', 'YYYY-MM-DD HH24:MI:SS'));
INSERT INTO BOOKS_ADMIN."Order" (ID, CLIENTID, OPENEDDATE, CLOSEDDATE) VALUES (149, 43, TO_DATE('2002-10-22 00:00:00', 'YYYY-MM-DD HH24:MI:SS'), TO_DATE('2015-01-20 00:00:00', 'YYYY-MM-DD HH24:MI:SS'));
INSERT INTO BOOKS_ADMIN."Order" (ID, CLIENTID, OPENEDDATE, CLOSEDDATE) VALUES (150, 35, TO_DATE('1970-04-21 00:00:00', 'YYYY-MM-DD HH24:MI:SS'), TO_DATE('2008-03-02 00:00:00', 'YYYY-MM-DD HH24:MI:SS'));
INSERT INTO BOOKS_ADMIN."Order" (ID, CLIENTID, OPENEDDATE, CLOSEDDATE) VALUES (151, 42, TO_DATE('1980-01-10 00:00:00', 'YYYY-MM-DD HH24:MI:SS'), TO_DATE('1980-10-28 00:00:00', 'YYYY-MM-DD HH24:MI:SS'));
INSERT INTO BOOKS_ADMIN."Order" (ID, CLIENTID, OPENEDDATE, CLOSEDDATE) VALUES (152, 7, TO_DATE('1990-03-23 00:00:00', 'YYYY-MM-DD HH24:MI:SS'), TO_DATE('2006-08-02 00:00:00', 'YYYY-MM-DD HH24:MI:SS'));
INSERT INTO BOOKS_ADMIN."Order" (ID, CLIENTID, OPENEDDATE, CLOSEDDATE) VALUES (153, 14, TO_DATE('1985-01-11 00:00:00', 'YYYY-MM-DD HH24:MI:SS'), TO_DATE('2003-09-03 00:00:00', 'YYYY-MM-DD HH24:MI:SS'));
INSERT INTO BOOKS_ADMIN."Order" (ID, CLIENTID, OPENEDDATE, CLOSEDDATE) VALUES (154, 49, TO_DATE('2008-11-22 00:00:00', 'YYYY-MM-DD HH24:MI:SS'), TO_DATE('2008-12-09 00:00:00', 'YYYY-MM-DD HH24:MI:SS'));
INSERT INTO BOOKS_ADMIN."Order" (ID, CLIENTID, OPENEDDATE, CLOSEDDATE) VALUES (155, 3, TO_DATE('2011-12-30 00:00:00', 'YYYY-MM-DD HH24:MI:SS'), TO_DATE('2014-09-21 00:00:00', 'YYYY-MM-DD HH24:MI:SS'));
INSERT INTO BOOKS_ADMIN."Order" (ID, CLIENTID, OPENEDDATE, CLOSEDDATE) VALUES (156, 14, TO_DATE('1965-09-30 00:00:00', 'YYYY-MM-DD HH24:MI:SS'), TO_DATE('1978-09-10 00:00:00', 'YYYY-MM-DD HH24:MI:SS'));
INSERT INTO BOOKS_ADMIN."Order" (ID, CLIENTID, OPENEDDATE, CLOSEDDATE) VALUES (157, 48, TO_DATE('2010-03-14 00:00:00', 'YYYY-MM-DD HH24:MI:SS'), TO_DATE('2016-10-26 00:00:00', 'YYYY-MM-DD HH24:MI:SS'));
INSERT INTO BOOKS_ADMIN."Order" (ID, CLIENTID, OPENEDDATE, CLOSEDDATE) VALUES (158, 31, TO_DATE('1987-06-16 00:00:00', 'YYYY-MM-DD HH24:MI:SS'), TO_DATE('2015-02-03 00:00:00', 'YYYY-MM-DD HH24:MI:SS'));
INSERT INTO BOOKS_ADMIN."Order" (ID, CLIENTID, OPENEDDATE, CLOSEDDATE) VALUES (159, 20, TO_DATE('1992-07-10 00:00:00', 'YYYY-MM-DD HH24:MI:SS'), TO_DATE('2009-12-16 00:00:00', 'YYYY-MM-DD HH24:MI:SS'));
INSERT INTO BOOKS_ADMIN."Order" (ID, CLIENTID, OPENEDDATE, CLOSEDDATE) VALUES (160, 38, TO_DATE('2008-01-09 00:00:00', 'YYYY-MM-DD HH24:MI:SS'), TO_DATE('2014-05-09 00:00:00', 'YYYY-MM-DD HH24:MI:SS'));
INSERT INTO BOOKS_ADMIN."Order" (ID, CLIENTID, OPENEDDATE, CLOSEDDATE) VALUES (161, 13, TO_DATE('1993-05-18 00:00:00', 'YYYY-MM-DD HH24:MI:SS'), TO_DATE('2004-01-17 00:00:00', 'YYYY-MM-DD HH24:MI:SS'));
INSERT INTO BOOKS_ADMIN."Order" (ID, CLIENTID, OPENEDDATE, CLOSEDDATE) VALUES (162, 4, TO_DATE('1997-03-08 00:00:00', 'YYYY-MM-DD HH24:MI:SS'), TO_DATE('1997-05-28 00:00:00', 'YYYY-MM-DD HH24:MI:SS'));
INSERT INTO BOOKS_ADMIN."Order" (ID, CLIENTID, OPENEDDATE, CLOSEDDATE) VALUES (163, 37, TO_DATE('1971-05-08 00:00:00', 'YYYY-MM-DD HH24:MI:SS'), TO_DATE('2001-04-22 00:00:00', 'YYYY-MM-DD HH24:MI:SS'));
INSERT INTO BOOKS_ADMIN."Order" (ID, CLIENTID, OPENEDDATE, CLOSEDDATE) VALUES (164, 5, TO_DATE('2010-05-25 00:00:00', 'YYYY-MM-DD HH24:MI:SS'), TO_DATE('2015-12-30 00:00:00', 'YYYY-MM-DD HH24:MI:SS'));
INSERT INTO BOOKS_ADMIN."Order" (ID, CLIENTID, OPENEDDATE, CLOSEDDATE) VALUES (165, 46, TO_DATE('1971-07-24 00:00:00', 'YYYY-MM-DD HH24:MI:SS'), TO_DATE('2001-12-24 00:00:00', 'YYYY-MM-DD HH24:MI:SS'));
INSERT INTO BOOKS_ADMIN."Order" (ID, CLIENTID, OPENEDDATE, CLOSEDDATE) VALUES (166, 12, TO_DATE('2003-06-05 00:00:00', 'YYYY-MM-DD HH24:MI:SS'), TO_DATE('2012-11-09 00:00:00', 'YYYY-MM-DD HH24:MI:SS'));
INSERT INTO BOOKS_ADMIN."Order" (ID, CLIENTID, OPENEDDATE, CLOSEDDATE) VALUES (167, 20, TO_DATE('2003-01-22 00:00:00', 'YYYY-MM-DD HH24:MI:SS'), TO_DATE('2006-01-15 00:00:00', 'YYYY-MM-DD HH24:MI:SS'));
INSERT INTO BOOKS_ADMIN."Order" (ID, CLIENTID, OPENEDDATE, CLOSEDDATE) VALUES (168, 32, TO_DATE('2008-10-17 00:00:00', 'YYYY-MM-DD HH24:MI:SS'), TO_DATE('2016-07-06 00:00:00', 'YYYY-MM-DD HH24:MI:SS'));
INSERT INTO BOOKS_ADMIN."Order" (ID, CLIENTID, OPENEDDATE, CLOSEDDATE) VALUES (169, 14, TO_DATE('1974-06-28 00:00:00', 'YYYY-MM-DD HH24:MI:SS'), TO_DATE('1990-07-29 00:00:00', 'YYYY-MM-DD HH24:MI:SS'));
INSERT INTO BOOKS_ADMIN."Order" (ID, CLIENTID, OPENEDDATE, CLOSEDDATE) VALUES (170, 19, TO_DATE('2013-11-17 00:00:00', 'YYYY-MM-DD HH24:MI:SS'), TO_DATE('2014-04-05 00:00:00', 'YYYY-MM-DD HH24:MI:SS'));
INSERT INTO BOOKS_ADMIN."Order" (ID, CLIENTID, OPENEDDATE, CLOSEDDATE) VALUES (171, 27, TO_DATE('1963-04-04 00:00:00', 'YYYY-MM-DD HH24:MI:SS'), TO_DATE('2008-05-10 00:00:00', 'YYYY-MM-DD HH24:MI:SS'));
INSERT INTO BOOKS_ADMIN."Order" (ID, CLIENTID, OPENEDDATE, CLOSEDDATE) VALUES (172, 50, TO_DATE('1962-06-21 00:00:00', 'YYYY-MM-DD HH24:MI:SS'), TO_DATE('1989-08-13 00:00:00', 'YYYY-MM-DD HH24:MI:SS'));
INSERT INTO BOOKS_ADMIN."Order" (ID, CLIENTID, OPENEDDATE, CLOSEDDATE) VALUES (173, 17, TO_DATE('2008-08-28 00:00:00', 'YYYY-MM-DD HH24:MI:SS'), TO_DATE('2010-09-20 00:00:00', 'YYYY-MM-DD HH24:MI:SS'));
INSERT INTO BOOKS_ADMIN."Order" (ID, CLIENTID, OPENEDDATE, CLOSEDDATE) VALUES (174, 8, TO_DATE('1996-01-20 00:00:00', 'YYYY-MM-DD HH24:MI:SS'), TO_DATE('2009-10-15 00:00:00', 'YYYY-MM-DD HH24:MI:SS'));
INSERT INTO BOOKS_ADMIN."Order" (ID, CLIENTID, OPENEDDATE, CLOSEDDATE) VALUES (175, 47, TO_DATE('2011-01-08 00:00:00', 'YYYY-MM-DD HH24:MI:SS'), TO_DATE('2012-05-10 00:00:00', 'YYYY-MM-DD HH24:MI:SS'));
INSERT INTO BOOKS_ADMIN."Order" (ID, CLIENTID, OPENEDDATE, CLOSEDDATE) VALUES (176, 5, TO_DATE('1970-08-30 00:00:00', 'YYYY-MM-DD HH24:MI:SS'), TO_DATE('1986-06-10 00:00:00', 'YYYY-MM-DD HH24:MI:SS'));
INSERT INTO BOOKS_ADMIN."Order" (ID, CLIENTID, OPENEDDATE, CLOSEDDATE) VALUES (177, 28, TO_DATE('1966-04-02 00:00:00', 'YYYY-MM-DD HH24:MI:SS'), TO_DATE('1992-11-10 00:00:00', 'YYYY-MM-DD HH24:MI:SS'));
INSERT INTO BOOKS_ADMIN."Order" (ID, CLIENTID, OPENEDDATE, CLOSEDDATE) VALUES (178, 49, TO_DATE('1982-09-30 00:00:00', 'YYYY-MM-DD HH24:MI:SS'), TO_DATE('1995-11-14 00:00:00', 'YYYY-MM-DD HH24:MI:SS'));
INSERT INTO BOOKS_ADMIN."Order" (ID, CLIENTID, OPENEDDATE, CLOSEDDATE) VALUES (179, 30, TO_DATE('1999-06-29 00:00:00', 'YYYY-MM-DD HH24:MI:SS'), TO_DATE('2010-11-06 00:00:00', 'YYYY-MM-DD HH24:MI:SS'));
INSERT INTO BOOKS_ADMIN."Order" (ID, CLIENTID, OPENEDDATE, CLOSEDDATE) VALUES (180, 23, TO_DATE('2012-03-01 00:00:00', 'YYYY-MM-DD HH24:MI:SS'), TO_DATE('2012-04-13 00:00:00', 'YYYY-MM-DD HH24:MI:SS'));
INSERT INTO BOOKS_ADMIN."Order" (ID, CLIENTID, OPENEDDATE, CLOSEDDATE) VALUES (181, 37, TO_DATE('1972-10-27 00:00:00', 'YYYY-MM-DD HH24:MI:SS'), TO_DATE('1994-06-16 00:00:00', 'YYYY-MM-DD HH24:MI:SS'));
INSERT INTO BOOKS_ADMIN."Order" (ID, CLIENTID, OPENEDDATE, CLOSEDDATE) VALUES (182, 33, TO_DATE('1994-05-19 00:00:00', 'YYYY-MM-DD HH24:MI:SS'), TO_DATE('2001-06-02 00:00:00', 'YYYY-MM-DD HH24:MI:SS'));
INSERT INTO BOOKS_ADMIN."Order" (ID, CLIENTID, OPENEDDATE, CLOSEDDATE) VALUES (183, 31, TO_DATE('2013-08-21 00:00:00', 'YYYY-MM-DD HH24:MI:SS'), TO_DATE('2016-06-21 00:00:00', 'YYYY-MM-DD HH24:MI:SS'));
INSERT INTO BOOKS_ADMIN."Order" (ID, CLIENTID, OPENEDDATE, CLOSEDDATE) VALUES (184, 36, TO_DATE('1969-03-06 00:00:00', 'YYYY-MM-DD HH24:MI:SS'), TO_DATE('2013-08-07 00:00:00', 'YYYY-MM-DD HH24:MI:SS'));
INSERT INTO BOOKS_ADMIN."Order" (ID, CLIENTID, OPENEDDATE, CLOSEDDATE) VALUES (185, 37, TO_DATE('2001-09-13 00:00:00', 'YYYY-MM-DD HH24:MI:SS'), TO_DATE('2014-01-26 00:00:00', 'YYYY-MM-DD HH24:MI:SS'));
INSERT INTO BOOKS_ADMIN."Order" (ID, CLIENTID, OPENEDDATE, CLOSEDDATE) VALUES (186, 17, TO_DATE('1996-01-18 00:00:00', 'YYYY-MM-DD HH24:MI:SS'), TO_DATE('2003-12-28 00:00:00', 'YYYY-MM-DD HH24:MI:SS'));
INSERT INTO BOOKS_ADMIN."Order" (ID, CLIENTID, OPENEDDATE, CLOSEDDATE) VALUES (187, 6, TO_DATE('1987-12-11 00:00:00', 'YYYY-MM-DD HH24:MI:SS'), TO_DATE('1999-11-12 00:00:00', 'YYYY-MM-DD HH24:MI:SS'));
INSERT INTO BOOKS_ADMIN."Order" (ID, CLIENTID, OPENEDDATE, CLOSEDDATE) VALUES (188, 44, TO_DATE('1965-03-05 00:00:00', 'YYYY-MM-DD HH24:MI:SS'), TO_DATE('2000-12-30 00:00:00', 'YYYY-MM-DD HH24:MI:SS'));
INSERT INTO BOOKS_ADMIN."Order" (ID, CLIENTID, OPENEDDATE, CLOSEDDATE) VALUES (189, 12, TO_DATE('2015-10-01 00:00:00', 'YYYY-MM-DD HH24:MI:SS'), TO_DATE('2015-10-19 00:00:00', 'YYYY-MM-DD HH24:MI:SS'));
INSERT INTO BOOKS_ADMIN."Order" (ID, CLIENTID, OPENEDDATE, CLOSEDDATE) VALUES (190, 45, TO_DATE('1972-12-31 00:00:00', 'YYYY-MM-DD HH24:MI:SS'), TO_DATE('1983-10-18 00:00:00', 'YYYY-MM-DD HH24:MI:SS'));
INSERT INTO BOOKS_ADMIN."Order" (ID, CLIENTID, OPENEDDATE, CLOSEDDATE) VALUES (191, 8, TO_DATE('2016-04-18 00:00:00', 'YYYY-MM-DD HH24:MI:SS'), TO_DATE('2016-08-14 00:00:00', 'YYYY-MM-DD HH24:MI:SS'));
INSERT INTO BOOKS_ADMIN."Order" (ID, CLIENTID, OPENEDDATE, CLOSEDDATE) VALUES (192, 6, TO_DATE('1988-12-01 00:00:00', 'YYYY-MM-DD HH24:MI:SS'), TO_DATE('2015-11-24 00:00:00', 'YYYY-MM-DD HH24:MI:SS'));
INSERT INTO BOOKS_ADMIN."Order" (ID, CLIENTID, OPENEDDATE, CLOSEDDATE) VALUES (193, 31, TO_DATE('2002-09-13 00:00:00', 'YYYY-MM-DD HH24:MI:SS'), TO_DATE('2005-11-22 00:00:00', 'YYYY-MM-DD HH24:MI:SS'));
INSERT INTO BOOKS_ADMIN."Order" (ID, CLIENTID, OPENEDDATE, CLOSEDDATE) VALUES (194, 9, TO_DATE('1983-11-05 00:00:00', 'YYYY-MM-DD HH24:MI:SS'), TO_DATE('1983-12-17 00:00:00', 'YYYY-MM-DD HH24:MI:SS'));
INSERT INTO BOOKS_ADMIN."Order" (ID, CLIENTID, OPENEDDATE, CLOSEDDATE) VALUES (195, 50, TO_DATE('2008-02-12 00:00:00', 'YYYY-MM-DD HH24:MI:SS'), TO_DATE('2016-11-20 00:00:00', 'YYYY-MM-DD HH24:MI:SS'));
INSERT INTO BOOKS_ADMIN."Order" (ID, CLIENTID, OPENEDDATE, CLOSEDDATE) VALUES (196, 44, TO_DATE('1968-02-14 00:00:00', 'YYYY-MM-DD HH24:MI:SS'), TO_DATE('1974-04-18 00:00:00', 'YYYY-MM-DD HH24:MI:SS'));
INSERT INTO BOOKS_ADMIN."Order" (ID, CLIENTID, OPENEDDATE, CLOSEDDATE) VALUES (197, 15, TO_DATE('1992-10-17 00:00:00', 'YYYY-MM-DD HH24:MI:SS'), TO_DATE('2006-08-04 00:00:00', 'YYYY-MM-DD HH24:MI:SS'));
INSERT INTO BOOKS_ADMIN."Order" (ID, CLIENTID, OPENEDDATE, CLOSEDDATE) VALUES (198, 20, TO_DATE('1968-11-05 00:00:00', 'YYYY-MM-DD HH24:MI:SS'), TO_DATE('1984-02-29 00:00:00', 'YYYY-MM-DD HH24:MI:SS'));
INSERT INTO BOOKS_ADMIN."Order" (ID, CLIENTID, OPENEDDATE, CLOSEDDATE) VALUES (199, 10, TO_DATE('1970-04-28 00:00:00', 'YYYY-MM-DD HH24:MI:SS'), TO_DATE('1999-05-26 00:00:00', 'YYYY-MM-DD HH24:MI:SS'));
INSERT INTO BOOKS_ADMIN."Order" (ID, CLIENTID, OPENEDDATE, CLOSEDDATE) VALUES (200, 22, TO_DATE('2004-06-05 00:00:00', 'YYYY-MM-DD HH24:MI:SS'), TO_DATE('2013-02-09 00:00:00', 'YYYY-MM-DD HH24:MI:SS'));
INSERT INTO BOOKS_ADMIN."Order" (ID, CLIENTID, OPENEDDATE, CLOSEDDATE) VALUES (201, 16, TO_DATE('2005-10-14 00:00:00', 'YYYY-MM-DD HH24:MI:SS'), TO_DATE('2009-02-17 00:00:00', 'YYYY-MM-DD HH24:MI:SS'));
INSERT INTO BOOKS_ADMIN."Order" (ID, CLIENTID, OPENEDDATE, CLOSEDDATE) VALUES (202, 12, TO_DATE('1979-11-07 00:00:00', 'YYYY-MM-DD HH24:MI:SS'), TO_DATE('1992-03-14 00:00:00', 'YYYY-MM-DD HH24:MI:SS'));
INSERT INTO BOOKS_ADMIN."Order" (ID, CLIENTID, OPENEDDATE, CLOSEDDATE) VALUES (203, 1, TO_DATE('1963-09-19 00:00:00', 'YYYY-MM-DD HH24:MI:SS'), TO_DATE('2016-12-28 00:00:00', 'YYYY-MM-DD HH24:MI:SS'));
INSERT INTO BOOKS_ADMIN."Order" (ID, CLIENTID, OPENEDDATE, CLOSEDDATE) VALUES (204, 29, TO_DATE('2009-10-30 00:00:00', 'YYYY-MM-DD HH24:MI:SS'), TO_DATE('2011-10-03 00:00:00', 'YYYY-MM-DD HH24:MI:SS'));
INSERT INTO BOOKS_ADMIN."Order" (ID, CLIENTID, OPENEDDATE, CLOSEDDATE) VALUES (205, 18, TO_DATE('1965-11-28 00:00:00', 'YYYY-MM-DD HH24:MI:SS'), TO_DATE('1978-12-08 00:00:00', 'YYYY-MM-DD HH24:MI:SS'));
INSERT INTO BOOKS_ADMIN."Order" (ID, CLIENTID, OPENEDDATE, CLOSEDDATE) VALUES (206, 24, TO_DATE('2001-04-20 00:00:00', 'YYYY-MM-DD HH24:MI:SS'), TO_DATE('2015-12-24 00:00:00', 'YYYY-MM-DD HH24:MI:SS'));
INSERT INTO BOOKS_ADMIN."Order" (ID, CLIENTID, OPENEDDATE, CLOSEDDATE) VALUES (207, 7, TO_DATE('1982-09-29 00:00:00', 'YYYY-MM-DD HH24:MI:SS'), TO_DATE('2000-12-29 00:00:00', 'YYYY-MM-DD HH24:MI:SS'));
INSERT INTO BOOKS_ADMIN."Order" (ID, CLIENTID, OPENEDDATE, CLOSEDDATE) VALUES (208, 2, TO_DATE('1994-06-21 00:00:00', 'YYYY-MM-DD HH24:MI:SS'), TO_DATE('2015-02-26 00:00:00', 'YYYY-MM-DD HH24:MI:SS'));
INSERT INTO BOOKS_ADMIN."Order" (ID, CLIENTID, OPENEDDATE, CLOSEDDATE) VALUES (209, 16, TO_DATE('1965-01-17 00:00:00', 'YYYY-MM-DD HH24:MI:SS'), TO_DATE('2000-05-23 00:00:00', 'YYYY-MM-DD HH24:MI:SS'));
INSERT INTO BOOKS_ADMIN."Order" (ID, CLIENTID, OPENEDDATE, CLOSEDDATE) VALUES (210, 29, TO_DATE('1972-11-15 00:00:00', 'YYYY-MM-DD HH24:MI:SS'), TO_DATE('1976-04-10 00:00:00', 'YYYY-MM-DD HH24:MI:SS'));
INSERT INTO BOOKS_ADMIN."Order" (ID, CLIENTID, OPENEDDATE, CLOSEDDATE) VALUES (211, 16, TO_DATE('1999-02-06 00:00:00', 'YYYY-MM-DD HH24:MI:SS'), TO_DATE('2010-06-01 00:00:00', 'YYYY-MM-DD HH24:MI:SS'));
INSERT INTO BOOKS_ADMIN."Order" (ID, CLIENTID, OPENEDDATE, CLOSEDDATE) VALUES (212, 50, TO_DATE('1982-06-05 00:00:00', 'YYYY-MM-DD HH24:MI:SS'), TO_DATE('2002-02-23 00:00:00', 'YYYY-MM-DD HH24:MI:SS'));
INSERT INTO BOOKS_ADMIN."Order" (ID, CLIENTID, OPENEDDATE, CLOSEDDATE) VALUES (213, 23, TO_DATE('1961-07-30 00:00:00', 'YYYY-MM-DD HH24:MI:SS'), TO_DATE('1987-08-07 00:00:00', 'YYYY-MM-DD HH24:MI:SS'));
INSERT INTO BOOKS_ADMIN."Order" (ID, CLIENTID, OPENEDDATE, CLOSEDDATE) VALUES (214, 33, TO_DATE('1991-01-14 00:00:00', 'YYYY-MM-DD HH24:MI:SS'), TO_DATE('1994-09-11 00:00:00', 'YYYY-MM-DD HH24:MI:SS'));
INSERT INTO BOOKS_ADMIN."Order" (ID, CLIENTID, OPENEDDATE, CLOSEDDATE) VALUES (215, 31, TO_DATE('1985-01-15 00:00:00', 'YYYY-MM-DD HH24:MI:SS'), TO_DATE('2006-09-16 00:00:00', 'YYYY-MM-DD HH24:MI:SS'));
INSERT INTO BOOKS_ADMIN."Order" (ID, CLIENTID, OPENEDDATE, CLOSEDDATE) VALUES (216, 4, TO_DATE('1973-02-21 00:00:00', 'YYYY-MM-DD HH24:MI:SS'), TO_DATE('1991-04-29 00:00:00', 'YYYY-MM-DD HH24:MI:SS'));
INSERT INTO BOOKS_ADMIN."Order" (ID, CLIENTID, OPENEDDATE, CLOSEDDATE) VALUES (217, 9, TO_DATE('1976-09-06 00:00:00', 'YYYY-MM-DD HH24:MI:SS'), TO_DATE('1990-08-07 00:00:00', 'YYYY-MM-DD HH24:MI:SS'));
INSERT INTO BOOKS_ADMIN."Order" (ID, CLIENTID, OPENEDDATE, CLOSEDDATE) VALUES (218, 3, TO_DATE('1969-07-13 00:00:00', 'YYYY-MM-DD HH24:MI:SS'), TO_DATE('2004-09-17 00:00:00', 'YYYY-MM-DD HH24:MI:SS'));
INSERT INTO BOOKS_ADMIN."Order" (ID, CLIENTID, OPENEDDATE, CLOSEDDATE) VALUES (219, 36, TO_DATE('1975-05-17 00:00:00', 'YYYY-MM-DD HH24:MI:SS'), TO_DATE('1986-08-20 00:00:00', 'YYYY-MM-DD HH24:MI:SS'));
INSERT INTO BOOKS_ADMIN."Order" (ID, CLIENTID, OPENEDDATE, CLOSEDDATE) VALUES (220, 3, TO_DATE('1998-07-27 00:00:00', 'YYYY-MM-DD HH24:MI:SS'), TO_DATE('2005-06-20 00:00:00', 'YYYY-MM-DD HH24:MI:SS'));
INSERT INTO BOOKS_ADMIN."Order" (ID, CLIENTID, OPENEDDATE, CLOSEDDATE) VALUES (221, 25, TO_DATE('2010-05-21 00:00:00', 'YYYY-MM-DD HH24:MI:SS'), TO_DATE('2011-03-12 00:00:00', 'YYYY-MM-DD HH24:MI:SS'));
INSERT INTO BOOKS_ADMIN."Order" (ID, CLIENTID, OPENEDDATE, CLOSEDDATE) VALUES (222, 4, TO_DATE('1997-03-30 00:00:00', 'YYYY-MM-DD HH24:MI:SS'), TO_DATE('2005-06-29 00:00:00', 'YYYY-MM-DD HH24:MI:SS'));
INSERT INTO BOOKS_ADMIN."Order" (ID, CLIENTID, OPENEDDATE, CLOSEDDATE) VALUES (223, 1, TO_DATE('1973-06-15 00:00:00', 'YYYY-MM-DD HH24:MI:SS'), TO_DATE('2001-11-15 00:00:00', 'YYYY-MM-DD HH24:MI:SS'));
INSERT INTO BOOKS_ADMIN."Order" (ID, CLIENTID, OPENEDDATE, CLOSEDDATE) VALUES (224, 41, TO_DATE('1982-08-18 00:00:00', 'YYYY-MM-DD HH24:MI:SS'), TO_DATE('1998-07-16 00:00:00', 'YYYY-MM-DD HH24:MI:SS'));
INSERT INTO BOOKS_ADMIN."Order" (ID, CLIENTID, OPENEDDATE, CLOSEDDATE) VALUES (225, 40, TO_DATE('1993-06-23 00:00:00', 'YYYY-MM-DD HH24:MI:SS'), TO_DATE('2007-09-28 00:00:00', 'YYYY-MM-DD HH24:MI:SS'));
INSERT INTO BOOKS_ADMIN."Order" (ID, CLIENTID, OPENEDDATE, CLOSEDDATE) VALUES (226, 45, TO_DATE('1970-10-02 00:00:00', 'YYYY-MM-DD HH24:MI:SS'), TO_DATE('1972-09-29 00:00:00', 'YYYY-MM-DD HH24:MI:SS'));
INSERT INTO BOOKS_ADMIN."Order" (ID, CLIENTID, OPENEDDATE, CLOSEDDATE) VALUES (227, 47, TO_DATE('2012-11-15 00:00:00', 'YYYY-MM-DD HH24:MI:SS'), TO_DATE('2012-12-07 00:00:00', 'YYYY-MM-DD HH24:MI:SS'));
INSERT INTO BOOKS_ADMIN."Order" (ID, CLIENTID, OPENEDDATE, CLOSEDDATE) VALUES (228, 20, TO_DATE('1967-01-04 00:00:00', 'YYYY-MM-DD HH24:MI:SS'), TO_DATE('2016-03-27 00:00:00', 'YYYY-MM-DD HH24:MI:SS'));
INSERT INTO BOOKS_ADMIN."Order" (ID, CLIENTID, OPENEDDATE, CLOSEDDATE) VALUES (229, 23, TO_DATE('1971-11-24 00:00:00', 'YYYY-MM-DD HH24:MI:SS'), TO_DATE('1975-09-30 00:00:00', 'YYYY-MM-DD HH24:MI:SS'));
INSERT INTO BOOKS_ADMIN."Order" (ID, CLIENTID, OPENEDDATE, CLOSEDDATE) VALUES (230, 45, TO_DATE('1972-01-16 00:00:00', 'YYYY-MM-DD HH24:MI:SS'), TO_DATE('2014-06-12 00:00:00', 'YYYY-MM-DD HH24:MI:SS'));
INSERT INTO BOOKS_ADMIN."Order" (ID, CLIENTID, OPENEDDATE, CLOSEDDATE) VALUES (231, 37, TO_DATE('1970-02-01 00:00:00', 'YYYY-MM-DD HH24:MI:SS'), TO_DATE('2003-08-04 00:00:00', 'YYYY-MM-DD HH24:MI:SS'));
INSERT INTO BOOKS_ADMIN."Order" (ID, CLIENTID, OPENEDDATE, CLOSEDDATE) VALUES (232, 19, TO_DATE('1982-03-26 00:00:00', 'YYYY-MM-DD HH24:MI:SS'), TO_DATE('1982-08-31 00:00:00', 'YYYY-MM-DD HH24:MI:SS'));
INSERT INTO BOOKS_ADMIN."Order" (ID, CLIENTID, OPENEDDATE, CLOSEDDATE) VALUES (233, 22, TO_DATE('1996-05-24 00:00:00', 'YYYY-MM-DD HH24:MI:SS'), TO_DATE('2012-07-15 00:00:00', 'YYYY-MM-DD HH24:MI:SS'));
INSERT INTO BOOKS_ADMIN."Order" (ID, CLIENTID, OPENEDDATE, CLOSEDDATE) VALUES (234, 45, TO_DATE('2006-02-10 00:00:00', 'YYYY-MM-DD HH24:MI:SS'), TO_DATE('2016-05-12 00:00:00', 'YYYY-MM-DD HH24:MI:SS'));
INSERT INTO BOOKS_ADMIN."Order" (ID, CLIENTID, OPENEDDATE, CLOSEDDATE) VALUES (235, 23, TO_DATE('1966-09-02 00:00:00', 'YYYY-MM-DD HH24:MI:SS'), TO_DATE('2003-06-09 00:00:00', 'YYYY-MM-DD HH24:MI:SS'));
INSERT INTO BOOKS_ADMIN."Order" (ID, CLIENTID, OPENEDDATE, CLOSEDDATE) VALUES (236, 43, TO_DATE('1977-11-17 00:00:00', 'YYYY-MM-DD HH24:MI:SS'), TO_DATE('1983-03-16 00:00:00', 'YYYY-MM-DD HH24:MI:SS'));
INSERT INTO BOOKS_ADMIN."Order" (ID, CLIENTID, OPENEDDATE, CLOSEDDATE) VALUES (237, 40, TO_DATE('1973-05-28 00:00:00', 'YYYY-MM-DD HH24:MI:SS'), TO_DATE('2012-02-11 00:00:00', 'YYYY-MM-DD HH24:MI:SS'));
INSERT INTO BOOKS_ADMIN."Order" (ID, CLIENTID, OPENEDDATE, CLOSEDDATE) VALUES (238, 8, TO_DATE('1962-03-08 00:00:00', 'YYYY-MM-DD HH24:MI:SS'), TO_DATE('2000-06-06 00:00:00', 'YYYY-MM-DD HH24:MI:SS'));
INSERT INTO BOOKS_ADMIN."Order" (ID, CLIENTID, OPENEDDATE, CLOSEDDATE) VALUES (239, 12, TO_DATE('2011-12-27 00:00:00', 'YYYY-MM-DD HH24:MI:SS'), TO_DATE('2013-05-15 00:00:00', 'YYYY-MM-DD HH24:MI:SS'));
INSERT INTO BOOKS_ADMIN."Order" (ID, CLIENTID, OPENEDDATE, CLOSEDDATE) VALUES (240, 22, TO_DATE('2003-05-28 00:00:00', 'YYYY-MM-DD HH24:MI:SS'), TO_DATE('2007-11-25 00:00:00', 'YYYY-MM-DD HH24:MI:SS'));
INSERT INTO BOOKS_ADMIN."Order" (ID, CLIENTID, OPENEDDATE, CLOSEDDATE) VALUES (241, 25, TO_DATE('1982-08-23 00:00:00', 'YYYY-MM-DD HH24:MI:SS'), TO_DATE('2014-09-09 00:00:00', 'YYYY-MM-DD HH24:MI:SS'));
INSERT INTO BOOKS_ADMIN."Order" (ID, CLIENTID, OPENEDDATE, CLOSEDDATE) VALUES (242, 37, TO_DATE('1983-10-22 00:00:00', 'YYYY-MM-DD HH24:MI:SS'), TO_DATE('1991-11-13 00:00:00', 'YYYY-MM-DD HH24:MI:SS'));
INSERT INTO BOOKS_ADMIN."Order" (ID, CLIENTID, OPENEDDATE, CLOSEDDATE) VALUES (243, 1, TO_DATE('1988-08-20 00:00:00', 'YYYY-MM-DD HH24:MI:SS'), TO_DATE('2006-04-17 00:00:00', 'YYYY-MM-DD HH24:MI:SS'));
INSERT INTO BOOKS_ADMIN."Order" (ID, CLIENTID, OPENEDDATE, CLOSEDDATE) VALUES (244, 44, TO_DATE('1975-11-16 00:00:00', 'YYYY-MM-DD HH24:MI:SS'), TO_DATE('2010-03-28 00:00:00', 'YYYY-MM-DD HH24:MI:SS'));
INSERT INTO BOOKS_ADMIN."Order" (ID, CLIENTID, OPENEDDATE, CLOSEDDATE) VALUES (245, 34, TO_DATE('2016-08-20 00:00:00', 'YYYY-MM-DD HH24:MI:SS'), TO_DATE('2016-09-03 00:00:00', 'YYYY-MM-DD HH24:MI:SS'));
INSERT INTO BOOKS_ADMIN."Order" (ID, CLIENTID, OPENEDDATE, CLOSEDDATE) VALUES (246, 17, TO_DATE('1975-10-02 00:00:00', 'YYYY-MM-DD HH24:MI:SS'), TO_DATE('1987-07-14 00:00:00', 'YYYY-MM-DD HH24:MI:SS'));
INSERT INTO BOOKS_ADMIN."Order" (ID, CLIENTID, OPENEDDATE, CLOSEDDATE) VALUES (247, 45, TO_DATE('1962-11-17 00:00:00', 'YYYY-MM-DD HH24:MI:SS'), TO_DATE('1996-02-11 00:00:00', 'YYYY-MM-DD HH24:MI:SS'));
INSERT INTO BOOKS_ADMIN."Order" (ID, CLIENTID, OPENEDDATE, CLOSEDDATE) VALUES (248, 7, TO_DATE('2016-02-18 00:00:00', 'YYYY-MM-DD HH24:MI:SS'), TO_DATE('2016-07-10 00:00:00', 'YYYY-MM-DD HH24:MI:SS'));
INSERT INTO BOOKS_ADMIN."Order" (ID, CLIENTID, OPENEDDATE, CLOSEDDATE) VALUES (249, 49, TO_DATE('2015-09-19 00:00:00', 'YYYY-MM-DD HH24:MI:SS'), TO_DATE('2015-12-28 00:00:00', 'YYYY-MM-DD HH24:MI:SS'));
INSERT INTO BOOKS_ADMIN."Order" (ID, CLIENTID, OPENEDDATE, CLOSEDDATE) VALUES (250, 37, TO_DATE('2000-02-23 00:00:00', 'YYYY-MM-DD HH24:MI:SS'), TO_DATE('2015-11-07 00:00:00', 'YYYY-MM-DD HH24:MI:SS'));
INSERT INTO BOOKS_ADMIN."Order" (ID, CLIENTID, OPENEDDATE, CLOSEDDATE) VALUES (251, 30, TO_DATE('1966-03-15 00:00:00', 'YYYY-MM-DD HH24:MI:SS'), TO_DATE('2006-09-04 00:00:00', 'YYYY-MM-DD HH24:MI:SS'));
INSERT INTO BOOKS_ADMIN."Order" (ID, CLIENTID, OPENEDDATE, CLOSEDDATE) VALUES (252, 38, TO_DATE('1995-04-30 00:00:00', 'YYYY-MM-DD HH24:MI:SS'), TO_DATE('2008-10-17 00:00:00', 'YYYY-MM-DD HH24:MI:SS'));
INSERT INTO BOOKS_ADMIN."Order" (ID, CLIENTID, OPENEDDATE, CLOSEDDATE) VALUES (253, 16, TO_DATE('2010-01-22 00:00:00', 'YYYY-MM-DD HH24:MI:SS'), TO_DATE('2010-03-25 00:00:00', 'YYYY-MM-DD HH24:MI:SS'));
INSERT INTO BOOKS_ADMIN."Order" (ID, CLIENTID, OPENEDDATE, CLOSEDDATE) VALUES (254, 13, TO_DATE('1988-02-01 00:00:00', 'YYYY-MM-DD HH24:MI:SS'), TO_DATE('1992-04-29 00:00:00', 'YYYY-MM-DD HH24:MI:SS'));
INSERT INTO BOOKS_ADMIN."Order" (ID, CLIENTID, OPENEDDATE, CLOSEDDATE) VALUES (255, 17, TO_DATE('2001-02-22 00:00:00', 'YYYY-MM-DD HH24:MI:SS'), TO_DATE('2011-09-02 00:00:00', 'YYYY-MM-DD HH24:MI:SS'));
INSERT INTO BOOKS_ADMIN."Order" (ID, CLIENTID, OPENEDDATE, CLOSEDDATE) VALUES (256, 7, TO_DATE('1961-12-18 00:00:00', 'YYYY-MM-DD HH24:MI:SS'), TO_DATE('2016-06-14 00:00:00', 'YYYY-MM-DD HH24:MI:SS'));
INSERT INTO BOOKS_ADMIN."Order" (ID, CLIENTID, OPENEDDATE, CLOSEDDATE) VALUES (257, 16, TO_DATE('1980-01-03 00:00:00', 'YYYY-MM-DD HH24:MI:SS'), TO_DATE('1989-11-29 00:00:00', 'YYYY-MM-DD HH24:MI:SS'));
INSERT INTO BOOKS_ADMIN."Order" (ID, CLIENTID, OPENEDDATE, CLOSEDDATE) VALUES (258, 19, TO_DATE('2013-12-16 00:00:00', 'YYYY-MM-DD HH24:MI:SS'), TO_DATE('2014-01-24 00:00:00', 'YYYY-MM-DD HH24:MI:SS'));
INSERT INTO BOOKS_ADMIN."Order" (ID, CLIENTID, OPENEDDATE, CLOSEDDATE) VALUES (259, 33, TO_DATE('2011-07-23 00:00:00', 'YYYY-MM-DD HH24:MI:SS'), TO_DATE('2011-11-12 00:00:00', 'YYYY-MM-DD HH24:MI:SS'));
INSERT INTO BOOKS_ADMIN."Order" (ID, CLIENTID, OPENEDDATE, CLOSEDDATE) VALUES (260, 22, TO_DATE('1968-05-07 00:00:00', 'YYYY-MM-DD HH24:MI:SS'), TO_DATE('2004-03-03 00:00:00', 'YYYY-MM-DD HH24:MI:SS'));
INSERT INTO BOOKS_ADMIN."Order" (ID, CLIENTID, OPENEDDATE, CLOSEDDATE) VALUES (261, 4, TO_DATE('2009-01-26 00:00:00', 'YYYY-MM-DD HH24:MI:SS'), TO_DATE('2009-03-07 00:00:00', 'YYYY-MM-DD HH24:MI:SS'));
INSERT INTO BOOKS_ADMIN."Order" (ID, CLIENTID, OPENEDDATE, CLOSEDDATE) VALUES (262, 32, TO_DATE('1983-01-16 00:00:00', 'YYYY-MM-DD HH24:MI:SS'), TO_DATE('2000-02-15 00:00:00', 'YYYY-MM-DD HH24:MI:SS'));
INSERT INTO BOOKS_ADMIN."Order" (ID, CLIENTID, OPENEDDATE, CLOSEDDATE) VALUES (263, 26, TO_DATE('2012-01-10 00:00:00', 'YYYY-MM-DD HH24:MI:SS'), TO_DATE('2012-08-08 00:00:00', 'YYYY-MM-DD HH24:MI:SS'));
INSERT INTO BOOKS_ADMIN."Order" (ID, CLIENTID, OPENEDDATE, CLOSEDDATE) VALUES (264, 5, TO_DATE('2006-03-21 00:00:00', 'YYYY-MM-DD HH24:MI:SS'), TO_DATE('2006-10-24 00:00:00', 'YYYY-MM-DD HH24:MI:SS'));
INSERT INTO BOOKS_ADMIN."Order" (ID, CLIENTID, OPENEDDATE, CLOSEDDATE) VALUES (265, 37, TO_DATE('2006-06-08 00:00:00', 'YYYY-MM-DD HH24:MI:SS'), TO_DATE('2010-12-27 00:00:00', 'YYYY-MM-DD HH24:MI:SS'));
INSERT INTO BOOKS_ADMIN."Order" (ID, CLIENTID, OPENEDDATE, CLOSEDDATE) VALUES (266, 30, TO_DATE('1962-03-23 00:00:00', 'YYYY-MM-DD HH24:MI:SS'), TO_DATE('1975-03-08 00:00:00', 'YYYY-MM-DD HH24:MI:SS'));
INSERT INTO BOOKS_ADMIN."Order" (ID, CLIENTID, OPENEDDATE, CLOSEDDATE) VALUES (267, 42, TO_DATE('1970-01-26 00:00:00', 'YYYY-MM-DD HH24:MI:SS'), TO_DATE('2003-05-27 00:00:00', 'YYYY-MM-DD HH24:MI:SS'));
INSERT INTO BOOKS_ADMIN."Order" (ID, CLIENTID, OPENEDDATE, CLOSEDDATE) VALUES (268, 13, TO_DATE('1978-07-20 00:00:00', 'YYYY-MM-DD HH24:MI:SS'), TO_DATE('2000-05-31 00:00:00', 'YYYY-MM-DD HH24:MI:SS'));
INSERT INTO BOOKS_ADMIN."Order" (ID, CLIENTID, OPENEDDATE, CLOSEDDATE) VALUES (269, 45, TO_DATE('1980-05-17 00:00:00', 'YYYY-MM-DD HH24:MI:SS'), TO_DATE('1984-02-05 00:00:00', 'YYYY-MM-DD HH24:MI:SS'));
INSERT INTO BOOKS_ADMIN."Order" (ID, CLIENTID, OPENEDDATE, CLOSEDDATE) VALUES (270, 17, TO_DATE('1965-03-19 00:00:00', 'YYYY-MM-DD HH24:MI:SS'), TO_DATE('1969-08-09 00:00:00', 'YYYY-MM-DD HH24:MI:SS'));
INSERT INTO BOOKS_ADMIN."Order" (ID, CLIENTID, OPENEDDATE, CLOSEDDATE) VALUES (271, 12, TO_DATE('1960-05-01 00:00:00', 'YYYY-MM-DD HH24:MI:SS'), TO_DATE('1983-12-03 00:00:00', 'YYYY-MM-DD HH24:MI:SS'));
INSERT INTO BOOKS_ADMIN."Order" (ID, CLIENTID, OPENEDDATE, CLOSEDDATE) VALUES (272, 40, TO_DATE('2007-02-14 00:00:00', 'YYYY-MM-DD HH24:MI:SS'), TO_DATE('2014-05-27 00:00:00', 'YYYY-MM-DD HH24:MI:SS'));
INSERT INTO BOOKS_ADMIN."Order" (ID, CLIENTID, OPENEDDATE, CLOSEDDATE) VALUES (273, 43, TO_DATE('1978-04-11 00:00:00', 'YYYY-MM-DD HH24:MI:SS'), TO_DATE('1982-11-30 00:00:00', 'YYYY-MM-DD HH24:MI:SS'));
INSERT INTO BOOKS_ADMIN."Order" (ID, CLIENTID, OPENEDDATE, CLOSEDDATE) VALUES (274, 44, TO_DATE('1987-11-25 00:00:00', 'YYYY-MM-DD HH24:MI:SS'), TO_DATE('2002-12-18 00:00:00', 'YYYY-MM-DD HH24:MI:SS'));
INSERT INTO BOOKS_ADMIN."Order" (ID, CLIENTID, OPENEDDATE, CLOSEDDATE) VALUES (275, 19, TO_DATE('1986-03-10 00:00:00', 'YYYY-MM-DD HH24:MI:SS'), TO_DATE('2010-09-13 00:00:00', 'YYYY-MM-DD HH24:MI:SS'));
INSERT INTO BOOKS_ADMIN."Order" (ID, CLIENTID, OPENEDDATE, CLOSEDDATE) VALUES (276, 45, TO_DATE('1999-11-11 00:00:00', 'YYYY-MM-DD HH24:MI:SS'), TO_DATE('2003-08-04 00:00:00', 'YYYY-MM-DD HH24:MI:SS'));
INSERT INTO BOOKS_ADMIN."Order" (ID, CLIENTID, OPENEDDATE, CLOSEDDATE) VALUES (277, 28, TO_DATE('1981-03-26 00:00:00', 'YYYY-MM-DD HH24:MI:SS'), TO_DATE('2010-10-11 00:00:00', 'YYYY-MM-DD HH24:MI:SS'));
INSERT INTO BOOKS_ADMIN."Order" (ID, CLIENTID, OPENEDDATE, CLOSEDDATE) VALUES (278, 25, TO_DATE('2014-07-17 00:00:00', 'YYYY-MM-DD HH24:MI:SS'), TO_DATE('2014-12-17 00:00:00', 'YYYY-MM-DD HH24:MI:SS'));
INSERT INTO BOOKS_ADMIN."Order" (ID, CLIENTID, OPENEDDATE, CLOSEDDATE) VALUES (279, 6, TO_DATE('1974-07-11 00:00:00', 'YYYY-MM-DD HH24:MI:SS'), TO_DATE('2003-01-08 00:00:00', 'YYYY-MM-DD HH24:MI:SS'));
INSERT INTO BOOKS_ADMIN."Order" (ID, CLIENTID, OPENEDDATE, CLOSEDDATE) VALUES (280, 1, TO_DATE('1995-02-14 00:00:00', 'YYYY-MM-DD HH24:MI:SS'), TO_DATE('2007-12-05 00:00:00', 'YYYY-MM-DD HH24:MI:SS'));
INSERT INTO BOOKS_ADMIN."Order" (ID, CLIENTID, OPENEDDATE, CLOSEDDATE) VALUES (281, 46, TO_DATE('2015-03-15 00:00:00', 'YYYY-MM-DD HH24:MI:SS'), TO_DATE('2016-08-13 00:00:00', 'YYYY-MM-DD HH24:MI:SS'));
INSERT INTO BOOKS_ADMIN."Order" (ID, CLIENTID, OPENEDDATE, CLOSEDDATE) VALUES (282, 46, TO_DATE('1969-06-22 00:00:00', 'YYYY-MM-DD HH24:MI:SS'), TO_DATE('1992-09-01 00:00:00', 'YYYY-MM-DD HH24:MI:SS'));
INSERT INTO BOOKS_ADMIN."Order" (ID, CLIENTID, OPENEDDATE, CLOSEDDATE) VALUES (283, 4, TO_DATE('2011-02-19 00:00:00', 'YYYY-MM-DD HH24:MI:SS'), TO_DATE('2016-02-11 00:00:00', 'YYYY-MM-DD HH24:MI:SS'));
INSERT INTO BOOKS_ADMIN."Order" (ID, CLIENTID, OPENEDDATE, CLOSEDDATE) VALUES (284, 4, TO_DATE('1974-12-07 00:00:00', 'YYYY-MM-DD HH24:MI:SS'), TO_DATE('1991-06-09 00:00:00', 'YYYY-MM-DD HH24:MI:SS'));
INSERT INTO BOOKS_ADMIN."Order" (ID, CLIENTID, OPENEDDATE, CLOSEDDATE) VALUES (285, 6, TO_DATE('1993-08-14 00:00:00', 'YYYY-MM-DD HH24:MI:SS'), TO_DATE('2015-11-15 00:00:00', 'YYYY-MM-DD HH24:MI:SS'));
INSERT INTO BOOKS_ADMIN."Order" (ID, CLIENTID, OPENEDDATE, CLOSEDDATE) VALUES (286, 41, TO_DATE('1973-04-27 00:00:00', 'YYYY-MM-DD HH24:MI:SS'), TO_DATE('1979-08-27 00:00:00', 'YYYY-MM-DD HH24:MI:SS'));
INSERT INTO BOOKS_ADMIN."Order" (ID, CLIENTID, OPENEDDATE, CLOSEDDATE) VALUES (287, 46, TO_DATE('1974-05-12 00:00:00', 'YYYY-MM-DD HH24:MI:SS'), TO_DATE('1976-07-11 00:00:00', 'YYYY-MM-DD HH24:MI:SS'));
INSERT INTO BOOKS_ADMIN."Order" (ID, CLIENTID, OPENEDDATE, CLOSEDDATE) VALUES (288, 8, TO_DATE('1986-01-16 00:00:00', 'YYYY-MM-DD HH24:MI:SS'), TO_DATE('2004-08-09 00:00:00', 'YYYY-MM-DD HH24:MI:SS'));
INSERT INTO BOOKS_ADMIN."Order" (ID, CLIENTID, OPENEDDATE, CLOSEDDATE) VALUES (289, 32, TO_DATE('2009-08-10 00:00:00', 'YYYY-MM-DD HH24:MI:SS'), TO_DATE('2013-04-04 00:00:00', 'YYYY-MM-DD HH24:MI:SS'));
INSERT INTO BOOKS_ADMIN."Order" (ID, CLIENTID, OPENEDDATE, CLOSEDDATE) VALUES (290, 30, TO_DATE('1994-09-05 00:00:00', 'YYYY-MM-DD HH24:MI:SS'), TO_DATE('2011-03-14 00:00:00', 'YYYY-MM-DD HH24:MI:SS'));
INSERT INTO BOOKS_ADMIN."Order" (ID, CLIENTID, OPENEDDATE, CLOSEDDATE) VALUES (291, 38, TO_DATE('1998-08-23 00:00:00', 'YYYY-MM-DD HH24:MI:SS'), TO_DATE('2011-03-12 00:00:00', 'YYYY-MM-DD HH24:MI:SS'));
INSERT INTO BOOKS_ADMIN."Order" (ID, CLIENTID, OPENEDDATE, CLOSEDDATE) VALUES (292, 44, TO_DATE('1979-09-30 00:00:00', 'YYYY-MM-DD HH24:MI:SS'), TO_DATE('2006-11-16 00:00:00', 'YYYY-MM-DD HH24:MI:SS'));
INSERT INTO BOOKS_ADMIN."Order" (ID, CLIENTID, OPENEDDATE, CLOSEDDATE) VALUES (293, 39, TO_DATE('2016-10-02 00:00:00', 'YYYY-MM-DD HH24:MI:SS'), TO_DATE('2016-10-29 00:00:00', 'YYYY-MM-DD HH24:MI:SS'));
INSERT INTO BOOKS_ADMIN."Order" (ID, CLIENTID, OPENEDDATE, CLOSEDDATE) VALUES (294, 2, TO_DATE('1992-06-29 00:00:00', 'YYYY-MM-DD HH24:MI:SS'), TO_DATE('2002-05-10 00:00:00', 'YYYY-MM-DD HH24:MI:SS'));
INSERT INTO BOOKS_ADMIN."Order" (ID, CLIENTID, OPENEDDATE, CLOSEDDATE) VALUES (295, 48, TO_DATE('1983-02-01 00:00:00', 'YYYY-MM-DD HH24:MI:SS'), TO_DATE('2006-05-03 00:00:00', 'YYYY-MM-DD HH24:MI:SS'));
INSERT INTO BOOKS_ADMIN."Order" (ID, CLIENTID, OPENEDDATE, CLOSEDDATE) VALUES (296, 32, TO_DATE('1966-01-02 00:00:00', 'YYYY-MM-DD HH24:MI:SS'), TO_DATE('1983-07-21 00:00:00', 'YYYY-MM-DD HH24:MI:SS'));
INSERT INTO BOOKS_ADMIN."Order" (ID, CLIENTID, OPENEDDATE, CLOSEDDATE) VALUES (297, 22, TO_DATE('1985-09-03 00:00:00', 'YYYY-MM-DD HH24:MI:SS'), TO_DATE('2011-11-17 00:00:00', 'YYYY-MM-DD HH24:MI:SS'));
INSERT INTO BOOKS_ADMIN."Order" (ID, CLIENTID, OPENEDDATE, CLOSEDDATE) VALUES (298, 21, TO_DATE('1998-10-06 00:00:00', 'YYYY-MM-DD HH24:MI:SS'), TO_DATE('2014-09-10 00:00:00', 'YYYY-MM-DD HH24:MI:SS'));
INSERT INTO BOOKS_ADMIN."Order" (ID, CLIENTID, OPENEDDATE, CLOSEDDATE) VALUES (299, 12, TO_DATE('2006-10-03 00:00:00', 'YYYY-MM-DD HH24:MI:SS'), TO_DATE('2008-01-02 00:00:00', 'YYYY-MM-DD HH24:MI:SS'));
INSERT INTO BOOKS_ADMIN."Order" (ID, CLIENTID, OPENEDDATE, CLOSEDDATE) VALUES (300, 30, TO_DATE('2004-03-26 00:00:00', 'YYYY-MM-DD HH24:MI:SS'), TO_DATE('2008-02-22 00:00:00', 'YYYY-MM-DD HH24:MI:SS'));
INSERT INTO BOOKS_ADMIN."Order" (ID, CLIENTID, OPENEDDATE, CLOSEDDATE) VALUES (301, 16, TO_DATE('1984-08-10 00:00:00', 'YYYY-MM-DD HH24:MI:SS'), TO_DATE('2016-09-29 00:00:00', 'YYYY-MM-DD HH24:MI:SS'));
INSERT INTO BOOKS_ADMIN."Order" (ID, CLIENTID, OPENEDDATE, CLOSEDDATE) VALUES (302, 10, TO_DATE('1981-12-21 00:00:00', 'YYYY-MM-DD HH24:MI:SS'), TO_DATE('1988-12-01 00:00:00', 'YYYY-MM-DD HH24:MI:SS'));
INSERT INTO BOOKS_ADMIN."Order" (ID, CLIENTID, OPENEDDATE, CLOSEDDATE) VALUES (303, 28, TO_DATE('1992-08-20 00:00:00', 'YYYY-MM-DD HH24:MI:SS'), TO_DATE('1995-09-05 00:00:00', 'YYYY-MM-DD HH24:MI:SS'));
INSERT INTO BOOKS_ADMIN."Order" (ID, CLIENTID, OPENEDDATE, CLOSEDDATE) VALUES (304, 34, TO_DATE('1991-01-11 00:00:00', 'YYYY-MM-DD HH24:MI:SS'), TO_DATE('2013-01-20 00:00:00', 'YYYY-MM-DD HH24:MI:SS'));
INSERT INTO BOOKS_ADMIN."Order" (ID, CLIENTID, OPENEDDATE, CLOSEDDATE) VALUES (305, 2, TO_DATE('2015-12-18 00:00:00', 'YYYY-MM-DD HH24:MI:SS'), TO_DATE('2015-12-24 00:00:00', 'YYYY-MM-DD HH24:MI:SS'));
INSERT INTO BOOKS_ADMIN."Order" (ID, CLIENTID, OPENEDDATE, CLOSEDDATE) VALUES (306, 47, TO_DATE('1978-11-01 00:00:00', 'YYYY-MM-DD HH24:MI:SS'), TO_DATE('1988-07-26 00:00:00', 'YYYY-MM-DD HH24:MI:SS'));
INSERT INTO BOOKS_ADMIN."Order" (ID, CLIENTID, OPENEDDATE, CLOSEDDATE) VALUES (307, 35, TO_DATE('2007-06-02 00:00:00', 'YYYY-MM-DD HH24:MI:SS'), TO_DATE('2016-10-09 00:00:00', 'YYYY-MM-DD HH24:MI:SS'));
INSERT INTO BOOKS_ADMIN."Order" (ID, CLIENTID, OPENEDDATE, CLOSEDDATE) VALUES (308, 26, TO_DATE('1969-09-27 00:00:00', 'YYYY-MM-DD HH24:MI:SS'), TO_DATE('1978-11-15 00:00:00', 'YYYY-MM-DD HH24:MI:SS'));
INSERT INTO BOOKS_ADMIN."Order" (ID, CLIENTID, OPENEDDATE, CLOSEDDATE) VALUES (309, 5, TO_DATE('1967-05-22 00:00:00', 'YYYY-MM-DD HH24:MI:SS'), TO_DATE('1969-07-03 00:00:00', 'YYYY-MM-DD HH24:MI:SS'));
INSERT INTO BOOKS_ADMIN."Order" (ID, CLIENTID, OPENEDDATE, CLOSEDDATE) VALUES (310, 27, TO_DATE('1972-09-03 00:00:00', 'YYYY-MM-DD HH24:MI:SS'), TO_DATE('1985-11-18 00:00:00', 'YYYY-MM-DD HH24:MI:SS'));
INSERT INTO BOOKS_ADMIN."Order" (ID, CLIENTID, OPENEDDATE, CLOSEDDATE) VALUES (311, 15, TO_DATE('1993-11-07 00:00:00', 'YYYY-MM-DD HH24:MI:SS'), TO_DATE('1998-02-15 00:00:00', 'YYYY-MM-DD HH24:MI:SS'));
INSERT INTO BOOKS_ADMIN."Order" (ID, CLIENTID, OPENEDDATE, CLOSEDDATE) VALUES (312, 33, TO_DATE('1989-12-16 00:00:00', 'YYYY-MM-DD HH24:MI:SS'), TO_DATE('1991-12-15 00:00:00', 'YYYY-MM-DD HH24:MI:SS'));
INSERT INTO BOOKS_ADMIN."Order" (ID, CLIENTID, OPENEDDATE, CLOSEDDATE) VALUES (313, 28, TO_DATE('1968-03-24 00:00:00', 'YYYY-MM-DD HH24:MI:SS'), TO_DATE('2003-04-21 00:00:00', 'YYYY-MM-DD HH24:MI:SS'));
INSERT INTO BOOKS_ADMIN."Order" (ID, CLIENTID, OPENEDDATE, CLOSEDDATE) VALUES (314, 23, TO_DATE('1991-02-28 00:00:00', 'YYYY-MM-DD HH24:MI:SS'), TO_DATE('2003-08-28 00:00:00', 'YYYY-MM-DD HH24:MI:SS'));
INSERT INTO BOOKS_ADMIN."Order" (ID, CLIENTID, OPENEDDATE, CLOSEDDATE) VALUES (315, 20, TO_DATE('2016-09-12 00:00:00', 'YYYY-MM-DD HH24:MI:SS'), TO_DATE('2016-09-26 00:00:00', 'YYYY-MM-DD HH24:MI:SS'));
INSERT INTO BOOKS_ADMIN."Order" (ID, CLIENTID, OPENEDDATE, CLOSEDDATE) VALUES (316, 43, TO_DATE('1973-10-30 00:00:00', 'YYYY-MM-DD HH24:MI:SS'), TO_DATE('1995-12-27 00:00:00', 'YYYY-MM-DD HH24:MI:SS'));
INSERT INTO BOOKS_ADMIN."Order" (ID, CLIENTID, OPENEDDATE, CLOSEDDATE) VALUES (317, 10, TO_DATE('2013-01-21 00:00:00', 'YYYY-MM-DD HH24:MI:SS'), TO_DATE('2015-12-11 00:00:00', 'YYYY-MM-DD HH24:MI:SS'));
INSERT INTO BOOKS_ADMIN."Order" (ID, CLIENTID, OPENEDDATE, CLOSEDDATE) VALUES (318, 41, TO_DATE('1964-07-05 00:00:00', 'YYYY-MM-DD HH24:MI:SS'), TO_DATE('2011-04-17 00:00:00', 'YYYY-MM-DD HH24:MI:SS'));
INSERT INTO BOOKS_ADMIN."Order" (ID, CLIENTID, OPENEDDATE, CLOSEDDATE) VALUES (319, 35, TO_DATE('1961-12-02 00:00:00', 'YYYY-MM-DD HH24:MI:SS'), TO_DATE('1984-06-02 00:00:00', 'YYYY-MM-DD HH24:MI:SS'));
INSERT INTO BOOKS_ADMIN."Order" (ID, CLIENTID, OPENEDDATE, CLOSEDDATE) VALUES (320, 22, TO_DATE('1993-04-09 00:00:00', 'YYYY-MM-DD HH24:MI:SS'), TO_DATE('1993-09-09 00:00:00', 'YYYY-MM-DD HH24:MI:SS'));
INSERT INTO BOOKS_ADMIN."Order" (ID, CLIENTID, OPENEDDATE, CLOSEDDATE) VALUES (321, 28, TO_DATE('1964-09-20 00:00:00', 'YYYY-MM-DD HH24:MI:SS'), TO_DATE('1975-02-01 00:00:00', 'YYYY-MM-DD HH24:MI:SS'));
INSERT INTO BOOKS_ADMIN."Order" (ID, CLIENTID, OPENEDDATE, CLOSEDDATE) VALUES (322, 44, TO_DATE('2000-11-14 00:00:00', 'YYYY-MM-DD HH24:MI:SS'), TO_DATE('2007-04-10 00:00:00', 'YYYY-MM-DD HH24:MI:SS'));
INSERT INTO BOOKS_ADMIN."Order" (ID, CLIENTID, OPENEDDATE, CLOSEDDATE) VALUES (323, 30, TO_DATE('2002-08-24 00:00:00', 'YYYY-MM-DD HH24:MI:SS'), TO_DATE('2008-03-03 00:00:00', 'YYYY-MM-DD HH24:MI:SS'));
INSERT INTO BOOKS_ADMIN."Order" (ID, CLIENTID, OPENEDDATE, CLOSEDDATE) VALUES (324, 9, TO_DATE('1960-04-27 00:00:00', 'YYYY-MM-DD HH24:MI:SS'), TO_DATE('2006-09-07 00:00:00', 'YYYY-MM-DD HH24:MI:SS'));
INSERT INTO BOOKS_ADMIN."Order" (ID, CLIENTID, OPENEDDATE, CLOSEDDATE) VALUES (325, 38, TO_DATE('1996-08-14 00:00:00', 'YYYY-MM-DD HH24:MI:SS'), TO_DATE('2001-10-14 00:00:00', 'YYYY-MM-DD HH24:MI:SS'));
INSERT INTO BOOKS_ADMIN."Order" (ID, CLIENTID, OPENEDDATE, CLOSEDDATE) VALUES (326, 11, TO_DATE('2007-06-07 00:00:00', 'YYYY-MM-DD HH24:MI:SS'), TO_DATE('2008-01-20 00:00:00', 'YYYY-MM-DD HH24:MI:SS'));
INSERT INTO BOOKS_ADMIN."Order" (ID, CLIENTID, OPENEDDATE, CLOSEDDATE) VALUES (327, 31, TO_DATE('1986-07-31 00:00:00', 'YYYY-MM-DD HH24:MI:SS'), TO_DATE('2008-04-29 00:00:00', 'YYYY-MM-DD HH24:MI:SS'));
INSERT INTO BOOKS_ADMIN."Order" (ID, CLIENTID, OPENEDDATE, CLOSEDDATE) VALUES (328, 45, TO_DATE('2004-01-11 00:00:00', 'YYYY-MM-DD HH24:MI:SS'), TO_DATE('2005-09-24 00:00:00', 'YYYY-MM-DD HH24:MI:SS'));
INSERT INTO BOOKS_ADMIN."Order" (ID, CLIENTID, OPENEDDATE, CLOSEDDATE) VALUES (329, 20, TO_DATE('1964-03-15 00:00:00', 'YYYY-MM-DD HH24:MI:SS'), TO_DATE('2016-04-10 00:00:00', 'YYYY-MM-DD HH24:MI:SS'));
INSERT INTO BOOKS_ADMIN."Order" (ID, CLIENTID, OPENEDDATE, CLOSEDDATE) VALUES (330, 49, TO_DATE('1983-02-09 00:00:00', 'YYYY-MM-DD HH24:MI:SS'), TO_DATE('2001-11-14 00:00:00', 'YYYY-MM-DD HH24:MI:SS'));
INSERT INTO BOOKS_ADMIN."Order" (ID, CLIENTID, OPENEDDATE, CLOSEDDATE) VALUES (331, 15, TO_DATE('1986-06-23 00:00:00', 'YYYY-MM-DD HH24:MI:SS'), TO_DATE('1991-04-11 00:00:00', 'YYYY-MM-DD HH24:MI:SS'));
INSERT INTO BOOKS_ADMIN."Order" (ID, CLIENTID, OPENEDDATE, CLOSEDDATE) VALUES (332, 16, TO_DATE('1975-06-23 00:00:00', 'YYYY-MM-DD HH24:MI:SS'), TO_DATE('2007-12-13 00:00:00', 'YYYY-MM-DD HH24:MI:SS'));
INSERT INTO BOOKS_ADMIN."Order" (ID, CLIENTID, OPENEDDATE, CLOSEDDATE) VALUES (333, 29, TO_DATE('1989-04-21 00:00:00', 'YYYY-MM-DD HH24:MI:SS'), TO_DATE('2000-01-17 00:00:00', 'YYYY-MM-DD HH24:MI:SS'));
INSERT INTO BOOKS_ADMIN."Order" (ID, CLIENTID, OPENEDDATE, CLOSEDDATE) VALUES (334, 5, TO_DATE('1982-03-15 00:00:00', 'YYYY-MM-DD HH24:MI:SS'), TO_DATE('2011-09-11 00:00:00', 'YYYY-MM-DD HH24:MI:SS'));
INSERT INTO BOOKS_ADMIN."Order" (ID, CLIENTID, OPENEDDATE, CLOSEDDATE) VALUES (335, 38, TO_DATE('1973-11-26 00:00:00', 'YYYY-MM-DD HH24:MI:SS'), TO_DATE('2011-09-23 00:00:00', 'YYYY-MM-DD HH24:MI:SS'));
INSERT INTO BOOKS_ADMIN."Order" (ID, CLIENTID, OPENEDDATE, CLOSEDDATE) VALUES (336, 49, TO_DATE('1972-09-10 00:00:00', 'YYYY-MM-DD HH24:MI:SS'), TO_DATE('1993-02-20 00:00:00', 'YYYY-MM-DD HH24:MI:SS'));
INSERT INTO BOOKS_ADMIN."Order" (ID, CLIENTID, OPENEDDATE, CLOSEDDATE) VALUES (337, 29, TO_DATE('2002-03-14 00:00:00', 'YYYY-MM-DD HH24:MI:SS'), TO_DATE('2005-04-18 00:00:00', 'YYYY-MM-DD HH24:MI:SS'));
INSERT INTO BOOKS_ADMIN."Order" (ID, CLIENTID, OPENEDDATE, CLOSEDDATE) VALUES (338, 19, TO_DATE('1981-07-18 00:00:00', 'YYYY-MM-DD HH24:MI:SS'), TO_DATE('1991-02-11 00:00:00', 'YYYY-MM-DD HH24:MI:SS'));
INSERT INTO BOOKS_ADMIN."Order" (ID, CLIENTID, OPENEDDATE, CLOSEDDATE) VALUES (339, 48, TO_DATE('1981-12-07 00:00:00', 'YYYY-MM-DD HH24:MI:SS'), TO_DATE('2013-03-08 00:00:00', 'YYYY-MM-DD HH24:MI:SS'));
INSERT INTO BOOKS_ADMIN."Order" (ID, CLIENTID, OPENEDDATE, CLOSEDDATE) VALUES (340, 12, TO_DATE('1979-09-03 00:00:00', 'YYYY-MM-DD HH24:MI:SS'), TO_DATE('1985-11-28 00:00:00', 'YYYY-MM-DD HH24:MI:SS'));
INSERT INTO BOOKS_ADMIN."Order" (ID, CLIENTID, OPENEDDATE, CLOSEDDATE) VALUES (341, 15, TO_DATE('2008-12-06 00:00:00', 'YYYY-MM-DD HH24:MI:SS'), TO_DATE('2009-06-17 00:00:00', 'YYYY-MM-DD HH24:MI:SS'));
INSERT INTO BOOKS_ADMIN."Order" (ID, CLIENTID, OPENEDDATE, CLOSEDDATE) VALUES (342, 12, TO_DATE('1971-10-29 00:00:00', 'YYYY-MM-DD HH24:MI:SS'), TO_DATE('1993-05-05 00:00:00', 'YYYY-MM-DD HH24:MI:SS'));
INSERT INTO BOOKS_ADMIN."Order" (ID, CLIENTID, OPENEDDATE, CLOSEDDATE) VALUES (343, 1, TO_DATE('1991-02-08 00:00:00', 'YYYY-MM-DD HH24:MI:SS'), TO_DATE('2006-06-29 00:00:00', 'YYYY-MM-DD HH24:MI:SS'));
INSERT INTO BOOKS_ADMIN."Order" (ID, CLIENTID, OPENEDDATE, CLOSEDDATE) VALUES (344, 35, TO_DATE('2015-07-11 00:00:00', 'YYYY-MM-DD HH24:MI:SS'), TO_DATE('2016-11-06 00:00:00', 'YYYY-MM-DD HH24:MI:SS'));
INSERT INTO BOOKS_ADMIN."Order" (ID, CLIENTID, OPENEDDATE, CLOSEDDATE) VALUES (345, 8, TO_DATE('1981-01-06 00:00:00', 'YYYY-MM-DD HH24:MI:SS'), TO_DATE('1989-10-26 00:00:00', 'YYYY-MM-DD HH24:MI:SS'));
INSERT INTO BOOKS_ADMIN."Order" (ID, CLIENTID, OPENEDDATE, CLOSEDDATE) VALUES (346, 37, TO_DATE('1969-04-08 00:00:00', 'YYYY-MM-DD HH24:MI:SS'), TO_DATE('1997-04-27 00:00:00', 'YYYY-MM-DD HH24:MI:SS'));
INSERT INTO BOOKS_ADMIN."Order" (ID, CLIENTID, OPENEDDATE, CLOSEDDATE) VALUES (347, 12, TO_DATE('1978-05-19 00:00:00', 'YYYY-MM-DD HH24:MI:SS'), TO_DATE('1996-11-10 00:00:00', 'YYYY-MM-DD HH24:MI:SS'));
INSERT INTO BOOKS_ADMIN."Order" (ID, CLIENTID, OPENEDDATE, CLOSEDDATE) VALUES (348, 8, TO_DATE('2003-11-12 00:00:00', 'YYYY-MM-DD HH24:MI:SS'), TO_DATE('2009-02-20 00:00:00', 'YYYY-MM-DD HH24:MI:SS'));
INSERT INTO BOOKS_ADMIN."Order" (ID, CLIENTID, OPENEDDATE, CLOSEDDATE) VALUES (349, 1, TO_DATE('1965-06-06 00:00:00', 'YYYY-MM-DD HH24:MI:SS'), TO_DATE('1980-02-07 00:00:00', 'YYYY-MM-DD HH24:MI:SS'));
INSERT INTO BOOKS_ADMIN."Order" (ID, CLIENTID, OPENEDDATE, CLOSEDDATE) VALUES (350, 25, TO_DATE('1997-10-05 00:00:00', 'YYYY-MM-DD HH24:MI:SS'), TO_DATE('1998-01-01 00:00:00', 'YYYY-MM-DD HH24:MI:SS'));
INSERT INTO BOOKS_ADMIN."Order" (ID, CLIENTID, OPENEDDATE, CLOSEDDATE) VALUES (351, 33, TO_DATE('1997-06-15 00:00:00', 'YYYY-MM-DD HH24:MI:SS'), TO_DATE('2015-03-29 00:00:00', 'YYYY-MM-DD HH24:MI:SS'));
INSERT INTO BOOKS_ADMIN."Order" (ID, CLIENTID, OPENEDDATE, CLOSEDDATE) VALUES (352, 10, TO_DATE('2012-05-06 00:00:00', 'YYYY-MM-DD HH24:MI:SS'), TO_DATE('2016-04-09 00:00:00', 'YYYY-MM-DD HH24:MI:SS'));
INSERT INTO BOOKS_ADMIN."Order" (ID, CLIENTID, OPENEDDATE, CLOSEDDATE) VALUES (353, 37, TO_DATE('1967-09-18 00:00:00', 'YYYY-MM-DD HH24:MI:SS'), TO_DATE('1987-11-22 00:00:00', 'YYYY-MM-DD HH24:MI:SS'));
INSERT INTO BOOKS_ADMIN."Order" (ID, CLIENTID, OPENEDDATE, CLOSEDDATE) VALUES (354, 35, TO_DATE('1965-08-08 00:00:00', 'YYYY-MM-DD HH24:MI:SS'), TO_DATE('1985-02-08 00:00:00', 'YYYY-MM-DD HH24:MI:SS'));
INSERT INTO BOOKS_ADMIN."Order" (ID, CLIENTID, OPENEDDATE, CLOSEDDATE) VALUES (355, 36, TO_DATE('1998-05-15 00:00:00', 'YYYY-MM-DD HH24:MI:SS'), TO_DATE('2013-09-30 00:00:00', 'YYYY-MM-DD HH24:MI:SS'));
INSERT INTO BOOKS_ADMIN."Order" (ID, CLIENTID, OPENEDDATE, CLOSEDDATE) VALUES (356, 43, TO_DATE('1977-12-21 00:00:00', 'YYYY-MM-DD HH24:MI:SS'), TO_DATE('2011-08-10 00:00:00', 'YYYY-MM-DD HH24:MI:SS'));
INSERT INTO BOOKS_ADMIN."Order" (ID, CLIENTID, OPENEDDATE, CLOSEDDATE) VALUES (357, 1, TO_DATE('1970-08-13 00:00:00', 'YYYY-MM-DD HH24:MI:SS'), TO_DATE('1990-08-31 00:00:00', 'YYYY-MM-DD HH24:MI:SS'));
INSERT INTO BOOKS_ADMIN."Order" (ID, CLIENTID, OPENEDDATE, CLOSEDDATE) VALUES (358, 30, TO_DATE('1984-08-28 00:00:00', 'YYYY-MM-DD HH24:MI:SS'), TO_DATE('2010-03-06 00:00:00', 'YYYY-MM-DD HH24:MI:SS'));
INSERT INTO BOOKS_ADMIN."Order" (ID, CLIENTID, OPENEDDATE, CLOSEDDATE) VALUES (359, 23, TO_DATE('2001-01-14 00:00:00', 'YYYY-MM-DD HH24:MI:SS'), TO_DATE('2007-10-19 00:00:00', 'YYYY-MM-DD HH24:MI:SS'));
INSERT INTO BOOKS_ADMIN."Order" (ID, CLIENTID, OPENEDDATE, CLOSEDDATE) VALUES (360, 4, TO_DATE('1984-07-07 00:00:00', 'YYYY-MM-DD HH24:MI:SS'), TO_DATE('2007-05-06 00:00:00', 'YYYY-MM-DD HH24:MI:SS'));
INSERT INTO BOOKS_ADMIN."Order" (ID, CLIENTID, OPENEDDATE, CLOSEDDATE) VALUES (361, 24, TO_DATE('2009-01-02 00:00:00', 'YYYY-MM-DD HH24:MI:SS'), TO_DATE('2011-07-28 00:00:00', 'YYYY-MM-DD HH24:MI:SS'));
INSERT INTO BOOKS_ADMIN."Order" (ID, CLIENTID, OPENEDDATE, CLOSEDDATE) VALUES (362, 33, TO_DATE('1989-09-02 00:00:00', 'YYYY-MM-DD HH24:MI:SS'), TO_DATE('2003-12-06 00:00:00', 'YYYY-MM-DD HH24:MI:SS'));
INSERT INTO BOOKS_ADMIN."Order" (ID, CLIENTID, OPENEDDATE, CLOSEDDATE) VALUES (363, 47, TO_DATE('1961-01-28 00:00:00', 'YYYY-MM-DD HH24:MI:SS'), TO_DATE('1984-08-19 00:00:00', 'YYYY-MM-DD HH24:MI:SS'));
INSERT INTO BOOKS_ADMIN."Order" (ID, CLIENTID, OPENEDDATE, CLOSEDDATE) VALUES (364, 37, TO_DATE('1974-11-23 00:00:00', 'YYYY-MM-DD HH24:MI:SS'), TO_DATE('1998-03-31 00:00:00', 'YYYY-MM-DD HH24:MI:SS'));
INSERT INTO BOOKS_ADMIN."Order" (ID, CLIENTID, OPENEDDATE, CLOSEDDATE) VALUES (365, 10, TO_DATE('1963-07-14 00:00:00', 'YYYY-MM-DD HH24:MI:SS'), TO_DATE('1999-03-17 00:00:00', 'YYYY-MM-DD HH24:MI:SS'));
INSERT INTO BOOKS_ADMIN."Order" (ID, CLIENTID, OPENEDDATE, CLOSEDDATE) VALUES (366, 12, TO_DATE('1979-07-02 00:00:00', 'YYYY-MM-DD HH24:MI:SS'), TO_DATE('1994-04-27 00:00:00', 'YYYY-MM-DD HH24:MI:SS'));
INSERT INTO BOOKS_ADMIN."Order" (ID, CLIENTID, OPENEDDATE, CLOSEDDATE) VALUES (367, 20, TO_DATE('1975-06-02 00:00:00', 'YYYY-MM-DD HH24:MI:SS'), TO_DATE('2000-01-19 00:00:00', 'YYYY-MM-DD HH24:MI:SS'));
INSERT INTO BOOKS_ADMIN."Order" (ID, CLIENTID, OPENEDDATE, CLOSEDDATE) VALUES (368, 42, TO_DATE('2014-11-21 00:00:00', 'YYYY-MM-DD HH24:MI:SS'), TO_DATE('2014-12-18 00:00:00', 'YYYY-MM-DD HH24:MI:SS'));
INSERT INTO BOOKS_ADMIN."Order" (ID, CLIENTID, OPENEDDATE, CLOSEDDATE) VALUES (369, 38, TO_DATE('1994-05-15 00:00:00', 'YYYY-MM-DD HH24:MI:SS'), TO_DATE('1999-05-27 00:00:00', 'YYYY-MM-DD HH24:MI:SS'));
INSERT INTO BOOKS_ADMIN."Order" (ID, CLIENTID, OPENEDDATE, CLOSEDDATE) VALUES (370, 1, TO_DATE('1966-04-27 00:00:00', 'YYYY-MM-DD HH24:MI:SS'), TO_DATE('2003-11-15 00:00:00', 'YYYY-MM-DD HH24:MI:SS'));
INSERT INTO BOOKS_ADMIN."Order" (ID, CLIENTID, OPENEDDATE, CLOSEDDATE) VALUES (371, 18, TO_DATE('1978-05-22 00:00:00', 'YYYY-MM-DD HH24:MI:SS'), TO_DATE('1987-12-29 00:00:00', 'YYYY-MM-DD HH24:MI:SS'));
INSERT INTO BOOKS_ADMIN."Order" (ID, CLIENTID, OPENEDDATE, CLOSEDDATE) VALUES (372, 35, TO_DATE('2015-04-10 00:00:00', 'YYYY-MM-DD HH24:MI:SS'), TO_DATE('2015-10-26 00:00:00', 'YYYY-MM-DD HH24:MI:SS'));
INSERT INTO BOOKS_ADMIN."Order" (ID, CLIENTID, OPENEDDATE, CLOSEDDATE) VALUES (373, 13, TO_DATE('1995-06-25 00:00:00', 'YYYY-MM-DD HH24:MI:SS'), TO_DATE('1999-05-18 00:00:00', 'YYYY-MM-DD HH24:MI:SS'));
INSERT INTO BOOKS_ADMIN."Order" (ID, CLIENTID, OPENEDDATE, CLOSEDDATE) VALUES (374, 12, TO_DATE('1963-03-22 00:00:00', 'YYYY-MM-DD HH24:MI:SS'), TO_DATE('2007-11-04 00:00:00', 'YYYY-MM-DD HH24:MI:SS'));
INSERT INTO BOOKS_ADMIN."Order" (ID, CLIENTID, OPENEDDATE, CLOSEDDATE) VALUES (375, 30, TO_DATE('1983-02-26 00:00:00', 'YYYY-MM-DD HH24:MI:SS'), TO_DATE('1992-12-14 00:00:00', 'YYYY-MM-DD HH24:MI:SS'));
INSERT INTO BOOKS_ADMIN."Order" (ID, CLIENTID, OPENEDDATE, CLOSEDDATE) VALUES (376, 11, TO_DATE('1982-01-06 00:00:00', 'YYYY-MM-DD HH24:MI:SS'), TO_DATE('1991-03-13 00:00:00', 'YYYY-MM-DD HH24:MI:SS'));
INSERT INTO BOOKS_ADMIN."Order" (ID, CLIENTID, OPENEDDATE, CLOSEDDATE) VALUES (377, 16, TO_DATE('1990-02-02 00:00:00', 'YYYY-MM-DD HH24:MI:SS'), TO_DATE('2013-08-13 00:00:00', 'YYYY-MM-DD HH24:MI:SS'));
INSERT INTO BOOKS_ADMIN."Order" (ID, CLIENTID, OPENEDDATE, CLOSEDDATE) VALUES (378, 33, TO_DATE('1985-05-09 00:00:00', 'YYYY-MM-DD HH24:MI:SS'), TO_DATE('2003-10-17 00:00:00', 'YYYY-MM-DD HH24:MI:SS'));
INSERT INTO BOOKS_ADMIN."Order" (ID, CLIENTID, OPENEDDATE, CLOSEDDATE) VALUES (379, 37, TO_DATE('2002-09-10 00:00:00', 'YYYY-MM-DD HH24:MI:SS'), TO_DATE('2002-10-16 00:00:00', 'YYYY-MM-DD HH24:MI:SS'));
INSERT INTO BOOKS_ADMIN."Order" (ID, CLIENTID, OPENEDDATE, CLOSEDDATE) VALUES (380, 18, TO_DATE('1988-03-04 00:00:00', 'YYYY-MM-DD HH24:MI:SS'), TO_DATE('2007-02-15 00:00:00', 'YYYY-MM-DD HH24:MI:SS'));
INSERT INTO BOOKS_ADMIN."Order" (ID, CLIENTID, OPENEDDATE, CLOSEDDATE) VALUES (381, 37, TO_DATE('1993-04-09 00:00:00', 'YYYY-MM-DD HH24:MI:SS'), TO_DATE('2005-02-02 00:00:00', 'YYYY-MM-DD HH24:MI:SS'));
INSERT INTO BOOKS_ADMIN."Order" (ID, CLIENTID, OPENEDDATE, CLOSEDDATE) VALUES (382, 11, TO_DATE('1978-03-11 00:00:00', 'YYYY-MM-DD HH24:MI:SS'), TO_DATE('1984-01-26 00:00:00', 'YYYY-MM-DD HH24:MI:SS'));
INSERT INTO BOOKS_ADMIN."Order" (ID, CLIENTID, OPENEDDATE, CLOSEDDATE) VALUES (383, 7, TO_DATE('1963-10-13 00:00:00', 'YYYY-MM-DD HH24:MI:SS'), TO_DATE('1977-10-21 00:00:00', 'YYYY-MM-DD HH24:MI:SS'));
INSERT INTO BOOKS_ADMIN."Order" (ID, CLIENTID, OPENEDDATE, CLOSEDDATE) VALUES (384, 17, TO_DATE('1982-02-09 00:00:00', 'YYYY-MM-DD HH24:MI:SS'), TO_DATE('2005-02-20 00:00:00', 'YYYY-MM-DD HH24:MI:SS'));
INSERT INTO BOOKS_ADMIN."Order" (ID, CLIENTID, OPENEDDATE, CLOSEDDATE) VALUES (385, 14, TO_DATE('1966-10-17 00:00:00', 'YYYY-MM-DD HH24:MI:SS'), TO_DATE('2002-07-03 00:00:00', 'YYYY-MM-DD HH24:MI:SS'));
INSERT INTO BOOKS_ADMIN."Order" (ID, CLIENTID, OPENEDDATE, CLOSEDDATE) VALUES (386, 47, TO_DATE('1966-10-07 00:00:00', 'YYYY-MM-DD HH24:MI:SS'), TO_DATE('2013-08-25 00:00:00', 'YYYY-MM-DD HH24:MI:SS'));
INSERT INTO BOOKS_ADMIN."Order" (ID, CLIENTID, OPENEDDATE, CLOSEDDATE) VALUES (387, 35, TO_DATE('1979-11-20 00:00:00', 'YYYY-MM-DD HH24:MI:SS'), TO_DATE('1980-11-13 00:00:00', 'YYYY-MM-DD HH24:MI:SS'));
INSERT INTO BOOKS_ADMIN."Order" (ID, CLIENTID, OPENEDDATE, CLOSEDDATE) VALUES (388, 8, TO_DATE('1988-07-30 00:00:00', 'YYYY-MM-DD HH24:MI:SS'), TO_DATE('1997-09-03 00:00:00', 'YYYY-MM-DD HH24:MI:SS'));
INSERT INTO BOOKS_ADMIN."Order" (ID, CLIENTID, OPENEDDATE, CLOSEDDATE) VALUES (389, 24, TO_DATE('1965-02-04 00:00:00', 'YYYY-MM-DD HH24:MI:SS'), TO_DATE('1966-12-24 00:00:00', 'YYYY-MM-DD HH24:MI:SS'));
INSERT INTO BOOKS_ADMIN."Order" (ID, CLIENTID, OPENEDDATE, CLOSEDDATE) VALUES (390, 30, TO_DATE('1981-01-28 00:00:00', 'YYYY-MM-DD HH24:MI:SS'), TO_DATE('2011-04-12 00:00:00', 'YYYY-MM-DD HH24:MI:SS'));
INSERT INTO BOOKS_ADMIN."Order" (ID, CLIENTID, OPENEDDATE, CLOSEDDATE) VALUES (391, 33, TO_DATE('1991-11-18 00:00:00', 'YYYY-MM-DD HH24:MI:SS'), TO_DATE('2001-04-04 00:00:00', 'YYYY-MM-DD HH24:MI:SS'));
INSERT INTO BOOKS_ADMIN."Order" (ID, CLIENTID, OPENEDDATE, CLOSEDDATE) VALUES (392, 37, TO_DATE('1982-02-28 00:00:00', 'YYYY-MM-DD HH24:MI:SS'), TO_DATE('1993-07-12 00:00:00', 'YYYY-MM-DD HH24:MI:SS'));
INSERT INTO BOOKS_ADMIN."Order" (ID, CLIENTID, OPENEDDATE, CLOSEDDATE) VALUES (393, 15, TO_DATE('2006-03-21 00:00:00', 'YYYY-MM-DD HH24:MI:SS'), TO_DATE('2007-12-01 00:00:00', 'YYYY-MM-DD HH24:MI:SS'));
INSERT INTO BOOKS_ADMIN."Order" (ID, CLIENTID, OPENEDDATE, CLOSEDDATE) VALUES (394, 16, TO_DATE('2000-03-14 00:00:00', 'YYYY-MM-DD HH24:MI:SS'), TO_DATE('2007-11-10 00:00:00', 'YYYY-MM-DD HH24:MI:SS'));
INSERT INTO BOOKS_ADMIN."Order" (ID, CLIENTID, OPENEDDATE, CLOSEDDATE) VALUES (395, 10, TO_DATE('1991-11-01 00:00:00', 'YYYY-MM-DD HH24:MI:SS'), TO_DATE('2016-06-19 00:00:00', 'YYYY-MM-DD HH24:MI:SS'));
INSERT INTO BOOKS_ADMIN."Order" (ID, CLIENTID, OPENEDDATE, CLOSEDDATE) VALUES (396, 22, TO_DATE('2009-05-25 00:00:00', 'YYYY-MM-DD HH24:MI:SS'), TO_DATE('2011-06-06 00:00:00', 'YYYY-MM-DD HH24:MI:SS'));
INSERT INTO BOOKS_ADMIN."Order" (ID, CLIENTID, OPENEDDATE, CLOSEDDATE) VALUES (397, 13, TO_DATE('2006-04-02 00:00:00', 'YYYY-MM-DD HH24:MI:SS'), TO_DATE('2011-07-05 00:00:00', 'YYYY-MM-DD HH24:MI:SS'));
INSERT INTO BOOKS_ADMIN."Order" (ID, CLIENTID, OPENEDDATE, CLOSEDDATE) VALUES (398, 14, TO_DATE('2010-10-26 00:00:00', 'YYYY-MM-DD HH24:MI:SS'), TO_DATE('2016-05-02 00:00:00', 'YYYY-MM-DD HH24:MI:SS'));
INSERT INTO BOOKS_ADMIN."Order" (ID, CLIENTID, OPENEDDATE, CLOSEDDATE) VALUES (399, 23, TO_DATE('1970-04-26 00:00:00', 'YYYY-MM-DD HH24:MI:SS'), TO_DATE('1985-01-14 00:00:00', 'YYYY-MM-DD HH24:MI:SS'));
INSERT INTO BOOKS_ADMIN."Order" (ID, CLIENTID, OPENEDDATE, CLOSEDDATE) VALUES (400, 29, TO_DATE('2007-10-30 00:00:00', 'YYYY-MM-DD HH24:MI:SS'), TO_DATE('2015-07-25 00:00:00', 'YYYY-MM-DD HH24:MI:SS'));
INSERT INTO BOOKS_ADMIN."Order" (ID, CLIENTID, OPENEDDATE, CLOSEDDATE) VALUES (401, 19, TO_DATE('1967-05-14 00:00:00', 'YYYY-MM-DD HH24:MI:SS'), TO_DATE('1976-04-25 00:00:00', 'YYYY-MM-DD HH24:MI:SS'));
INSERT INTO BOOKS_ADMIN."Order" (ID, CLIENTID, OPENEDDATE, CLOSEDDATE) VALUES (402, 49, TO_DATE('1985-06-06 00:00:00', 'YYYY-MM-DD HH24:MI:SS'), TO_DATE('2005-02-09 00:00:00', 'YYYY-MM-DD HH24:MI:SS'));
INSERT INTO BOOKS_ADMIN."Order" (ID, CLIENTID, OPENEDDATE, CLOSEDDATE) VALUES (403, 40, TO_DATE('2009-04-22 00:00:00', 'YYYY-MM-DD HH24:MI:SS'), TO_DATE('2015-06-23 00:00:00', 'YYYY-MM-DD HH24:MI:SS'));
INSERT INTO BOOKS_ADMIN."Order" (ID, CLIENTID, OPENEDDATE, CLOSEDDATE) VALUES (404, 1, TO_DATE('1975-05-04 00:00:00', 'YYYY-MM-DD HH24:MI:SS'), TO_DATE('1989-05-19 00:00:00', 'YYYY-MM-DD HH24:MI:SS'));
INSERT INTO BOOKS_ADMIN."Order" (ID, CLIENTID, OPENEDDATE, CLOSEDDATE) VALUES (405, 8, TO_DATE('2002-04-01 00:00:00', 'YYYY-MM-DD HH24:MI:SS'), TO_DATE('2008-01-24 00:00:00', 'YYYY-MM-DD HH24:MI:SS'));
INSERT INTO BOOKS_ADMIN."Order" (ID, CLIENTID, OPENEDDATE, CLOSEDDATE) VALUES (406, 18, TO_DATE('1992-08-27 00:00:00', 'YYYY-MM-DD HH24:MI:SS'), TO_DATE('2009-04-15 00:00:00', 'YYYY-MM-DD HH24:MI:SS'));
INSERT INTO BOOKS_ADMIN."Order" (ID, CLIENTID, OPENEDDATE, CLOSEDDATE) VALUES (407, 4, TO_DATE('1972-02-08 00:00:00', 'YYYY-MM-DD HH24:MI:SS'), TO_DATE('1989-02-12 00:00:00', 'YYYY-MM-DD HH24:MI:SS'));
INSERT INTO BOOKS_ADMIN."Order" (ID, CLIENTID, OPENEDDATE, CLOSEDDATE) VALUES (408, 45, TO_DATE('1978-03-30 00:00:00', 'YYYY-MM-DD HH24:MI:SS'), TO_DATE('1994-01-13 00:00:00', 'YYYY-MM-DD HH24:MI:SS'));
INSERT INTO BOOKS_ADMIN."Order" (ID, CLIENTID, OPENEDDATE, CLOSEDDATE) VALUES (409, 3, TO_DATE('1972-11-18 00:00:00', 'YYYY-MM-DD HH24:MI:SS'), TO_DATE('1976-04-29 00:00:00', 'YYYY-MM-DD HH24:MI:SS'));
INSERT INTO BOOKS_ADMIN."Order" (ID, CLIENTID, OPENEDDATE, CLOSEDDATE) VALUES (410, 45, TO_DATE('1991-01-21 00:00:00', 'YYYY-MM-DD HH24:MI:SS'), TO_DATE('2015-08-23 00:00:00', 'YYYY-MM-DD HH24:MI:SS'));
INSERT INTO BOOKS_ADMIN."Order" (ID, CLIENTID, OPENEDDATE, CLOSEDDATE) VALUES (411, 18, TO_DATE('1980-08-28 00:00:00', 'YYYY-MM-DD HH24:MI:SS'), TO_DATE('2012-01-20 00:00:00', 'YYYY-MM-DD HH24:MI:SS'));
INSERT INTO BOOKS_ADMIN."Order" (ID, CLIENTID, OPENEDDATE, CLOSEDDATE) VALUES (412, 37, TO_DATE('1987-05-26 00:00:00', 'YYYY-MM-DD HH24:MI:SS'), TO_DATE('1991-05-16 00:00:00', 'YYYY-MM-DD HH24:MI:SS'));
INSERT INTO BOOKS_ADMIN."Order" (ID, CLIENTID, OPENEDDATE, CLOSEDDATE) VALUES (413, 32, TO_DATE('2014-06-13 00:00:00', 'YYYY-MM-DD HH24:MI:SS'), TO_DATE('2016-07-11 00:00:00', 'YYYY-MM-DD HH24:MI:SS'));
INSERT INTO BOOKS_ADMIN."Order" (ID, CLIENTID, OPENEDDATE, CLOSEDDATE) VALUES (414, 9, TO_DATE('2003-07-20 00:00:00', 'YYYY-MM-DD HH24:MI:SS'), TO_DATE('2016-12-30 00:00:00', 'YYYY-MM-DD HH24:MI:SS'));
INSERT INTO BOOKS_ADMIN."Order" (ID, CLIENTID, OPENEDDATE, CLOSEDDATE) VALUES (415, 48, TO_DATE('2005-08-27 00:00:00', 'YYYY-MM-DD HH24:MI:SS'), TO_DATE('2005-10-01 00:00:00', 'YYYY-MM-DD HH24:MI:SS'));
INSERT INTO BOOKS_ADMIN."Order" (ID, CLIENTID, OPENEDDATE, CLOSEDDATE) VALUES (416, 28, TO_DATE('2008-10-31 00:00:00', 'YYYY-MM-DD HH24:MI:SS'), TO_DATE('2010-11-20 00:00:00', 'YYYY-MM-DD HH24:MI:SS'));
INSERT INTO BOOKS_ADMIN."Order" (ID, CLIENTID, OPENEDDATE, CLOSEDDATE) VALUES (417, 21, TO_DATE('1964-04-09 00:00:00', 'YYYY-MM-DD HH24:MI:SS'), TO_DATE('1971-05-15 00:00:00', 'YYYY-MM-DD HH24:MI:SS'));
INSERT INTO BOOKS_ADMIN."Order" (ID, CLIENTID, OPENEDDATE, CLOSEDDATE) VALUES (418, 40, TO_DATE('1998-06-11 00:00:00', 'YYYY-MM-DD HH24:MI:SS'), TO_DATE('2010-05-27 00:00:00', 'YYYY-MM-DD HH24:MI:SS'));
INSERT INTO BOOKS_ADMIN."Order" (ID, CLIENTID, OPENEDDATE, CLOSEDDATE) VALUES (419, 1, TO_DATE('1965-04-30 00:00:00', 'YYYY-MM-DD HH24:MI:SS'), TO_DATE('1998-03-26 00:00:00', 'YYYY-MM-DD HH24:MI:SS'));
INSERT INTO BOOKS_ADMIN."Order" (ID, CLIENTID, OPENEDDATE, CLOSEDDATE) VALUES (420, 42, TO_DATE('1981-06-28 00:00:00', 'YYYY-MM-DD HH24:MI:SS'), TO_DATE('1987-12-03 00:00:00', 'YYYY-MM-DD HH24:MI:SS'));
INSERT INTO BOOKS_ADMIN."Order" (ID, CLIENTID, OPENEDDATE, CLOSEDDATE) VALUES (421, 47, TO_DATE('2012-12-02 00:00:00', 'YYYY-MM-DD HH24:MI:SS'), TO_DATE('2016-09-10 00:00:00', 'YYYY-MM-DD HH24:MI:SS'));
INSERT INTO BOOKS_ADMIN."Order" (ID, CLIENTID, OPENEDDATE, CLOSEDDATE) VALUES (422, 32, TO_DATE('1988-11-23 00:00:00', 'YYYY-MM-DD HH24:MI:SS'), TO_DATE('2016-04-23 00:00:00', 'YYYY-MM-DD HH24:MI:SS'));
INSERT INTO BOOKS_ADMIN."Order" (ID, CLIENTID, OPENEDDATE, CLOSEDDATE) VALUES (423, 45, TO_DATE('1984-07-13 00:00:00', 'YYYY-MM-DD HH24:MI:SS'), TO_DATE('2000-08-14 00:00:00', 'YYYY-MM-DD HH24:MI:SS'));
INSERT INTO BOOKS_ADMIN."Order" (ID, CLIENTID, OPENEDDATE, CLOSEDDATE) VALUES (424, 49, TO_DATE('2004-11-06 00:00:00', 'YYYY-MM-DD HH24:MI:SS'), TO_DATE('2012-11-17 00:00:00', 'YYYY-MM-DD HH24:MI:SS'));
INSERT INTO BOOKS_ADMIN."Order" (ID, CLIENTID, OPENEDDATE, CLOSEDDATE) VALUES (425, 24, TO_DATE('1971-03-27 00:00:00', 'YYYY-MM-DD HH24:MI:SS'), TO_DATE('2001-07-29 00:00:00', 'YYYY-MM-DD HH24:MI:SS'));
INSERT INTO BOOKS_ADMIN."Order" (ID, CLIENTID, OPENEDDATE, CLOSEDDATE) VALUES (426, 42, TO_DATE('2006-11-02 00:00:00', 'YYYY-MM-DD HH24:MI:SS'), TO_DATE('2006-12-31 00:00:00', 'YYYY-MM-DD HH24:MI:SS'));
INSERT INTO BOOKS_ADMIN."Order" (ID, CLIENTID, OPENEDDATE, CLOSEDDATE) VALUES (427, 19, TO_DATE('1976-03-07 00:00:00', 'YYYY-MM-DD HH24:MI:SS'), TO_DATE('1987-07-28 00:00:00', 'YYYY-MM-DD HH24:MI:SS'));
INSERT INTO BOOKS_ADMIN."Order" (ID, CLIENTID, OPENEDDATE, CLOSEDDATE) VALUES (428, 16, TO_DATE('2014-09-04 00:00:00', 'YYYY-MM-DD HH24:MI:SS'), TO_DATE('2016-04-13 00:00:00', 'YYYY-MM-DD HH24:MI:SS'));
INSERT INTO BOOKS_ADMIN."Order" (ID, CLIENTID, OPENEDDATE, CLOSEDDATE) VALUES (429, 13, TO_DATE('1982-03-10 00:00:00', 'YYYY-MM-DD HH24:MI:SS'), TO_DATE('1995-12-31 00:00:00', 'YYYY-MM-DD HH24:MI:SS'));
INSERT INTO BOOKS_ADMIN."Order" (ID, CLIENTID, OPENEDDATE, CLOSEDDATE) VALUES (430, 40, TO_DATE('1978-03-13 00:00:00', 'YYYY-MM-DD HH24:MI:SS'), TO_DATE('2009-07-03 00:00:00', 'YYYY-MM-DD HH24:MI:SS'));
INSERT INTO BOOKS_ADMIN."Order" (ID, CLIENTID, OPENEDDATE, CLOSEDDATE) VALUES (431, 39, TO_DATE('1964-02-02 00:00:00', 'YYYY-MM-DD HH24:MI:SS'), TO_DATE('1995-10-02 00:00:00', 'YYYY-MM-DD HH24:MI:SS'));
INSERT INTO BOOKS_ADMIN."Order" (ID, CLIENTID, OPENEDDATE, CLOSEDDATE) VALUES (432, 6, TO_DATE('2015-08-09 00:00:00', 'YYYY-MM-DD HH24:MI:SS'), TO_DATE('2016-06-23 00:00:00', 'YYYY-MM-DD HH24:MI:SS'));
INSERT INTO BOOKS_ADMIN."Order" (ID, CLIENTID, OPENEDDATE, CLOSEDDATE) VALUES (433, 6, TO_DATE('1980-09-17 00:00:00', 'YYYY-MM-DD HH24:MI:SS'), TO_DATE('1982-02-27 00:00:00', 'YYYY-MM-DD HH24:MI:SS'));
INSERT INTO BOOKS_ADMIN."Order" (ID, CLIENTID, OPENEDDATE, CLOSEDDATE) VALUES (434, 49, TO_DATE('1998-09-05 00:00:00', 'YYYY-MM-DD HH24:MI:SS'), TO_DATE('2013-06-27 00:00:00', 'YYYY-MM-DD HH24:MI:SS'));
INSERT INTO BOOKS_ADMIN."Order" (ID, CLIENTID, OPENEDDATE, CLOSEDDATE) VALUES (435, 6, TO_DATE('1992-10-10 00:00:00', 'YYYY-MM-DD HH24:MI:SS'), TO_DATE('2003-10-14 00:00:00', 'YYYY-MM-DD HH24:MI:SS'));
INSERT INTO BOOKS_ADMIN."Order" (ID, CLIENTID, OPENEDDATE, CLOSEDDATE) VALUES (436, 45, TO_DATE('1975-02-19 00:00:00', 'YYYY-MM-DD HH24:MI:SS'), TO_DATE('2005-01-25 00:00:00', 'YYYY-MM-DD HH24:MI:SS'));
INSERT INTO BOOKS_ADMIN."Order" (ID, CLIENTID, OPENEDDATE, CLOSEDDATE) VALUES (437, 9, TO_DATE('1984-09-18 00:00:00', 'YYYY-MM-DD HH24:MI:SS'), TO_DATE('1995-09-24 00:00:00', 'YYYY-MM-DD HH24:MI:SS'));
INSERT INTO BOOKS_ADMIN."Order" (ID, CLIENTID, OPENEDDATE, CLOSEDDATE) VALUES (438, 47, TO_DATE('2013-12-30 00:00:00', 'YYYY-MM-DD HH24:MI:SS'), TO_DATE('2016-09-04 00:00:00', 'YYYY-MM-DD HH24:MI:SS'));
INSERT INTO BOOKS_ADMIN."Order" (ID, CLIENTID, OPENEDDATE, CLOSEDDATE) VALUES (439, 45, TO_DATE('1986-06-21 00:00:00', 'YYYY-MM-DD HH24:MI:SS'), TO_DATE('2015-07-11 00:00:00', 'YYYY-MM-DD HH24:MI:SS'));
INSERT INTO BOOKS_ADMIN."Order" (ID, CLIENTID, OPENEDDATE, CLOSEDDATE) VALUES (440, 49, TO_DATE('2005-05-16 00:00:00', 'YYYY-MM-DD HH24:MI:SS'), TO_DATE('2009-01-27 00:00:00', 'YYYY-MM-DD HH24:MI:SS'));
INSERT INTO BOOKS_ADMIN."Order" (ID, CLIENTID, OPENEDDATE, CLOSEDDATE) VALUES (441, 24, TO_DATE('1979-11-02 00:00:00', 'YYYY-MM-DD HH24:MI:SS'), TO_DATE('2004-01-09 00:00:00', 'YYYY-MM-DD HH24:MI:SS'));
INSERT INTO BOOKS_ADMIN."Order" (ID, CLIENTID, OPENEDDATE, CLOSEDDATE) VALUES (442, 11, TO_DATE('1989-06-30 00:00:00', 'YYYY-MM-DD HH24:MI:SS'), TO_DATE('1994-10-01 00:00:00', 'YYYY-MM-DD HH24:MI:SS'));
INSERT INTO BOOKS_ADMIN."Order" (ID, CLIENTID, OPENEDDATE, CLOSEDDATE) VALUES (443, 32, TO_DATE('2000-10-13 00:00:00', 'YYYY-MM-DD HH24:MI:SS'), TO_DATE('2001-12-01 00:00:00', 'YYYY-MM-DD HH24:MI:SS'));
INSERT INTO BOOKS_ADMIN."Order" (ID, CLIENTID, OPENEDDATE, CLOSEDDATE) VALUES (444, 26, TO_DATE('1968-02-10 00:00:00', 'YYYY-MM-DD HH24:MI:SS'), TO_DATE('2013-10-22 00:00:00', 'YYYY-MM-DD HH24:MI:SS'));
INSERT INTO BOOKS_ADMIN."Order" (ID, CLIENTID, OPENEDDATE, CLOSEDDATE) VALUES (445, 35, TO_DATE('2009-10-16 00:00:00', 'YYYY-MM-DD HH24:MI:SS'), TO_DATE('2014-09-03 00:00:00', 'YYYY-MM-DD HH24:MI:SS'));
INSERT INTO BOOKS_ADMIN."Order" (ID, CLIENTID, OPENEDDATE, CLOSEDDATE) VALUES (446, 29, TO_DATE('2006-12-14 00:00:00', 'YYYY-MM-DD HH24:MI:SS'), TO_DATE('2011-08-19 00:00:00', 'YYYY-MM-DD HH24:MI:SS'));
INSERT INTO BOOKS_ADMIN."Order" (ID, CLIENTID, OPENEDDATE, CLOSEDDATE) VALUES (447, 16, TO_DATE('1962-01-26 00:00:00', 'YYYY-MM-DD HH24:MI:SS'), TO_DATE('1987-08-27 00:00:00', 'YYYY-MM-DD HH24:MI:SS'));
INSERT INTO BOOKS_ADMIN."Order" (ID, CLIENTID, OPENEDDATE, CLOSEDDATE) VALUES (448, 49, TO_DATE('1997-02-07 00:00:00', 'YYYY-MM-DD HH24:MI:SS'), TO_DATE('2016-02-05 00:00:00', 'YYYY-MM-DD HH24:MI:SS'));
INSERT INTO BOOKS_ADMIN."Order" (ID, CLIENTID, OPENEDDATE, CLOSEDDATE) VALUES (449, 46, TO_DATE('1993-07-13 00:00:00', 'YYYY-MM-DD HH24:MI:SS'), TO_DATE('1994-08-02 00:00:00', 'YYYY-MM-DD HH24:MI:SS'));
INSERT INTO BOOKS_ADMIN."Order" (ID, CLIENTID, OPENEDDATE, CLOSEDDATE) VALUES (450, 7, TO_DATE('1992-11-01 00:00:00', 'YYYY-MM-DD HH24:MI:SS'), TO_DATE('2008-10-11 00:00:00', 'YYYY-MM-DD HH24:MI:SS'));
INSERT INTO BOOKS_ADMIN."Order" (ID, CLIENTID, OPENEDDATE, CLOSEDDATE) VALUES (451, 22, TO_DATE('1994-07-14 00:00:00', 'YYYY-MM-DD HH24:MI:SS'), TO_DATE('2005-03-14 00:00:00', 'YYYY-MM-DD HH24:MI:SS'));
INSERT INTO BOOKS_ADMIN."Order" (ID, CLIENTID, OPENEDDATE, CLOSEDDATE) VALUES (452, 19, TO_DATE('2008-01-25 00:00:00', 'YYYY-MM-DD HH24:MI:SS'), TO_DATE('2008-04-23 00:00:00', 'YYYY-MM-DD HH24:MI:SS'));
INSERT INTO BOOKS_ADMIN."Order" (ID, CLIENTID, OPENEDDATE, CLOSEDDATE) VALUES (453, 23, TO_DATE('1994-12-27 00:00:00', 'YYYY-MM-DD HH24:MI:SS'), TO_DATE('2011-01-20 00:00:00', 'YYYY-MM-DD HH24:MI:SS'));
INSERT INTO BOOKS_ADMIN."Order" (ID, CLIENTID, OPENEDDATE, CLOSEDDATE) VALUES (454, 28, TO_DATE('2000-01-16 00:00:00', 'YYYY-MM-DD HH24:MI:SS'), TO_DATE('2014-01-08 00:00:00', 'YYYY-MM-DD HH24:MI:SS'));
INSERT INTO BOOKS_ADMIN."Order" (ID, CLIENTID, OPENEDDATE, CLOSEDDATE) VALUES (455, 14, TO_DATE('2015-08-26 00:00:00', 'YYYY-MM-DD HH24:MI:SS'), TO_DATE('2015-12-17 00:00:00', 'YYYY-MM-DD HH24:MI:SS'));
INSERT INTO BOOKS_ADMIN."Order" (ID, CLIENTID, OPENEDDATE, CLOSEDDATE) VALUES (456, 48, TO_DATE('1977-06-15 00:00:00', 'YYYY-MM-DD HH24:MI:SS'), TO_DATE('1978-02-09 00:00:00', 'YYYY-MM-DD HH24:MI:SS'));
INSERT INTO BOOKS_ADMIN."Order" (ID, CLIENTID, OPENEDDATE, CLOSEDDATE) VALUES (457, 49, TO_DATE('1976-02-19 00:00:00', 'YYYY-MM-DD HH24:MI:SS'), TO_DATE('2010-09-14 00:00:00', 'YYYY-MM-DD HH24:MI:SS'));
INSERT INTO BOOKS_ADMIN."Order" (ID, CLIENTID, OPENEDDATE, CLOSEDDATE) VALUES (458, 46, TO_DATE('1986-03-11 00:00:00', 'YYYY-MM-DD HH24:MI:SS'), TO_DATE('2000-11-08 00:00:00', 'YYYY-MM-DD HH24:MI:SS'));
INSERT INTO BOOKS_ADMIN."Order" (ID, CLIENTID, OPENEDDATE, CLOSEDDATE) VALUES (459, 32, TO_DATE('2004-06-01 00:00:00', 'YYYY-MM-DD HH24:MI:SS'), TO_DATE('2016-04-17 00:00:00', 'YYYY-MM-DD HH24:MI:SS'));
INSERT INTO BOOKS_ADMIN."Order" (ID, CLIENTID, OPENEDDATE, CLOSEDDATE) VALUES (460, 33, TO_DATE('2006-04-23 00:00:00', 'YYYY-MM-DD HH24:MI:SS'), TO_DATE('2009-11-05 00:00:00', 'YYYY-MM-DD HH24:MI:SS'));
INSERT INTO BOOKS_ADMIN."Order" (ID, CLIENTID, OPENEDDATE, CLOSEDDATE) VALUES (461, 42, TO_DATE('1961-12-18 00:00:00', 'YYYY-MM-DD HH24:MI:SS'), TO_DATE('1967-06-17 00:00:00', 'YYYY-MM-DD HH24:MI:SS'));
INSERT INTO BOOKS_ADMIN."Order" (ID, CLIENTID, OPENEDDATE, CLOSEDDATE) VALUES (462, 11, TO_DATE('1988-05-18 00:00:00', 'YYYY-MM-DD HH24:MI:SS'), TO_DATE('2008-10-16 00:00:00', 'YYYY-MM-DD HH24:MI:SS'));
INSERT INTO BOOKS_ADMIN."Order" (ID, CLIENTID, OPENEDDATE, CLOSEDDATE) VALUES (463, 41, TO_DATE('1987-09-20 00:00:00', 'YYYY-MM-DD HH24:MI:SS'), TO_DATE('1993-04-09 00:00:00', 'YYYY-MM-DD HH24:MI:SS'));
INSERT INTO BOOKS_ADMIN."Order" (ID, CLIENTID, OPENEDDATE, CLOSEDDATE) VALUES (464, 5, TO_DATE('1990-10-18 00:00:00', 'YYYY-MM-DD HH24:MI:SS'), TO_DATE('2005-03-14 00:00:00', 'YYYY-MM-DD HH24:MI:SS'));
INSERT INTO BOOKS_ADMIN."Order" (ID, CLIENTID, OPENEDDATE, CLOSEDDATE) VALUES (465, 36, TO_DATE('1982-12-08 00:00:00', 'YYYY-MM-DD HH24:MI:SS'), TO_DATE('2008-01-27 00:00:00', 'YYYY-MM-DD HH24:MI:SS'));
INSERT INTO BOOKS_ADMIN."Order" (ID, CLIENTID, OPENEDDATE, CLOSEDDATE) VALUES (466, 38, TO_DATE('2008-01-10 00:00:00', 'YYYY-MM-DD HH24:MI:SS'), TO_DATE('2011-11-12 00:00:00', 'YYYY-MM-DD HH24:MI:SS'));
INSERT INTO BOOKS_ADMIN."Order" (ID, CLIENTID, OPENEDDATE, CLOSEDDATE) VALUES (467, 49, TO_DATE('2005-11-25 00:00:00', 'YYYY-MM-DD HH24:MI:SS'), TO_DATE('2011-01-30 00:00:00', 'YYYY-MM-DD HH24:MI:SS'));
INSERT INTO BOOKS_ADMIN."Order" (ID, CLIENTID, OPENEDDATE, CLOSEDDATE) VALUES (468, 3, TO_DATE('1965-10-15 00:00:00', 'YYYY-MM-DD HH24:MI:SS'), TO_DATE('2001-03-30 00:00:00', 'YYYY-MM-DD HH24:MI:SS'));
INSERT INTO BOOKS_ADMIN."Order" (ID, CLIENTID, OPENEDDATE, CLOSEDDATE) VALUES (469, 42, TO_DATE('1961-10-16 00:00:00', 'YYYY-MM-DD HH24:MI:SS'), TO_DATE('2004-02-03 00:00:00', 'YYYY-MM-DD HH24:MI:SS'));
INSERT INTO BOOKS_ADMIN."Order" (ID, CLIENTID, OPENEDDATE, CLOSEDDATE) VALUES (470, 16, TO_DATE('2004-02-02 00:00:00', 'YYYY-MM-DD HH24:MI:SS'), TO_DATE('2009-06-18 00:00:00', 'YYYY-MM-DD HH24:MI:SS'));
INSERT INTO BOOKS_ADMIN."Order" (ID, CLIENTID, OPENEDDATE, CLOSEDDATE) VALUES (471, 33, TO_DATE('1969-10-02 00:00:00', 'YYYY-MM-DD HH24:MI:SS'), TO_DATE('1986-03-11 00:00:00', 'YYYY-MM-DD HH24:MI:SS'));
INSERT INTO BOOKS_ADMIN."Order" (ID, CLIENTID, OPENEDDATE, CLOSEDDATE) VALUES (472, 15, TO_DATE('2012-02-28 00:00:00', 'YYYY-MM-DD HH24:MI:SS'), TO_DATE('2012-04-10 00:00:00', 'YYYY-MM-DD HH24:MI:SS'));
INSERT INTO BOOKS_ADMIN."Order" (ID, CLIENTID, OPENEDDATE, CLOSEDDATE) VALUES (473, 19, TO_DATE('1974-12-27 00:00:00', 'YYYY-MM-DD HH24:MI:SS'), TO_DATE('1983-03-10 00:00:00', 'YYYY-MM-DD HH24:MI:SS'));
INSERT INTO BOOKS_ADMIN."Order" (ID, CLIENTID, OPENEDDATE, CLOSEDDATE) VALUES (474, 35, TO_DATE('1986-08-16 00:00:00', 'YYYY-MM-DD HH24:MI:SS'), TO_DATE('2003-04-28 00:00:00', 'YYYY-MM-DD HH24:MI:SS'));
INSERT INTO BOOKS_ADMIN."Order" (ID, CLIENTID, OPENEDDATE, CLOSEDDATE) VALUES (475, 9, TO_DATE('2010-12-30 00:00:00', 'YYYY-MM-DD HH24:MI:SS'), TO_DATE('2012-06-29 00:00:00', 'YYYY-MM-DD HH24:MI:SS'));
INSERT INTO BOOKS_ADMIN."Order" (ID, CLIENTID, OPENEDDATE, CLOSEDDATE) VALUES (476, 38, TO_DATE('1971-02-02 00:00:00', 'YYYY-MM-DD HH24:MI:SS'), TO_DATE('2011-04-15 00:00:00', 'YYYY-MM-DD HH24:MI:SS'));
INSERT INTO BOOKS_ADMIN."Order" (ID, CLIENTID, OPENEDDATE, CLOSEDDATE) VALUES (477, 2, TO_DATE('2001-01-30 00:00:00', 'YYYY-MM-DD HH24:MI:SS'), TO_DATE('2015-08-20 00:00:00', 'YYYY-MM-DD HH24:MI:SS'));
INSERT INTO BOOKS_ADMIN."Order" (ID, CLIENTID, OPENEDDATE, CLOSEDDATE) VALUES (478, 7, TO_DATE('1976-02-26 00:00:00', 'YYYY-MM-DD HH24:MI:SS'), TO_DATE('1996-11-20 00:00:00', 'YYYY-MM-DD HH24:MI:SS'));
INSERT INTO BOOKS_ADMIN."Order" (ID, CLIENTID, OPENEDDATE, CLOSEDDATE) VALUES (479, 6, TO_DATE('1990-05-10 00:00:00', 'YYYY-MM-DD HH24:MI:SS'), TO_DATE('2014-01-08 00:00:00', 'YYYY-MM-DD HH24:MI:SS'));
INSERT INTO BOOKS_ADMIN."Order" (ID, CLIENTID, OPENEDDATE, CLOSEDDATE) VALUES (480, 32, TO_DATE('2011-08-04 00:00:00', 'YYYY-MM-DD HH24:MI:SS'), TO_DATE('2015-05-31 00:00:00', 'YYYY-MM-DD HH24:MI:SS'));
INSERT INTO BOOKS_ADMIN."Order" (ID, CLIENTID, OPENEDDATE, CLOSEDDATE) VALUES (481, 3, TO_DATE('1988-09-03 00:00:00', 'YYYY-MM-DD HH24:MI:SS'), TO_DATE('2013-03-19 00:00:00', 'YYYY-MM-DD HH24:MI:SS'));
INSERT INTO BOOKS_ADMIN."Order" (ID, CLIENTID, OPENEDDATE, CLOSEDDATE) VALUES (482, 29, TO_DATE('1996-11-25 00:00:00', 'YYYY-MM-DD HH24:MI:SS'), TO_DATE('2008-04-11 00:00:00', 'YYYY-MM-DD HH24:MI:SS'));
INSERT INTO BOOKS_ADMIN."Order" (ID, CLIENTID, OPENEDDATE, CLOSEDDATE) VALUES (483, 4, TO_DATE('1973-07-18 00:00:00', 'YYYY-MM-DD HH24:MI:SS'), TO_DATE('2005-10-14 00:00:00', 'YYYY-MM-DD HH24:MI:SS'));
INSERT INTO BOOKS_ADMIN."Order" (ID, CLIENTID, OPENEDDATE, CLOSEDDATE) VALUES (484, 7, TO_DATE('2013-10-08 00:00:00', 'YYYY-MM-DD HH24:MI:SS'), TO_DATE('2013-10-28 00:00:00', 'YYYY-MM-DD HH24:MI:SS'));
INSERT INTO BOOKS_ADMIN."Order" (ID, CLIENTID, OPENEDDATE, CLOSEDDATE) VALUES (485, 9, TO_DATE('1996-11-17 00:00:00', 'YYYY-MM-DD HH24:MI:SS'), TO_DATE('2001-03-02 00:00:00', 'YYYY-MM-DD HH24:MI:SS'));
INSERT INTO BOOKS_ADMIN."Order" (ID, CLIENTID, OPENEDDATE, CLOSEDDATE) VALUES (486, 22, TO_DATE('1996-08-24 00:00:00', 'YYYY-MM-DD HH24:MI:SS'), TO_DATE('1996-10-23 00:00:00', 'YYYY-MM-DD HH24:MI:SS'));
INSERT INTO BOOKS_ADMIN."Order" (ID, CLIENTID, OPENEDDATE, CLOSEDDATE) VALUES (487, 24, TO_DATE('1974-06-30 00:00:00', 'YYYY-MM-DD HH24:MI:SS'), TO_DATE('1975-02-13 00:00:00', 'YYYY-MM-DD HH24:MI:SS'));
INSERT INTO BOOKS_ADMIN."Order" (ID, CLIENTID, OPENEDDATE, CLOSEDDATE) VALUES (488, 5, TO_DATE('1960-10-12 00:00:00', 'YYYY-MM-DD HH24:MI:SS'), TO_DATE('1992-08-15 00:00:00', 'YYYY-MM-DD HH24:MI:SS'));
INSERT INTO BOOKS_ADMIN."Order" (ID, CLIENTID, OPENEDDATE, CLOSEDDATE) VALUES (489, 38, TO_DATE('2005-02-20 00:00:00', 'YYYY-MM-DD HH24:MI:SS'), TO_DATE('2015-03-08 00:00:00', 'YYYY-MM-DD HH24:MI:SS'));
INSERT INTO BOOKS_ADMIN."Order" (ID, CLIENTID, OPENEDDATE, CLOSEDDATE) VALUES (490, 38, TO_DATE('1963-05-09 00:00:00', 'YYYY-MM-DD HH24:MI:SS'), TO_DATE('1969-07-24 00:00:00', 'YYYY-MM-DD HH24:MI:SS'));
INSERT INTO BOOKS_ADMIN."Order" (ID, CLIENTID, OPENEDDATE, CLOSEDDATE) VALUES (491, 10, TO_DATE('2001-08-31 00:00:00', 'YYYY-MM-DD HH24:MI:SS'), TO_DATE('2010-05-16 00:00:00', 'YYYY-MM-DD HH24:MI:SS'));
INSERT INTO BOOKS_ADMIN."Order" (ID, CLIENTID, OPENEDDATE, CLOSEDDATE) VALUES (492, 29, TO_DATE('2006-02-05 00:00:00', 'YYYY-MM-DD HH24:MI:SS'), TO_DATE('2014-05-31 00:00:00', 'YYYY-MM-DD HH24:MI:SS'));
INSERT INTO BOOKS_ADMIN."Order" (ID, CLIENTID, OPENEDDATE, CLOSEDDATE) VALUES (493, 48, TO_DATE('1999-11-22 00:00:00', 'YYYY-MM-DD HH24:MI:SS'), TO_DATE('2008-11-01 00:00:00', 'YYYY-MM-DD HH24:MI:SS'));
INSERT INTO BOOKS_ADMIN."Order" (ID, CLIENTID, OPENEDDATE, CLOSEDDATE) VALUES (494, 40, TO_DATE('2003-12-04 00:00:00', 'YYYY-MM-DD HH24:MI:SS'), TO_DATE('2004-07-28 00:00:00', 'YYYY-MM-DD HH24:MI:SS'));
INSERT INTO BOOKS_ADMIN."Order" (ID, CLIENTID, OPENEDDATE, CLOSEDDATE) VALUES (495, 31, TO_DATE('2006-03-24 00:00:00', 'YYYY-MM-DD HH24:MI:SS'), TO_DATE('2006-05-06 00:00:00', 'YYYY-MM-DD HH24:MI:SS'));
INSERT INTO BOOKS_ADMIN."Order" (ID, CLIENTID, OPENEDDATE, CLOSEDDATE) VALUES (496, 46, TO_DATE('2010-07-01 00:00:00', 'YYYY-MM-DD HH24:MI:SS'), TO_DATE('2016-02-09 00:00:00', 'YYYY-MM-DD HH24:MI:SS'));
INSERT INTO BOOKS_ADMIN."Order" (ID, CLIENTID, OPENEDDATE, CLOSEDDATE) VALUES (497, 33, TO_DATE('1994-05-13 00:00:00', 'YYYY-MM-DD HH24:MI:SS'), TO_DATE('2012-04-25 00:00:00', 'YYYY-MM-DD HH24:MI:SS'));
INSERT INTO BOOKS_ADMIN."Order" (ID, CLIENTID, OPENEDDATE, CLOSEDDATE) VALUES (498, 34, TO_DATE('1960-08-29 00:00:00', 'YYYY-MM-DD HH24:MI:SS'), TO_DATE('2001-05-16 00:00:00', 'YYYY-MM-DD HH24:MI:SS'));
INSERT INTO BOOKS_ADMIN."Order" (ID, CLIENTID, OPENEDDATE, CLOSEDDATE) VALUES (499, 40, TO_DATE('2007-03-21 00:00:00', 'YYYY-MM-DD HH24:MI:SS'), TO_DATE('2007-09-01 00:00:00', 'YYYY-MM-DD HH24:MI:SS'));
INSERT INTO BOOKS_ADMIN."Order" (ID, CLIENTID, OPENEDDATE, CLOSEDDATE) VALUES (500, 29, TO_DATE('1992-08-07 00:00:00', 'YYYY-MM-DD HH24:MI:SS'), TO_DATE('2010-04-17 00:00:00', 'YYYY-MM-DD HH24:MI:SS'));

INSERT INTO BOOKS_ADMIN."Edition" (id, bookid, publisherid, publishyear, pagescount) VALUES (1, 1, 14, 1865, 1001);
INSERT INTO BOOKS_ADMIN."Edition" (id, bookid, publisherid, publishyear, pagescount) VALUES (2, 2, 6, 1990, 962);
INSERT INTO BOOKS_ADMIN."Edition" (id, bookid, publisherid, publishyear, pagescount) VALUES (3, 3, 10, 1896, 992);
INSERT INTO BOOKS_ADMIN."Edition" (id, bookid, publisherid, publishyear, pagescount) VALUES (4, 4, 12, 1993, 1043);
INSERT INTO BOOKS_ADMIN."Edition" (id, bookid, publisherid, publishyear, pagescount) VALUES (5, 5, 8, 1888, 507);
INSERT INTO BOOKS_ADMIN."Edition" (id, bookid, publisherid, publishyear, pagescount) VALUES (6, 6, 5, 1997, 982);
INSERT INTO BOOKS_ADMIN."Edition" (id, bookid, publisherid, publishyear, pagescount) VALUES (7, 7, 10, 1815, 1008);
INSERT INTO BOOKS_ADMIN."Edition" (id, bookid, publisherid, publishyear, pagescount) VALUES (8, 8, 13, 1869, 526);
INSERT INTO BOOKS_ADMIN."Edition" (id, bookid, publisherid, publishyear, pagescount) VALUES (9, 9, 10, 1900, 102);
INSERT INTO BOOKS_ADMIN."Edition" (id, bookid, publisherid, publishyear, pagescount) VALUES (10, 10, 19, 1922, 480);
INSERT INTO BOOKS_ADMIN."Edition" (id, bookid, publisherid, publishyear, pagescount) VALUES (11, 11, 16, 1806, 108);
INSERT INTO BOOKS_ADMIN."Edition" (id, bookid, publisherid, publishyear, pagescount) VALUES (12, 12, 15, 1975, 491);
INSERT INTO BOOKS_ADMIN."Edition" (id, bookid, publisherid, publishyear, pagescount) VALUES (13, 13, 18, 2015, 1019);
INSERT INTO BOOKS_ADMIN."Edition" (id, bookid, publisherid, publishyear, pagescount) VALUES (14, 14, 15, 1877, 1018);
INSERT INTO BOOKS_ADMIN."Edition" (id, bookid, publisherid, publishyear, pagescount) VALUES (15, 15, 9, 1866, 1021);
INSERT INTO BOOKS_ADMIN."Edition" (id, bookid, publisherid, publishyear, pagescount) VALUES (16, 16, 14, 1997, 102);
INSERT INTO BOOKS_ADMIN."Edition" (id, bookid, publisherid, publishyear, pagescount) VALUES (17, 17, 5, 1986, 116);
INSERT INTO BOOKS_ADMIN."Edition" (id, bookid, publisherid, publishyear, pagescount) VALUES (18, 18, 5, 1971, 97);
INSERT INTO BOOKS_ADMIN."Edition" (id, bookid, publisherid, publishyear, pagescount) VALUES (19, 19, 19, 1916, 97);
INSERT INTO BOOKS_ADMIN."Edition" (id, bookid, publisherid, publishyear, pagescount) VALUES (20, 20, 3, 1918, 529);
INSERT INTO BOOKS_ADMIN."Edition" (id, bookid, publisherid, publishyear, pagescount) VALUES (21, 21, 5, 1846, 93);
INSERT INTO BOOKS_ADMIN."Edition" (id, bookid, publisherid, publishyear, pagescount) VALUES (22, 22, 1, 1888, 84);
INSERT INTO BOOKS_ADMIN."Edition" (id, bookid, publisherid, publishyear, pagescount) VALUES (23, 23, 7, 1961, 105);
INSERT INTO BOOKS_ADMIN."Edition" (id, bookid, publisherid, publishyear, pagescount) VALUES (24, 24, 5, 1918, 939);
INSERT INTO BOOKS_ADMIN."Edition" (id, bookid, publisherid, publishyear, pagescount) VALUES (25, 25, 18, 1931, 97);
INSERT INTO BOOKS_ADMIN."Edition" (id, bookid, publisherid, publishyear, pagescount) VALUES (26, 26, 3, 1944, 483);
INSERT INTO BOOKS_ADMIN."Edition" (id, bookid, publisherid, publishyear, pagescount) VALUES (27, 27, 5, 1832, 488);
INSERT INTO BOOKS_ADMIN."Edition" (id, bookid, publisherid, publishyear, pagescount) VALUES (28, 28, 4, 1931, 96);
INSERT INTO BOOKS_ADMIN."Edition" (id, bookid, publisherid, publishyear, pagescount) VALUES (29, 29, 5, 1809, 1064);
INSERT INTO BOOKS_ADMIN."Edition" (id, bookid, publisherid, publishyear, pagescount) VALUES (30, 30, 19, 1928, 1029);
INSERT INTO BOOKS_ADMIN."Edition" (id, bookid, publisherid, publishyear, pagescount) VALUES (31, 31, 5, 1845, 984);
INSERT INTO BOOKS_ADMIN."Edition" (id, bookid, publisherid, publishyear, pagescount) VALUES (32, 32, 17, 1859, 947);
INSERT INTO BOOKS_ADMIN."Edition" (id, bookid, publisherid, publishyear, pagescount) VALUES (33, 33, 4, 1915, 106);
INSERT INTO BOOKS_ADMIN."Edition" (id, bookid, publisherid, publishyear, pagescount) VALUES (34, 34, 16, 1894, 1054);
INSERT INTO BOOKS_ADMIN."Edition" (id, bookid, publisherid, publishyear, pagescount) VALUES (35, 35, 14, 1998, 509);
INSERT INTO BOOKS_ADMIN."Edition" (id, bookid, publisherid, publishyear, pagescount) VALUES (36, 36, 17, 1853, 1003);
INSERT INTO BOOKS_ADMIN."Edition" (id, bookid, publisherid, publishyear, pagescount) VALUES (37, 37, 9, 1959, 966);
INSERT INTO BOOKS_ADMIN."Edition" (id, bookid, publisherid, publishyear, pagescount) VALUES (38, 38, 18, 1844, 98);
INSERT INTO BOOKS_ADMIN."Edition" (id, bookid, publisherid, publishyear, pagescount) VALUES (39, 39, 13, 1887, 549);
INSERT INTO BOOKS_ADMIN."Edition" (id, bookid, publisherid, publishyear, pagescount) VALUES (40, 40, 16, 1878, 87);
INSERT INTO BOOKS_ADMIN."Edition" (id, bookid, publisherid, publishyear, pagescount) VALUES (41, 41, 4, 1912, 1008);
INSERT INTO BOOKS_ADMIN."Edition" (id, bookid, publisherid, publishyear, pagescount) VALUES (42, 42, 17, 1895, 93);
INSERT INTO BOOKS_ADMIN."Edition" (id, bookid, publisherid, publishyear, pagescount) VALUES (43, 43, 14, 1808, 1014);
INSERT INTO BOOKS_ADMIN."Edition" (id, bookid, publisherid, publishyear, pagescount) VALUES (44, 44, 13, 1935, 99);
INSERT INTO BOOKS_ADMIN."Edition" (id, bookid, publisherid, publishyear, pagescount) VALUES (45, 45, 14, 1939, 971);
INSERT INTO BOOKS_ADMIN."Edition" (id, bookid, publisherid, publishyear, pagescount) VALUES (46, 46, 16, 1908, 977);
INSERT INTO BOOKS_ADMIN."Edition" (id, bookid, publisherid, publishyear, pagescount) VALUES (47, 47, 13, 1888, 102);
INSERT INTO BOOKS_ADMIN."Edition" (id, bookid, publisherid, publishyear, pagescount) VALUES (48, 48, 10, 1992, 517);
INSERT INTO BOOKS_ADMIN."Edition" (id, bookid, publisherid, publishyear, pagescount) VALUES (49, 49, 8, 1973, 524);
INSERT INTO BOOKS_ADMIN."Edition" (id, bookid, publisherid, publishyear, pagescount) VALUES (50, 50, 2, 1885, 467);
INSERT INTO BOOKS_ADMIN."Edition" (id, bookid, publisherid, publishyear, pagescount) VALUES (51, 51, 7, 1995, 455);
INSERT INTO BOOKS_ADMIN."Edition" (id, bookid, publisherid, publishyear, pagescount) VALUES (52, 52, 15, 1811, 990);
INSERT INTO BOOKS_ADMIN."Edition" (id, bookid, publisherid, publishyear, pagescount) VALUES (53, 53, 2, 1864, 1058);
INSERT INTO BOOKS_ADMIN."Edition" (id, bookid, publisherid, publishyear, pagescount) VALUES (54, 54, 15, 1842, 1040);
INSERT INTO BOOKS_ADMIN."Edition" (id, bookid, publisherid, publishyear, pagescount) VALUES (55, 55, 7, 1824, 453);
INSERT INTO BOOKS_ADMIN."Edition" (id, bookid, publisherid, publishyear, pagescount) VALUES (56, 56, 12, 1937, 106);
INSERT INTO BOOKS_ADMIN."Edition" (id, bookid, publisherid, publishyear, pagescount) VALUES (57, 57, 8, 1962, 85);
INSERT INTO BOOKS_ADMIN."Edition" (id, bookid, publisherid, publishyear, pagescount) VALUES (58, 58, 16, 1847, 79);
INSERT INTO BOOKS_ADMIN."Edition" (id, bookid, publisherid, publishyear, pagescount) VALUES (59, 59, 10, 1991, 991);
INSERT INTO BOOKS_ADMIN."Edition" (id, bookid, publisherid, publishyear, pagescount) VALUES (60, 60, 18, 1859, 1068);
INSERT INTO BOOKS_ADMIN."Edition" (id, bookid, publisherid, publishyear, pagescount) VALUES (61, 61, 4, 1925, 95);
INSERT INTO BOOKS_ADMIN."Edition" (id, bookid, publisherid, publishyear, pagescount) VALUES (62, 62, 9, 1801, 98);
INSERT INTO BOOKS_ADMIN."Edition" (id, bookid, publisherid, publishyear, pagescount) VALUES (63, 63, 18, 1926, 88);
INSERT INTO BOOKS_ADMIN."Edition" (id, bookid, publisherid, publishyear, pagescount) VALUES (64, 64, 14, 1880, 975);
INSERT INTO BOOKS_ADMIN."Edition" (id, bookid, publisherid, publishyear, pagescount) VALUES (65, 65, 10, 1912, 978);
INSERT INTO BOOKS_ADMIN."Edition" (id, bookid, publisherid, publishyear, pagescount) VALUES (66, 66, 8, 1882, 103);
INSERT INTO BOOKS_ADMIN."Edition" (id, bookid, publisherid, publishyear, pagescount) VALUES (67, 67, 18, 1964, 500);
INSERT INTO BOOKS_ADMIN."Edition" (id, bookid, publisherid, publishyear, pagescount) VALUES (68, 68, 8, 1954, 101);
INSERT INTO BOOKS_ADMIN."Edition" (id, bookid, publisherid, publishyear, pagescount) VALUES (69, 69, 19, 1918, 977);
INSERT INTO BOOKS_ADMIN."Edition" (id, bookid, publisherid, publishyear, pagescount) VALUES (70, 70, 4, 1915, 103);
INSERT INTO BOOKS_ADMIN."Edition" (id, bookid, publisherid, publishyear, pagescount) VALUES (71, 71, 12, 1840, 481);
INSERT INTO BOOKS_ADMIN."Edition" (id, bookid, publisherid, publishyear, pagescount) VALUES (72, 72, 16, 1979, 490);
INSERT INTO BOOKS_ADMIN."Edition" (id, bookid, publisherid, publishyear, pagescount) VALUES (73, 73, 8, 1901, 495);
INSERT INTO BOOKS_ADMIN."Edition" (id, bookid, publisherid, publishyear, pagescount) VALUES (74, 74, 3, 1920, 1036);
INSERT INTO BOOKS_ADMIN."Edition" (id, bookid, publisherid, publishyear, pagescount) VALUES (75, 75, 6, 1903, 120);
INSERT INTO BOOKS_ADMIN."Edition" (id, bookid, publisherid, publishyear, pagescount) VALUES (76, 76, 5, 2007, 483);
INSERT INTO BOOKS_ADMIN."Edition" (id, bookid, publisherid, publishyear, pagescount) VALUES (77, 77, 13, 1912, 124);
INSERT INTO BOOKS_ADMIN."Edition" (id, bookid, publisherid, publishyear, pagescount) VALUES (78, 78, 10, 2010, 104);
INSERT INTO BOOKS_ADMIN."Edition" (id, bookid, publisherid, publishyear, pagescount) VALUES (79, 79, 15, 1981, 1010);
INSERT INTO BOOKS_ADMIN."Edition" (id, bookid, publisherid, publishyear, pagescount) VALUES (80, 80, 3, 1870, 103);
INSERT INTO BOOKS_ADMIN."Edition" (id, bookid, publisherid, publishyear, pagescount) VALUES (81, 81, 14, 1804, 80);
INSERT INTO BOOKS_ADMIN."Edition" (id, bookid, publisherid, publishyear, pagescount) VALUES (82, 82, 18, 1977, 98);
INSERT INTO BOOKS_ADMIN."Edition" (id, bookid, publisherid, publishyear, pagescount) VALUES (83, 83, 15, 1835, 985);
INSERT INTO BOOKS_ADMIN."Edition" (id, bookid, publisherid, publishyear, pagescount) VALUES (84, 84, 7, 2001, 103);
INSERT INTO BOOKS_ADMIN."Edition" (id, bookid, publisherid, publishyear, pagescount) VALUES (85, 85, 12, 1854, 477);
INSERT INTO BOOKS_ADMIN."Edition" (id, bookid, publisherid, publishyear, pagescount) VALUES (86, 86, 8, 1868, 84);
INSERT INTO BOOKS_ADMIN."Edition" (id, bookid, publisherid, publishyear, pagescount) VALUES (87, 87, 20, 1946, 89);
INSERT INTO BOOKS_ADMIN."Edition" (id, bookid, publisherid, publishyear, pagescount) VALUES (88, 88, 15, 1820, 94);
INSERT INTO BOOKS_ADMIN."Edition" (id, bookid, publisherid, publishyear, pagescount) VALUES (89, 89, 4, 1905, 1001);
INSERT INTO BOOKS_ADMIN."Edition" (id, bookid, publisherid, publishyear, pagescount) VALUES (90, 90, 16, 1887, 1010);
INSERT INTO BOOKS_ADMIN."Edition" (id, bookid, publisherid, publishyear, pagescount) VALUES (91, 91, 5, 1988, 84);
INSERT INTO BOOKS_ADMIN."Edition" (id, bookid, publisherid, publishyear, pagescount) VALUES (92, 92, 10, 1990, 529);
INSERT INTO BOOKS_ADMIN."Edition" (id, bookid, publisherid, publishyear, pagescount) VALUES (93, 93, 17, 1990, 93);
INSERT INTO BOOKS_ADMIN."Edition" (id, bookid, publisherid, publishyear, pagescount) VALUES (94, 94, 1, 1982, 524);
INSERT INTO BOOKS_ADMIN."Edition" (id, bookid, publisherid, publishyear, pagescount) VALUES (95, 95, 4, 2012, 111);
INSERT INTO BOOKS_ADMIN."Edition" (id, bookid, publisherid, publishyear, pagescount) VALUES (96, 96, 6, 1833, 500);
INSERT INTO BOOKS_ADMIN."Edition" (id, bookid, publisherid, publishyear, pagescount) VALUES (97, 97, 15, 1831, 1051);
INSERT INTO BOOKS_ADMIN."Edition" (id, bookid, publisherid, publishyear, pagescount) VALUES (98, 98, 20, 1952, 501);
INSERT INTO BOOKS_ADMIN."Edition" (id, bookid, publisherid, publishyear, pagescount) VALUES (99, 99, 11, 1915, 89);
INSERT INTO BOOKS_ADMIN."Edition" (id, bookid, publisherid, publishyear, pagescount) VALUES (100, 100, 20, 1996, 1084);
INSERT INTO BOOKS_ADMIN."Edition" (id, bookid, publisherid, publishyear, pagescount) VALUES (101, 101, 1, 1986, 90);
INSERT INTO BOOKS_ADMIN."Edition" (id, bookid, publisherid, publishyear, pagescount) VALUES (102, 102, 11, 1829, 1027);
INSERT INTO BOOKS_ADMIN."Edition" (id, bookid, publisherid, publishyear, pagescount) VALUES (103, 103, 18, 1814, 81);
INSERT INTO BOOKS_ADMIN."Edition" (id, bookid, publisherid, publishyear, pagescount) VALUES (104, 104, 3, 1978, 99);
INSERT INTO BOOKS_ADMIN."Edition" (id, bookid, publisherid, publishyear, pagescount) VALUES (105, 105, 8, 1891, 1028);
INSERT INTO BOOKS_ADMIN."Edition" (id, bookid, publisherid, publishyear, pagescount) VALUES (106, 106, 15, 1926, 98);
INSERT INTO BOOKS_ADMIN."Edition" (id, bookid, publisherid, publishyear, pagescount) VALUES (107, 107, 17, 1809, 113);
INSERT INTO BOOKS_ADMIN."Edition" (id, bookid, publisherid, publishyear, pagescount) VALUES (108, 108, 20, 1800, 488);
INSERT INTO BOOKS_ADMIN."Edition" (id, bookid, publisherid, publishyear, pagescount) VALUES (109, 109, 18, 1886, 1032);
INSERT INTO BOOKS_ADMIN."Edition" (id, bookid, publisherid, publishyear, pagescount) VALUES (110, 110, 7, 1991, 501);
INSERT INTO BOOKS_ADMIN."Edition" (id, bookid, publisherid, publishyear, pagescount) VALUES (111, 111, 11, 1976, 103);
INSERT INTO BOOKS_ADMIN."Edition" (id, bookid, publisherid, publishyear, pagescount) VALUES (112, 112, 14, 1883, 1043);
INSERT INTO BOOKS_ADMIN."Edition" (id, bookid, publisherid, publishyear, pagescount) VALUES (113, 113, 8, 1909, 489);
INSERT INTO BOOKS_ADMIN."Edition" (id, bookid, publisherid, publishyear, pagescount) VALUES (114, 114, 17, 1961, 102);
INSERT INTO BOOKS_ADMIN."Edition" (id, bookid, publisherid, publishyear, pagescount) VALUES (115, 115, 4, 1851, 1045);
INSERT INTO BOOKS_ADMIN."Edition" (id, bookid, publisherid, publishyear, pagescount) VALUES (116, 116, 3, 1936, 992);
INSERT INTO BOOKS_ADMIN."Edition" (id, bookid, publisherid, publishyear, pagescount) VALUES (117, 117, 9, 1877, 506);
INSERT INTO BOOKS_ADMIN."Edition" (id, bookid, publisherid, publishyear, pagescount) VALUES (118, 118, 11, 1959, 102);
INSERT INTO BOOKS_ADMIN."Edition" (id, bookid, publisherid, publishyear, pagescount) VALUES (119, 119, 16, 1955, 85);
INSERT INTO BOOKS_ADMIN."Edition" (id, bookid, publisherid, publishyear, pagescount) VALUES (120, 120, 7, 1835, 101);
INSERT INTO BOOKS_ADMIN."Edition" (id, bookid, publisherid, publishyear, pagescount) VALUES (121, 121, 17, 1825, 108);
INSERT INTO BOOKS_ADMIN."Edition" (id, bookid, publisherid, publishyear, pagescount) VALUES (122, 122, 9, 1987, 115);
INSERT INTO BOOKS_ADMIN."Edition" (id, bookid, publisherid, publishyear, pagescount) VALUES (123, 123, 1, 1826, 1061);
INSERT INTO BOOKS_ADMIN."Edition" (id, bookid, publisherid, publishyear, pagescount) VALUES (124, 124, 4, 1966, 102);
INSERT INTO BOOKS_ADMIN."Edition" (id, bookid, publisherid, publishyear, pagescount) VALUES (125, 125, 18, 1919, 128);
INSERT INTO BOOKS_ADMIN."Edition" (id, bookid, publisherid, publishyear, pagescount) VALUES (126, 126, 16, 1986, 478);
INSERT INTO BOOKS_ADMIN."Edition" (id, bookid, publisherid, publishyear, pagescount) VALUES (127, 127, 3, 1800, 461);
INSERT INTO BOOKS_ADMIN."Edition" (id, bookid, publisherid, publishyear, pagescount) VALUES (128, 128, 18, 1876, 1051);
INSERT INTO BOOKS_ADMIN."Edition" (id, bookid, publisherid, publishyear, pagescount) VALUES (129, 129, 8, 1818, 1003);
INSERT INTO BOOKS_ADMIN."Edition" (id, bookid, publisherid, publishyear, pagescount) VALUES (130, 130, 20, 1943, 99);
INSERT INTO BOOKS_ADMIN."Edition" (id, bookid, publisherid, publishyear, pagescount) VALUES (131, 131, 7, 1819, 103);
INSERT INTO BOOKS_ADMIN."Edition" (id, bookid, publisherid, publishyear, pagescount) VALUES (132, 132, 11, 1897, 496);
INSERT INTO BOOKS_ADMIN."Edition" (id, bookid, publisherid, publishyear, pagescount) VALUES (133, 133, 19, 1846, 976);
INSERT INTO BOOKS_ADMIN."Edition" (id, bookid, publisherid, publishyear, pagescount) VALUES (134, 134, 7, 1879, 500);
INSERT INTO BOOKS_ADMIN."Edition" (id, bookid, publisherid, publishyear, pagescount) VALUES (135, 135, 13, 1957, 88);
INSERT INTO BOOKS_ADMIN."Edition" (id, bookid, publisherid, publishyear, pagescount) VALUES (136, 136, 11, 2013, 1035);
INSERT INTO BOOKS_ADMIN."Edition" (id, bookid, publisherid, publishyear, pagescount) VALUES (137, 137, 1, 1947, 86);
INSERT INTO BOOKS_ADMIN."Edition" (id, bookid, publisherid, publishyear, pagescount) VALUES (138, 138, 12, 1877, 516);
INSERT INTO BOOKS_ADMIN."Edition" (id, bookid, publisherid, publishyear, pagescount) VALUES (139, 139, 17, 1971, 1010);
INSERT INTO BOOKS_ADMIN."Edition" (id, bookid, publisherid, publishyear, pagescount) VALUES (140, 140, 20, 1875, 976);
INSERT INTO BOOKS_ADMIN."Edition" (id, bookid, publisherid, publishyear, pagescount) VALUES (141, 141, 13, 2002, 91);
INSERT INTO BOOKS_ADMIN."Edition" (id, bookid, publisherid, publishyear, pagescount) VALUES (142, 142, 2, 1855, 989);
INSERT INTO BOOKS_ADMIN."Edition" (id, bookid, publisherid, publishyear, pagescount) VALUES (143, 143, 8, 2010, 99);
INSERT INTO BOOKS_ADMIN."Edition" (id, bookid, publisherid, publishyear, pagescount) VALUES (144, 144, 18, 1911, 454);
INSERT INTO BOOKS_ADMIN."Edition" (id, bookid, publisherid, publishyear, pagescount) VALUES (145, 145, 12, 1906, 998);
INSERT INTO BOOKS_ADMIN."Edition" (id, bookid, publisherid, publishyear, pagescount) VALUES (146, 146, 3, 1989, 97);
INSERT INTO BOOKS_ADMIN."Edition" (id, bookid, publisherid, publishyear, pagescount) VALUES (147, 147, 19, 1943, 1045);
INSERT INTO BOOKS_ADMIN."Edition" (id, bookid, publisherid, publishyear, pagescount) VALUES (148, 148, 11, 1984, 87);
INSERT INTO BOOKS_ADMIN."Edition" (id, bookid, publisherid, publishyear, pagescount) VALUES (149, 149, 4, 1854, 974);
INSERT INTO BOOKS_ADMIN."Edition" (id, bookid, publisherid, publishyear, pagescount) VALUES (150, 150, 15, 1980, 1042);
INSERT INTO BOOKS_ADMIN."Edition" (id, bookid, publisherid, publishyear, pagescount) VALUES (151, 151, 4, 1934, 523);
INSERT INTO BOOKS_ADMIN."Edition" (id, bookid, publisherid, publishyear, pagescount) VALUES (152, 152, 13, 2013, 1007);
INSERT INTO BOOKS_ADMIN."Edition" (id, bookid, publisherid, publishyear, pagescount) VALUES (153, 153, 14, 1900, 547);
INSERT INTO BOOKS_ADMIN."Edition" (id, bookid, publisherid, publishyear, pagescount) VALUES (154, 154, 18, 1890, 119);
INSERT INTO BOOKS_ADMIN."Edition" (id, bookid, publisherid, publishyear, pagescount) VALUES (155, 155, 11, 1847, 999);
INSERT INTO BOOKS_ADMIN."Edition" (id, bookid, publisherid, publishyear, pagescount) VALUES (156, 156, 20, 2010, 91);
INSERT INTO BOOKS_ADMIN."Edition" (id, bookid, publisherid, publishyear, pagescount) VALUES (157, 157, 12, 1952, 1022);
INSERT INTO BOOKS_ADMIN."Edition" (id, bookid, publisherid, publishyear, pagescount) VALUES (158, 158, 16, 1881, 103);
INSERT INTO BOOKS_ADMIN."Edition" (id, bookid, publisherid, publishyear, pagescount) VALUES (159, 159, 2, 1925, 493);
INSERT INTO BOOKS_ADMIN."Edition" (id, bookid, publisherid, publishyear, pagescount) VALUES (160, 160, 11, 1848, 440);
INSERT INTO BOOKS_ADMIN."Edition" (id, bookid, publisherid, publishyear, pagescount) VALUES (161, 161, 20, 1981, 492);
INSERT INTO BOOKS_ADMIN."Edition" (id, bookid, publisherid, publishyear, pagescount) VALUES (162, 162, 13, 1889, 106);
INSERT INTO BOOKS_ADMIN."Edition" (id, bookid, publisherid, publishyear, pagescount) VALUES (163, 163, 4, 2001, 974);
INSERT INTO BOOKS_ADMIN."Edition" (id, bookid, publisherid, publishyear, pagescount) VALUES (164, 164, 8, 1909, 507);
INSERT INTO BOOKS_ADMIN."Edition" (id, bookid, publisherid, publishyear, pagescount) VALUES (165, 165, 18, 1803, 1022);
INSERT INTO BOOKS_ADMIN."Edition" (id, bookid, publisherid, publishyear, pagescount) VALUES (166, 166, 11, 1849, 1000);
INSERT INTO BOOKS_ADMIN."Edition" (id, bookid, publisherid, publishyear, pagescount) VALUES (167, 167, 6, 2001, 509);
INSERT INTO BOOKS_ADMIN."Edition" (id, bookid, publisherid, publishyear, pagescount) VALUES (168, 168, 3, 1979, 520);
INSERT INTO BOOKS_ADMIN."Edition" (id, bookid, publisherid, publishyear, pagescount) VALUES (169, 169, 9, 1975, 1025);
INSERT INTO BOOKS_ADMIN."Edition" (id, bookid, publisherid, publishyear, pagescount) VALUES (170, 170, 17, 1900, 958);
INSERT INTO BOOKS_ADMIN."Edition" (id, bookid, publisherid, publishyear, pagescount) VALUES (171, 171, 5, 1881, 1030);
INSERT INTO BOOKS_ADMIN."Edition" (id, bookid, publisherid, publishyear, pagescount) VALUES (172, 172, 13, 1916, 115);
INSERT INTO BOOKS_ADMIN."Edition" (id, bookid, publisherid, publishyear, pagescount) VALUES (173, 173, 9, 1864, 973);
INSERT INTO BOOKS_ADMIN."Edition" (id, bookid, publisherid, publishyear, pagescount) VALUES (174, 174, 8, 1947, 113);
INSERT INTO BOOKS_ADMIN."Edition" (id, bookid, publisherid, publishyear, pagescount) VALUES (175, 175, 19, 2008, 978);
INSERT INTO BOOKS_ADMIN."Edition" (id, bookid, publisherid, publishyear, pagescount) VALUES (176, 176, 2, 1893, 510);
INSERT INTO BOOKS_ADMIN."Edition" (id, bookid, publisherid, publishyear, pagescount) VALUES (177, 177, 13, 1941, 994);
INSERT INTO BOOKS_ADMIN."Edition" (id, bookid, publisherid, publishyear, pagescount) VALUES (178, 178, 10, 2006, 1003);
INSERT INTO BOOKS_ADMIN."Edition" (id, bookid, publisherid, publishyear, pagescount) VALUES (179, 179, 1, 1925, 93);
INSERT INTO BOOKS_ADMIN."Edition" (id, bookid, publisherid, publishyear, pagescount) VALUES (180, 180, 3, 2016, 97);
INSERT INTO BOOKS_ADMIN."Edition" (id, bookid, publisherid, publishyear, pagescount) VALUES (181, 181, 4, 1899, 1008);
INSERT INTO BOOKS_ADMIN."Edition" (id, bookid, publisherid, publishyear, pagescount) VALUES (182, 182, 19, 1847, 965);
INSERT INTO BOOKS_ADMIN."Edition" (id, bookid, publisherid, publishyear, pagescount) VALUES (183, 183, 19, 1872, 973);
INSERT INTO BOOKS_ADMIN."Edition" (id, bookid, publisherid, publishyear, pagescount) VALUES (184, 184, 20, 1920, 99);
INSERT INTO BOOKS_ADMIN."Edition" (id, bookid, publisherid, publishyear, pagescount) VALUES (185, 185, 15, 1876, 554);
INSERT INTO BOOKS_ADMIN."Edition" (id, bookid, publisherid, publishyear, pagescount) VALUES (186, 186, 13, 1858, 506);
INSERT INTO BOOKS_ADMIN."Edition" (id, bookid, publisherid, publishyear, pagescount) VALUES (187, 187, 16, 1834, 1015);
INSERT INTO BOOKS_ADMIN."Edition" (id, bookid, publisherid, publishyear, pagescount) VALUES (188, 188, 6, 1863, 116);
INSERT INTO BOOKS_ADMIN."Edition" (id, bookid, publisherid, publishyear, pagescount) VALUES (189, 189, 14, 1836, 486);
INSERT INTO BOOKS_ADMIN."Edition" (id, bookid, publisherid, publishyear, pagescount) VALUES (190, 190, 2, 1838, 1008);
INSERT INTO BOOKS_ADMIN."Edition" (id, bookid, publisherid, publishyear, pagescount) VALUES (191, 191, 15, 1843, 991);
INSERT INTO BOOKS_ADMIN."Edition" (id, bookid, publisherid, publishyear, pagescount) VALUES (192, 192, 17, 1982, 108);
INSERT INTO BOOKS_ADMIN."Edition" (id, bookid, publisherid, publishyear, pagescount) VALUES (193, 193, 14, 1927, 504);
INSERT INTO BOOKS_ADMIN."Edition" (id, bookid, publisherid, publishyear, pagescount) VALUES (194, 194, 2, 1962, 525);
INSERT INTO BOOKS_ADMIN."Edition" (id, bookid, publisherid, publishyear, pagescount) VALUES (195, 195, 14, 1870, 981);
INSERT INTO BOOKS_ADMIN."Edition" (id, bookid, publisherid, publishyear, pagescount) VALUES (196, 196, 13, 1952, 99);
INSERT INTO BOOKS_ADMIN."Edition" (id, bookid, publisherid, publishyear, pagescount) VALUES (197, 197, 14, 1827, 504);
INSERT INTO BOOKS_ADMIN."Edition" (id, bookid, publisherid, publishyear, pagescount) VALUES (198, 198, 13, 1869, 105);
INSERT INTO BOOKS_ADMIN."Edition" (id, bookid, publisherid, publishyear, pagescount) VALUES (199, 199, 7, 1898, 487);
INSERT INTO BOOKS_ADMIN."Edition" (id, bookid, publisherid, publishyear, pagescount) VALUES (200, 200, 12, 1974, 97);
INSERT INTO BOOKS_ADMIN."Edition" (id, bookid, publisherid, publishyear, pagescount) VALUES (201, 201, 12, 2005, 477);
INSERT INTO BOOKS_ADMIN."Edition" (id, bookid, publisherid, publishyear, pagescount) VALUES (202, 202, 8, 2006, 955);
INSERT INTO BOOKS_ADMIN."Edition" (id, bookid, publisherid, publishyear, pagescount) VALUES (203, 203, 20, 1831, 519);
INSERT INTO BOOKS_ADMIN."Edition" (id, bookid, publisherid, publishyear, pagescount) VALUES (204, 204, 20, 1826, 107);
INSERT INTO BOOKS_ADMIN."Edition" (id, bookid, publisherid, publishyear, pagescount) VALUES (205, 205, 4, 1932, 952);
INSERT INTO BOOKS_ADMIN."Edition" (id, bookid, publisherid, publishyear, pagescount) VALUES (206, 206, 14, 1885, 505);
INSERT INTO BOOKS_ADMIN."Edition" (id, bookid, publisherid, publishyear, pagescount) VALUES (207, 207, 10, 1974, 103);
INSERT INTO BOOKS_ADMIN."Edition" (id, bookid, publisherid, publishyear, pagescount) VALUES (208, 208, 4, 1877, 524);
INSERT INTO BOOKS_ADMIN."Edition" (id, bookid, publisherid, publishyear, pagescount) VALUES (209, 209, 5, 1954, 554);
INSERT INTO BOOKS_ADMIN."Edition" (id, bookid, publisherid, publishyear, pagescount) VALUES (210, 210, 10, 1906, 473);
INSERT INTO BOOKS_ADMIN."Edition" (id, bookid, publisherid, publishyear, pagescount) VALUES (211, 211, 2, 1803, 920);
INSERT INTO BOOKS_ADMIN."Edition" (id, bookid, publisherid, publishyear, pagescount) VALUES (212, 212, 12, 1813, 103);
INSERT INTO BOOKS_ADMIN."Edition" (id, bookid, publisherid, publishyear, pagescount) VALUES (213, 213, 6, 1851, 1005);
INSERT INTO BOOKS_ADMIN."Edition" (id, bookid, publisherid, publishyear, pagescount) VALUES (214, 214, 13, 1861, 978);
INSERT INTO BOOKS_ADMIN."Edition" (id, bookid, publisherid, publishyear, pagescount) VALUES (215, 215, 3, 1854, 1033);
INSERT INTO BOOKS_ADMIN."Edition" (id, bookid, publisherid, publishyear, pagescount) VALUES (216, 216, 15, 1935, 112);
INSERT INTO BOOKS_ADMIN."Edition" (id, bookid, publisherid, publishyear, pagescount) VALUES (217, 217, 14, 1874, 83);
INSERT INTO BOOKS_ADMIN."Edition" (id, bookid, publisherid, publishyear, pagescount) VALUES (218, 218, 18, 1815, 99);
INSERT INTO BOOKS_ADMIN."Edition" (id, bookid, publisherid, publishyear, pagescount) VALUES (219, 219, 10, 1889, 984);
INSERT INTO BOOKS_ADMIN."Edition" (id, bookid, publisherid, publishyear, pagescount) VALUES (220, 220, 2, 1902, 526);
INSERT INTO BOOKS_ADMIN."Edition" (id, bookid, publisherid, publishyear, pagescount) VALUES (221, 221, 9, 2014, 1038);
INSERT INTO BOOKS_ADMIN."Edition" (id, bookid, publisherid, publishyear, pagescount) VALUES (222, 222, 2, 1844, 471);
INSERT INTO BOOKS_ADMIN."Edition" (id, bookid, publisherid, publishyear, pagescount) VALUES (223, 223, 2, 1892, 120);
INSERT INTO BOOKS_ADMIN."Edition" (id, bookid, publisherid, publishyear, pagescount) VALUES (224, 224, 8, 1852, 485);
INSERT INTO BOOKS_ADMIN."Edition" (id, bookid, publisherid, publishyear, pagescount) VALUES (225, 225, 15, 1975, 454);
INSERT INTO BOOKS_ADMIN."Edition" (id, bookid, publisherid, publishyear, pagescount) VALUES (226, 226, 5, 1860, 1005);
INSERT INTO BOOKS_ADMIN."Edition" (id, bookid, publisherid, publishyear, pagescount) VALUES (227, 227, 10, 1970, 102);
INSERT INTO BOOKS_ADMIN."Edition" (id, bookid, publisherid, publishyear, pagescount) VALUES (228, 228, 2, 1902, 523);
INSERT INTO BOOKS_ADMIN."Edition" (id, bookid, publisherid, publishyear, pagescount) VALUES (229, 229, 14, 1945, 505);
INSERT INTO BOOKS_ADMIN."Edition" (id, bookid, publisherid, publishyear, pagescount) VALUES (230, 230, 2, 1914, 494);
INSERT INTO BOOKS_ADMIN."Edition" (id, bookid, publisherid, publishyear, pagescount) VALUES (231, 231, 10, 1908, 528);
INSERT INTO BOOKS_ADMIN."Edition" (id, bookid, publisherid, publishyear, pagescount) VALUES (232, 232, 3, 1983, 92);
INSERT INTO BOOKS_ADMIN."Edition" (id, bookid, publisherid, publishyear, pagescount) VALUES (233, 233, 1, 1819, 94);
INSERT INTO BOOKS_ADMIN."Edition" (id, bookid, publisherid, publishyear, pagescount) VALUES (234, 234, 20, 1956, 112);
INSERT INTO BOOKS_ADMIN."Edition" (id, bookid, publisherid, publishyear, pagescount) VALUES (235, 235, 10, 1875, 484);
INSERT INTO BOOKS_ADMIN."Edition" (id, bookid, publisherid, publishyear, pagescount) VALUES (236, 236, 20, 1907, 93);
INSERT INTO BOOKS_ADMIN."Edition" (id, bookid, publisherid, publishyear, pagescount) VALUES (237, 237, 18, 1968, 506);
INSERT INTO BOOKS_ADMIN."Edition" (id, bookid, publisherid, publishyear, pagescount) VALUES (238, 238, 1, 2004, 968);
INSERT INTO BOOKS_ADMIN."Edition" (id, bookid, publisherid, publishyear, pagescount) VALUES (239, 239, 8, 1845, 92);
INSERT INTO BOOKS_ADMIN."Edition" (id, bookid, publisherid, publishyear, pagescount) VALUES (240, 240, 2, 1951, 102);
INSERT INTO BOOKS_ADMIN."Edition" (id, bookid, publisherid, publishyear, pagescount) VALUES (241, 241, 19, 1875, 1057);
INSERT INTO BOOKS_ADMIN."Edition" (id, bookid, publisherid, publishyear, pagescount) VALUES (242, 242, 1, 1990, 517);
INSERT INTO BOOKS_ADMIN."Edition" (id, bookid, publisherid, publishyear, pagescount) VALUES (243, 243, 5, 1880, 1001);
INSERT INTO BOOKS_ADMIN."Edition" (id, bookid, publisherid, publishyear, pagescount) VALUES (244, 244, 6, 1990, 100);
INSERT INTO BOOKS_ADMIN."Edition" (id, bookid, publisherid, publishyear, pagescount) VALUES (245, 245, 8, 1940, 485);
INSERT INTO BOOKS_ADMIN."Edition" (id, bookid, publisherid, publishyear, pagescount) VALUES (246, 246, 12, 1970, 101);
INSERT INTO BOOKS_ADMIN."Edition" (id, bookid, publisherid, publishyear, pagescount) VALUES (247, 247, 19, 1818, 116);
INSERT INTO BOOKS_ADMIN."Edition" (id, bookid, publisherid, publishyear, pagescount) VALUES (248, 248, 15, 1836, 520);
INSERT INTO BOOKS_ADMIN."Edition" (id, bookid, publisherid, publishyear, pagescount) VALUES (249, 249, 4, 1864, 972);
INSERT INTO BOOKS_ADMIN."Edition" (id, bookid, publisherid, publishyear, pagescount) VALUES (250, 250, 16, 1878, 992);
INSERT INTO BOOKS_ADMIN."Edition" (id, bookid, publisherid, publishyear, pagescount) VALUES (251, 251, 11, 1923, 1026);
INSERT INTO BOOKS_ADMIN."Edition" (id, bookid, publisherid, publishyear, pagescount) VALUES (252, 252, 1, 1872, 517);
INSERT INTO BOOKS_ADMIN."Edition" (id, bookid, publisherid, publishyear, pagescount) VALUES (253, 253, 7, 1897, 112);
INSERT INTO BOOKS_ADMIN."Edition" (id, bookid, publisherid, publishyear, pagescount) VALUES (254, 254, 16, 1874, 463);
INSERT INTO BOOKS_ADMIN."Edition" (id, bookid, publisherid, publishyear, pagescount) VALUES (255, 255, 3, 1950, 522);
INSERT INTO BOOKS_ADMIN."Edition" (id, bookid, publisherid, publishyear, pagescount) VALUES (256, 256, 2, 1878, 1015);
INSERT INTO BOOKS_ADMIN."Edition" (id, bookid, publisherid, publishyear, pagescount) VALUES (257, 257, 13, 1840, 1039);
INSERT INTO BOOKS_ADMIN."Edition" (id, bookid, publisherid, publishyear, pagescount) VALUES (258, 258, 7, 1878, 1033);
INSERT INTO BOOKS_ADMIN."Edition" (id, bookid, publisherid, publishyear, pagescount) VALUES (259, 259, 3, 1808, 1006);
INSERT INTO BOOKS_ADMIN."Edition" (id, bookid, publisherid, publishyear, pagescount) VALUES (260, 260, 19, 1849, 98);
INSERT INTO BOOKS_ADMIN."Edition" (id, bookid, publisherid, publishyear, pagescount) VALUES (261, 261, 5, 1965, 954);
INSERT INTO BOOKS_ADMIN."Edition" (id, bookid, publisherid, publishyear, pagescount) VALUES (262, 262, 19, 1847, 920);
INSERT INTO BOOKS_ADMIN."Edition" (id, bookid, publisherid, publishyear, pagescount) VALUES (263, 263, 1, 1837, 996);
INSERT INTO BOOKS_ADMIN."Edition" (id, bookid, publisherid, publishyear, pagescount) VALUES (264, 264, 11, 1836, 103);
INSERT INTO BOOKS_ADMIN."Edition" (id, bookid, publisherid, publishyear, pagescount) VALUES (265, 265, 20, 1875, 509);
INSERT INTO BOOKS_ADMIN."Edition" (id, bookid, publisherid, publishyear, pagescount) VALUES (266, 266, 3, 1921, 1023);
INSERT INTO BOOKS_ADMIN."Edition" (id, bookid, publisherid, publishyear, pagescount) VALUES (267, 267, 4, 1993, 1026);
INSERT INTO BOOKS_ADMIN."Edition" (id, bookid, publisherid, publishyear, pagescount) VALUES (268, 268, 19, 1834, 988);
INSERT INTO BOOKS_ADMIN."Edition" (id, bookid, publisherid, publishyear, pagescount) VALUES (269, 269, 18, 1858, 540);
INSERT INTO BOOKS_ADMIN."Edition" (id, bookid, publisherid, publishyear, pagescount) VALUES (270, 270, 17, 1923, 91);
INSERT INTO BOOKS_ADMIN."Edition" (id, bookid, publisherid, publishyear, pagescount) VALUES (271, 271, 11, 1994, 1047);
INSERT INTO BOOKS_ADMIN."Edition" (id, bookid, publisherid, publishyear, pagescount) VALUES (272, 272, 15, 1874, 84);
INSERT INTO BOOKS_ADMIN."Edition" (id, bookid, publisherid, publishyear, pagescount) VALUES (273, 273, 3, 1847, 474);
INSERT INTO BOOKS_ADMIN."Edition" (id, bookid, publisherid, publishyear, pagescount) VALUES (274, 274, 19, 1872, 493);
INSERT INTO BOOKS_ADMIN."Edition" (id, bookid, publisherid, publishyear, pagescount) VALUES (275, 275, 8, 2008, 504);
INSERT INTO BOOKS_ADMIN."Edition" (id, bookid, publisherid, publishyear, pagescount) VALUES (276, 276, 19, 1981, 986);
INSERT INTO BOOKS_ADMIN."Edition" (id, bookid, publisherid, publishyear, pagescount) VALUES (277, 277, 13, 1815, 490);
INSERT INTO BOOKS_ADMIN."Edition" (id, bookid, publisherid, publishyear, pagescount) VALUES (278, 278, 6, 1977, 98);
INSERT INTO BOOKS_ADMIN."Edition" (id, bookid, publisherid, publishyear, pagescount) VALUES (279, 279, 17, 1977, 1017);
INSERT INTO BOOKS_ADMIN."Edition" (id, bookid, publisherid, publishyear, pagescount) VALUES (280, 280, 8, 1861, 1013);
INSERT INTO BOOKS_ADMIN."Edition" (id, bookid, publisherid, publishyear, pagescount) VALUES (281, 281, 1, 1833, 1024);
INSERT INTO BOOKS_ADMIN."Edition" (id, bookid, publisherid, publishyear, pagescount) VALUES (282, 282, 10, 1928, 508);
INSERT INTO BOOKS_ADMIN."Edition" (id, bookid, publisherid, publishyear, pagescount) VALUES (283, 283, 18, 2008, 1030);
INSERT INTO BOOKS_ADMIN."Edition" (id, bookid, publisherid, publishyear, pagescount) VALUES (284, 284, 7, 1909, 935);
INSERT INTO BOOKS_ADMIN."Edition" (id, bookid, publisherid, publishyear, pagescount) VALUES (285, 285, 7, 1936, 94);
INSERT INTO BOOKS_ADMIN."Edition" (id, bookid, publisherid, publishyear, pagescount) VALUES (286, 286, 3, 1873, 91);
INSERT INTO BOOKS_ADMIN."Edition" (id, bookid, publisherid, publishyear, pagescount) VALUES (287, 287, 7, 1914, 518);
INSERT INTO BOOKS_ADMIN."Edition" (id, bookid, publisherid, publishyear, pagescount) VALUES (288, 288, 5, 1991, 478);
INSERT INTO BOOKS_ADMIN."Edition" (id, bookid, publisherid, publishyear, pagescount) VALUES (289, 289, 13, 1971, 102);
INSERT INTO BOOKS_ADMIN."Edition" (id, bookid, publisherid, publishyear, pagescount) VALUES (290, 290, 14, 1840, 531);
INSERT INTO BOOKS_ADMIN."Edition" (id, bookid, publisherid, publishyear, pagescount) VALUES (291, 291, 15, 1883, 484);
INSERT INTO BOOKS_ADMIN."Edition" (id, bookid, publisherid, publishyear, pagescount) VALUES (292, 292, 9, 1808, 1000);
INSERT INTO BOOKS_ADMIN."Edition" (id, bookid, publisherid, publishyear, pagescount) VALUES (293, 293, 20, 1940, 104);
INSERT INTO BOOKS_ADMIN."Edition" (id, bookid, publisherid, publishyear, pagescount) VALUES (294, 294, 2, 1801, 108);
INSERT INTO BOOKS_ADMIN."Edition" (id, bookid, publisherid, publishyear, pagescount) VALUES (295, 295, 2, 1927, 97);
INSERT INTO BOOKS_ADMIN."Edition" (id, bookid, publisherid, publishyear, pagescount) VALUES (296, 296, 19, 1958, 88);
INSERT INTO BOOKS_ADMIN."Edition" (id, bookid, publisherid, publishyear, pagescount) VALUES (297, 297, 2, 1846, 990);
INSERT INTO BOOKS_ADMIN."Edition" (id, bookid, publisherid, publishyear, pagescount) VALUES (298, 298, 5, 1896, 99);
INSERT INTO BOOKS_ADMIN."Edition" (id, bookid, publisherid, publishyear, pagescount) VALUES (299, 299, 10, 1846, 459);
INSERT INTO BOOKS_ADMIN."Edition" (id, bookid, publisherid, publishyear, pagescount) VALUES (300, 300, 3, 1949, 519);
INSERT INTO BOOKS_ADMIN."Edition" (id, bookid, publisherid, publishyear, pagescount) VALUES (301, 301, 7, 1882, 519);
INSERT INTO BOOKS_ADMIN."Edition" (id, bookid, publisherid, publishyear, pagescount) VALUES (302, 302, 7, 1869, 96);
INSERT INTO BOOKS_ADMIN."Edition" (id, bookid, publisherid, publishyear, pagescount) VALUES (303, 303, 14, 1949, 985);
INSERT INTO BOOKS_ADMIN."Edition" (id, bookid, publisherid, publishyear, pagescount) VALUES (304, 304, 18, 1857, 529);
INSERT INTO BOOKS_ADMIN."Edition" (id, bookid, publisherid, publishyear, pagescount) VALUES (305, 305, 20, 2008, 968);
INSERT INTO BOOKS_ADMIN."Edition" (id, bookid, publisherid, publishyear, pagescount) VALUES (306, 306, 3, 1947, 513);
INSERT INTO BOOKS_ADMIN."Edition" (id, bookid, publisherid, publishyear, pagescount) VALUES (307, 307, 2, 2016, 1040);
INSERT INTO BOOKS_ADMIN."Edition" (id, bookid, publisherid, publishyear, pagescount) VALUES (308, 308, 14, 1995, 1000);
INSERT INTO BOOKS_ADMIN."Edition" (id, bookid, publisherid, publishyear, pagescount) VALUES (309, 309, 3, 1813, 931);
INSERT INTO BOOKS_ADMIN."Edition" (id, bookid, publisherid, publishyear, pagescount) VALUES (310, 310, 12, 1916, 101);
INSERT INTO BOOKS_ADMIN."Edition" (id, bookid, publisherid, publishyear, pagescount) VALUES (311, 311, 12, 2016, 99);
INSERT INTO BOOKS_ADMIN."Edition" (id, bookid, publisherid, publishyear, pagescount) VALUES (312, 312, 19, 1961, 480);
INSERT INTO BOOKS_ADMIN."Edition" (id, bookid, publisherid, publishyear, pagescount) VALUES (313, 313, 14, 1847, 954);
INSERT INTO BOOKS_ADMIN."Edition" (id, bookid, publisherid, publishyear, pagescount) VALUES (314, 314, 19, 1965, 112);
INSERT INTO BOOKS_ADMIN."Edition" (id, bookid, publisherid, publishyear, pagescount) VALUES (315, 315, 1, 1912, 512);
INSERT INTO BOOKS_ADMIN."Edition" (id, bookid, publisherid, publishyear, pagescount) VALUES (316, 316, 20, 1969, 1057);
INSERT INTO BOOKS_ADMIN."Edition" (id, bookid, publisherid, publishyear, pagescount) VALUES (317, 317, 9, 1999, 106);
INSERT INTO BOOKS_ADMIN."Edition" (id, bookid, publisherid, publishyear, pagescount) VALUES (318, 318, 19, 1838, 483);
INSERT INTO BOOKS_ADMIN."Edition" (id, bookid, publisherid, publishyear, pagescount) VALUES (319, 319, 13, 1974, 482);
INSERT INTO BOOKS_ADMIN."Edition" (id, bookid, publisherid, publishyear, pagescount) VALUES (320, 320, 3, 1845, 982);
INSERT INTO BOOKS_ADMIN."Edition" (id, bookid, publisherid, publishyear, pagescount) VALUES (321, 321, 16, 1869, 1056);
INSERT INTO BOOKS_ADMIN."Edition" (id, bookid, publisherid, publishyear, pagescount) VALUES (322, 322, 8, 1812, 501);
INSERT INTO BOOKS_ADMIN."Edition" (id, bookid, publisherid, publishyear, pagescount) VALUES (323, 323, 10, 1821, 507);
INSERT INTO BOOKS_ADMIN."Edition" (id, bookid, publisherid, publishyear, pagescount) VALUES (324, 324, 17, 1843, 95);
INSERT INTO BOOKS_ADMIN."Edition" (id, bookid, publisherid, publishyear, pagescount) VALUES (325, 325, 11, 1917, 502);
INSERT INTO BOOKS_ADMIN."Edition" (id, bookid, publisherid, publishyear, pagescount) VALUES (326, 326, 16, 1852, 509);
INSERT INTO BOOKS_ADMIN."Edition" (id, bookid, publisherid, publishyear, pagescount) VALUES (327, 327, 3, 1919, 531);
INSERT INTO BOOKS_ADMIN."Edition" (id, bookid, publisherid, publishyear, pagescount) VALUES (328, 328, 10, 1949, 95);
INSERT INTO BOOKS_ADMIN."Edition" (id, bookid, publisherid, publishyear, pagescount) VALUES (329, 329, 6, 1931, 495);
INSERT INTO BOOKS_ADMIN."Edition" (id, bookid, publisherid, publishyear, pagescount) VALUES (330, 330, 9, 1835, 1001);
INSERT INTO BOOKS_ADMIN."Edition" (id, bookid, publisherid, publishyear, pagescount) VALUES (331, 331, 15, 1877, 482);
INSERT INTO BOOKS_ADMIN."Edition" (id, bookid, publisherid, publishyear, pagescount) VALUES (332, 332, 18, 1998, 511);
INSERT INTO BOOKS_ADMIN."Edition" (id, bookid, publisherid, publishyear, pagescount) VALUES (333, 333, 13, 1843, 1047);
INSERT INTO BOOKS_ADMIN."Edition" (id, bookid, publisherid, publishyear, pagescount) VALUES (334, 334, 16, 1944, 461);
INSERT INTO BOOKS_ADMIN."Edition" (id, bookid, publisherid, publishyear, pagescount) VALUES (335, 335, 5, 1977, 1052);
INSERT INTO BOOKS_ADMIN."Edition" (id, bookid, publisherid, publishyear, pagescount) VALUES (336, 336, 1, 1996, 995);
INSERT INTO BOOKS_ADMIN."Edition" (id, bookid, publisherid, publishyear, pagescount) VALUES (337, 337, 9, 2007, 1071);
INSERT INTO BOOKS_ADMIN."Edition" (id, bookid, publisherid, publishyear, pagescount) VALUES (338, 338, 19, 1949, 999);
INSERT INTO BOOKS_ADMIN."Edition" (id, bookid, publisherid, publishyear, pagescount) VALUES (339, 339, 11, 1845, 934);
INSERT INTO BOOKS_ADMIN."Edition" (id, bookid, publisherid, publishyear, pagescount) VALUES (340, 340, 19, 1864, 95);
INSERT INTO BOOKS_ADMIN."Edition" (id, bookid, publisherid, publishyear, pagescount) VALUES (341, 341, 1, 1835, 1025);
INSERT INTO BOOKS_ADMIN."Edition" (id, bookid, publisherid, publishyear, pagescount) VALUES (342, 342, 15, 1843, 1006);
INSERT INTO BOOKS_ADMIN."Edition" (id, bookid, publisherid, publishyear, pagescount) VALUES (343, 343, 10, 1908, 97);
INSERT INTO BOOKS_ADMIN."Edition" (id, bookid, publisherid, publishyear, pagescount) VALUES (344, 344, 16, 1807, 508);
INSERT INTO BOOKS_ADMIN."Edition" (id, bookid, publisherid, publishyear, pagescount) VALUES (345, 345, 4, 1893, 992);
INSERT INTO BOOKS_ADMIN."Edition" (id, bookid, publisherid, publishyear, pagescount) VALUES (346, 346, 5, 1892, 95);
INSERT INTO BOOKS_ADMIN."Edition" (id, bookid, publisherid, publishyear, pagescount) VALUES (347, 347, 9, 1916, 992);
INSERT INTO BOOKS_ADMIN."Edition" (id, bookid, publisherid, publishyear, pagescount) VALUES (348, 348, 18, 2000, 1021);
INSERT INTO BOOKS_ADMIN."Edition" (id, bookid, publisherid, publishyear, pagescount) VALUES (349, 349, 12, 1892, 948);
INSERT INTO BOOKS_ADMIN."Edition" (id, bookid, publisherid, publishyear, pagescount) VALUES (350, 350, 1, 1870, 1020);
INSERT INTO BOOKS_ADMIN."Edition" (id, bookid, publisherid, publishyear, pagescount) VALUES (351, 351, 12, 1928, 964);
INSERT INTO BOOKS_ADMIN."Edition" (id, bookid, publisherid, publishyear, pagescount) VALUES (352, 352, 20, 1995, 101);
INSERT INTO BOOKS_ADMIN."Edition" (id, bookid, publisherid, publishyear, pagescount) VALUES (353, 353, 10, 1855, 85);
INSERT INTO BOOKS_ADMIN."Edition" (id, bookid, publisherid, publishyear, pagescount) VALUES (354, 354, 11, 2008, 1047);
INSERT INTO BOOKS_ADMIN."Edition" (id, bookid, publisherid, publishyear, pagescount) VALUES (355, 355, 1, 1858, 979);
INSERT INTO BOOKS_ADMIN."Edition" (id, bookid, publisherid, publishyear, pagescount) VALUES (356, 356, 13, 1800, 520);
INSERT INTO BOOKS_ADMIN."Edition" (id, bookid, publisherid, publishyear, pagescount) VALUES (357, 357, 2, 1955, 1040);
INSERT INTO BOOKS_ADMIN."Edition" (id, bookid, publisherid, publishyear, pagescount) VALUES (358, 358, 1, 1890, 497);
INSERT INTO BOOKS_ADMIN."Edition" (id, bookid, publisherid, publishyear, pagescount) VALUES (359, 359, 11, 1833, 992);
INSERT INTO BOOKS_ADMIN."Edition" (id, bookid, publisherid, publishyear, pagescount) VALUES (360, 360, 18, 1946, 1022);
INSERT INTO BOOKS_ADMIN."Edition" (id, bookid, publisherid, publishyear, pagescount) VALUES (361, 361, 14, 1880, 988);
INSERT INTO BOOKS_ADMIN."Edition" (id, bookid, publisherid, publishyear, pagescount) VALUES (362, 362, 1, 1881, 119);
INSERT INTO BOOKS_ADMIN."Edition" (id, bookid, publisherid, publishyear, pagescount) VALUES (363, 363, 1, 1908, 108);
INSERT INTO BOOKS_ADMIN."Edition" (id, bookid, publisherid, publishyear, pagescount) VALUES (364, 364, 7, 1952, 517);
INSERT INTO BOOKS_ADMIN."Edition" (id, bookid, publisherid, publishyear, pagescount) VALUES (365, 365, 1, 1844, 990);
INSERT INTO BOOKS_ADMIN."Edition" (id, bookid, publisherid, publishyear, pagescount) VALUES (366, 366, 1, 1915, 96);
INSERT INTO BOOKS_ADMIN."Edition" (id, bookid, publisherid, publishyear, pagescount) VALUES (367, 367, 14, 1902, 98);
INSERT INTO BOOKS_ADMIN."Edition" (id, bookid, publisherid, publishyear, pagescount) VALUES (368, 368, 7, 1978, 475);
INSERT INTO BOOKS_ADMIN."Edition" (id, bookid, publisherid, publishyear, pagescount) VALUES (369, 369, 13, 1922, 1036);
INSERT INTO BOOKS_ADMIN."Edition" (id, bookid, publisherid, publishyear, pagescount) VALUES (370, 370, 9, 1904, 509);
INSERT INTO BOOKS_ADMIN."Edition" (id, bookid, publisherid, publishyear, pagescount) VALUES (371, 371, 11, 1961, 97);
INSERT INTO BOOKS_ADMIN."Edition" (id, bookid, publisherid, publishyear, pagescount) VALUES (372, 372, 7, 1863, 554);
INSERT INTO BOOKS_ADMIN."Edition" (id, bookid, publisherid, publishyear, pagescount) VALUES (373, 373, 20, 1847, 943);
INSERT INTO BOOKS_ADMIN."Edition" (id, bookid, publisherid, publishyear, pagescount) VALUES (374, 374, 13, 1989, 1007);
INSERT INTO BOOKS_ADMIN."Edition" (id, bookid, publisherid, publishyear, pagescount) VALUES (375, 375, 8, 1922, 102);
INSERT INTO BOOKS_ADMIN."Edition" (id, bookid, publisherid, publishyear, pagescount) VALUES (376, 376, 11, 2015, 99);
INSERT INTO BOOKS_ADMIN."Edition" (id, bookid, publisherid, publishyear, pagescount) VALUES (377, 377, 7, 1813, 101);
INSERT INTO BOOKS_ADMIN."Edition" (id, bookid, publisherid, publishyear, pagescount) VALUES (378, 378, 18, 1889, 963);
INSERT INTO BOOKS_ADMIN."Edition" (id, bookid, publisherid, publishyear, pagescount) VALUES (379, 379, 14, 1822, 514);
INSERT INTO BOOKS_ADMIN."Edition" (id, bookid, publisherid, publishyear, pagescount) VALUES (380, 380, 19, 1981, 1014);
INSERT INTO BOOKS_ADMIN."Edition" (id, bookid, publisherid, publishyear, pagescount) VALUES (381, 381, 5, 1852, 494);
INSERT INTO BOOKS_ADMIN."Edition" (id, bookid, publisherid, publishyear, pagescount) VALUES (382, 382, 1, 1825, 499);
INSERT INTO BOOKS_ADMIN."Edition" (id, bookid, publisherid, publishyear, pagescount) VALUES (383, 383, 11, 1858, 482);
INSERT INTO BOOKS_ADMIN."Edition" (id, bookid, publisherid, publishyear, pagescount) VALUES (384, 384, 17, 1813, 92);
INSERT INTO BOOKS_ADMIN."Edition" (id, bookid, publisherid, publishyear, pagescount) VALUES (385, 385, 12, 1953, 99);
INSERT INTO BOOKS_ADMIN."Edition" (id, bookid, publisherid, publishyear, pagescount) VALUES (386, 386, 8, 1876, 444);
INSERT INTO BOOKS_ADMIN."Edition" (id, bookid, publisherid, publishyear, pagescount) VALUES (387, 387, 16, 1972, 96);
INSERT INTO BOOKS_ADMIN."Edition" (id, bookid, publisherid, publishyear, pagescount) VALUES (388, 388, 17, 1949, 84);
INSERT INTO BOOKS_ADMIN."Edition" (id, bookid, publisherid, publishyear, pagescount) VALUES (389, 389, 20, 1817, 104);
INSERT INTO BOOKS_ADMIN."Edition" (id, bookid, publisherid, publishyear, pagescount) VALUES (390, 390, 6, 1969, 102);
INSERT INTO BOOKS_ADMIN."Edition" (id, bookid, publisherid, publishyear, pagescount) VALUES (391, 391, 5, 1916, 471);
INSERT INTO BOOKS_ADMIN."Edition" (id, bookid, publisherid, publishyear, pagescount) VALUES (392, 392, 13, 1969, 988);
INSERT INTO BOOKS_ADMIN."Edition" (id, bookid, publisherid, publishyear, pagescount) VALUES (393, 393, 5, 1845, 1013);
INSERT INTO BOOKS_ADMIN."Edition" (id, bookid, publisherid, publishyear, pagescount) VALUES (394, 394, 5, 1829, 95);
INSERT INTO BOOKS_ADMIN."Edition" (id, bookid, publisherid, publishyear, pagescount) VALUES (395, 395, 15, 1939, 489);
INSERT INTO BOOKS_ADMIN."Edition" (id, bookid, publisherid, publishyear, pagescount) VALUES (396, 396, 2, 2016, 1017);
INSERT INTO BOOKS_ADMIN."Edition" (id, bookid, publisherid, publishyear, pagescount) VALUES (397, 397, 3, 1850, 523);
INSERT INTO BOOKS_ADMIN."Edition" (id, bookid, publisherid, publishyear, pagescount) VALUES (398, 398, 16, 1815, 96);
INSERT INTO BOOKS_ADMIN."Edition" (id, bookid, publisherid, publishyear, pagescount) VALUES (399, 399, 14, 1911, 517);
INSERT INTO BOOKS_ADMIN."Edition" (id, bookid, publisherid, publishyear, pagescount) VALUES (400, 400, 9, 1866, 107);
INSERT INTO BOOKS_ADMIN."Edition" (id, bookid, publisherid, publishyear, pagescount) VALUES (401, 401, 9, 1966, 90);
INSERT INTO BOOKS_ADMIN."Edition" (id, bookid, publisherid, publishyear, pagescount) VALUES (402, 402, 16, 1945, 478);
INSERT INTO BOOKS_ADMIN."Edition" (id, bookid, publisherid, publishyear, pagescount) VALUES (403, 403, 3, 1805, 500);
INSERT INTO BOOKS_ADMIN."Edition" (id, bookid, publisherid, publishyear, pagescount) VALUES (404, 404, 18, 1832, 1005);
INSERT INTO BOOKS_ADMIN."Edition" (id, bookid, publisherid, publishyear, pagescount) VALUES (405, 405, 14, 1847, 88);
INSERT INTO BOOKS_ADMIN."Edition" (id, bookid, publisherid, publishyear, pagescount) VALUES (406, 406, 12, 1903, 78);
INSERT INTO BOOKS_ADMIN."Edition" (id, bookid, publisherid, publishyear, pagescount) VALUES (407, 407, 16, 1948, 94);
INSERT INTO BOOKS_ADMIN."Edition" (id, bookid, publisherid, publishyear, pagescount) VALUES (408, 408, 5, 1814, 544);
INSERT INTO BOOKS_ADMIN."Edition" (id, bookid, publisherid, publishyear, pagescount) VALUES (409, 409, 12, 1855, 512);
INSERT INTO BOOKS_ADMIN."Edition" (id, bookid, publisherid, publishyear, pagescount) VALUES (410, 410, 10, 1902, 104);
INSERT INTO BOOKS_ADMIN."Edition" (id, bookid, publisherid, publishyear, pagescount) VALUES (411, 411, 4, 1823, 96);
INSERT INTO BOOKS_ADMIN."Edition" (id, bookid, publisherid, publishyear, pagescount) VALUES (412, 412, 6, 1990, 929);
INSERT INTO BOOKS_ADMIN."Edition" (id, bookid, publisherid, publishyear, pagescount) VALUES (413, 413, 3, 1976, 515);
INSERT INTO BOOKS_ADMIN."Edition" (id, bookid, publisherid, publishyear, pagescount) VALUES (414, 414, 5, 1891, 113);
INSERT INTO BOOKS_ADMIN."Edition" (id, bookid, publisherid, publishyear, pagescount) VALUES (415, 415, 13, 1962, 100);
INSERT INTO BOOKS_ADMIN."Edition" (id, bookid, publisherid, publishyear, pagescount) VALUES (416, 416, 5, 2009, 464);
INSERT INTO BOOKS_ADMIN."Edition" (id, bookid, publisherid, publishyear, pagescount) VALUES (417, 417, 16, 1938, 977);
INSERT INTO BOOKS_ADMIN."Edition" (id, bookid, publisherid, publishyear, pagescount) VALUES (418, 418, 20, 1962, 111);
INSERT INTO BOOKS_ADMIN."Edition" (id, bookid, publisherid, publishyear, pagescount) VALUES (419, 419, 20, 1896, 957);
INSERT INTO BOOKS_ADMIN."Edition" (id, bookid, publisherid, publishyear, pagescount) VALUES (420, 420, 5, 2009, 100);
INSERT INTO BOOKS_ADMIN."Edition" (id, bookid, publisherid, publishyear, pagescount) VALUES (421, 421, 5, 1948, 105);
INSERT INTO BOOKS_ADMIN."Edition" (id, bookid, publisherid, publishyear, pagescount) VALUES (422, 422, 16, 1830, 498);
INSERT INTO BOOKS_ADMIN."Edition" (id, bookid, publisherid, publishyear, pagescount) VALUES (423, 423, 8, 1899, 990);
INSERT INTO BOOKS_ADMIN."Edition" (id, bookid, publisherid, publishyear, pagescount) VALUES (424, 424, 19, 1878, 103);
INSERT INTO BOOKS_ADMIN."Edition" (id, bookid, publisherid, publishyear, pagescount) VALUES (425, 425, 19, 1819, 482);
INSERT INTO BOOKS_ADMIN."Edition" (id, bookid, publisherid, publishyear, pagescount) VALUES (426, 426, 7, 1857, 478);
INSERT INTO BOOKS_ADMIN."Edition" (id, bookid, publisherid, publishyear, pagescount) VALUES (427, 427, 19, 1952, 490);
INSERT INTO BOOKS_ADMIN."Edition" (id, bookid, publisherid, publishyear, pagescount) VALUES (428, 428, 17, 1873, 1040);
INSERT INTO BOOKS_ADMIN."Edition" (id, bookid, publisherid, publishyear, pagescount) VALUES (429, 429, 9, 1892, 492);
INSERT INTO BOOKS_ADMIN."Edition" (id, bookid, publisherid, publishyear, pagescount) VALUES (430, 430, 12, 1851, 504);
INSERT INTO BOOKS_ADMIN."Edition" (id, bookid, publisherid, publishyear, pagescount) VALUES (431, 431, 2, 1967, 501);
INSERT INTO BOOKS_ADMIN."Edition" (id, bookid, publisherid, publishyear, pagescount) VALUES (432, 432, 15, 1920, 98);
INSERT INTO BOOKS_ADMIN."Edition" (id, bookid, publisherid, publishyear, pagescount) VALUES (433, 433, 9, 1898, 996);
INSERT INTO BOOKS_ADMIN."Edition" (id, bookid, publisherid, publishyear, pagescount) VALUES (434, 434, 13, 1898, 980);
INSERT INTO BOOKS_ADMIN."Edition" (id, bookid, publisherid, publishyear, pagescount) VALUES (435, 435, 18, 1998, 498);
INSERT INTO BOOKS_ADMIN."Edition" (id, bookid, publisherid, publishyear, pagescount) VALUES (436, 436, 18, 1977, 497);
INSERT INTO BOOKS_ADMIN."Edition" (id, bookid, publisherid, publishyear, pagescount) VALUES (437, 437, 6, 1956, 974);
INSERT INTO BOOKS_ADMIN."Edition" (id, bookid, publisherid, publishyear, pagescount) VALUES (438, 438, 2, 1966, 1012);
INSERT INTO BOOKS_ADMIN."Edition" (id, bookid, publisherid, publishyear, pagescount) VALUES (439, 439, 20, 1877, 1055);
INSERT INTO BOOKS_ADMIN."Edition" (id, bookid, publisherid, publishyear, pagescount) VALUES (440, 440, 13, 1819, 958);
INSERT INTO BOOKS_ADMIN."Edition" (id, bookid, publisherid, publishyear, pagescount) VALUES (441, 441, 16, 1931, 113);
INSERT INTO BOOKS_ADMIN."Edition" (id, bookid, publisherid, publishyear, pagescount) VALUES (442, 442, 2, 1905, 91);
INSERT INTO BOOKS_ADMIN."Edition" (id, bookid, publisherid, publishyear, pagescount) VALUES (443, 443, 2, 1842, 467);
INSERT INTO BOOKS_ADMIN."Edition" (id, bookid, publisherid, publishyear, pagescount) VALUES (444, 444, 12, 1828, 111);
INSERT INTO BOOKS_ADMIN."Edition" (id, bookid, publisherid, publishyear, pagescount) VALUES (445, 445, 18, 1840, 518);
INSERT INTO BOOKS_ADMIN."Edition" (id, bookid, publisherid, publishyear, pagescount) VALUES (446, 446, 3, 1804, 497);
INSERT INTO BOOKS_ADMIN."Edition" (id, bookid, publisherid, publishyear, pagescount) VALUES (447, 447, 2, 1907, 475);
INSERT INTO BOOKS_ADMIN."Edition" (id, bookid, publisherid, publishyear, pagescount) VALUES (448, 448, 16, 1857, 545);
INSERT INTO BOOKS_ADMIN."Edition" (id, bookid, publisherid, publishyear, pagescount) VALUES (449, 449, 9, 1807, 90);
INSERT INTO BOOKS_ADMIN."Edition" (id, bookid, publisherid, publishyear, pagescount) VALUES (450, 450, 6, 1903, 519);
INSERT INTO BOOKS_ADMIN."Edition" (id, bookid, publisherid, publishyear, pagescount) VALUES (451, 451, 9, 1845, 104);
INSERT INTO BOOKS_ADMIN."Edition" (id, bookid, publisherid, publishyear, pagescount) VALUES (452, 452, 13, 1996, 962);
INSERT INTO BOOKS_ADMIN."Edition" (id, bookid, publisherid, publishyear, pagescount) VALUES (453, 453, 18, 1950, 990);
INSERT INTO BOOKS_ADMIN."Edition" (id, bookid, publisherid, publishyear, pagescount) VALUES (454, 454, 9, 1806, 498);
INSERT INTO BOOKS_ADMIN."Edition" (id, bookid, publisherid, publishyear, pagescount) VALUES (455, 455, 1, 1821, 1012);
INSERT INTO BOOKS_ADMIN."Edition" (id, bookid, publisherid, publishyear, pagescount) VALUES (456, 456, 14, 1953, 85);
INSERT INTO BOOKS_ADMIN."Edition" (id, bookid, publisherid, publishyear, pagescount) VALUES (457, 457, 8, 2011, 1008);
INSERT INTO BOOKS_ADMIN."Edition" (id, bookid, publisherid, publishyear, pagescount) VALUES (458, 458, 10, 1847, 970);
INSERT INTO BOOKS_ADMIN."Edition" (id, bookid, publisherid, publishyear, pagescount) VALUES (459, 459, 13, 1938, 106);
INSERT INTO BOOKS_ADMIN."Edition" (id, bookid, publisherid, publishyear, pagescount) VALUES (460, 460, 3, 1803, 497);
INSERT INTO BOOKS_ADMIN."Edition" (id, bookid, publisherid, publishyear, pagescount) VALUES (461, 461, 11, 1939, 514);
INSERT INTO BOOKS_ADMIN."Edition" (id, bookid, publisherid, publishyear, pagescount) VALUES (462, 462, 1, 1848, 495);
INSERT INTO BOOKS_ADMIN."Edition" (id, bookid, publisherid, publishyear, pagescount) VALUES (463, 463, 4, 2009, 979);
INSERT INTO BOOKS_ADMIN."Edition" (id, bookid, publisherid, publishyear, pagescount) VALUES (464, 464, 6, 1833, 955);
INSERT INTO BOOKS_ADMIN."Edition" (id, bookid, publisherid, publishyear, pagescount) VALUES (465, 465, 18, 1958, 101);
INSERT INTO BOOKS_ADMIN."Edition" (id, bookid, publisherid, publishyear, pagescount) VALUES (466, 466, 6, 1979, 103);
INSERT INTO BOOKS_ADMIN."Edition" (id, bookid, publisherid, publishyear, pagescount) VALUES (467, 467, 8, 1860, 73);
INSERT INTO BOOKS_ADMIN."Edition" (id, bookid, publisherid, publishyear, pagescount) VALUES (468, 468, 9, 1816, 95);
INSERT INTO BOOKS_ADMIN."Edition" (id, bookid, publisherid, publishyear, pagescount) VALUES (469, 469, 4, 1895, 491);
INSERT INTO BOOKS_ADMIN."Edition" (id, bookid, publisherid, publishyear, pagescount) VALUES (470, 470, 19, 1962, 485);
INSERT INTO BOOKS_ADMIN."Edition" (id, bookid, publisherid, publishyear, pagescount) VALUES (471, 471, 11, 1983, 1081);
INSERT INTO BOOKS_ADMIN."Edition" (id, bookid, publisherid, publishyear, pagescount) VALUES (472, 472, 20, 1974, 1056);
INSERT INTO BOOKS_ADMIN."Edition" (id, bookid, publisherid, publishyear, pagescount) VALUES (473, 473, 11, 2010, 96);
INSERT INTO BOOKS_ADMIN."Edition" (id, bookid, publisherid, publishyear, pagescount) VALUES (474, 474, 6, 1938, 471);
INSERT INTO BOOKS_ADMIN."Edition" (id, bookid, publisherid, publishyear, pagescount) VALUES (475, 475, 7, 1856, 498);
INSERT INTO BOOKS_ADMIN."Edition" (id, bookid, publisherid, publishyear, pagescount) VALUES (476, 476, 6, 1858, 1023);
INSERT INTO BOOKS_ADMIN."Edition" (id, bookid, publisherid, publishyear, pagescount) VALUES (477, 477, 11, 1893, 99);
INSERT INTO BOOKS_ADMIN."Edition" (id, bookid, publisherid, publishyear, pagescount) VALUES (478, 478, 16, 1943, 955);
INSERT INTO BOOKS_ADMIN."Edition" (id, bookid, publisherid, publishyear, pagescount) VALUES (479, 479, 3, 1809, 521);
INSERT INTO BOOKS_ADMIN."Edition" (id, bookid, publisherid, publishyear, pagescount) VALUES (480, 480, 14, 1987, 466);
INSERT INTO BOOKS_ADMIN."Edition" (id, bookid, publisherid, publishyear, pagescount) VALUES (481, 481, 1, 1985, 89);
INSERT INTO BOOKS_ADMIN."Edition" (id, bookid, publisherid, publishyear, pagescount) VALUES (482, 482, 17, 1853, 970);
INSERT INTO BOOKS_ADMIN."Edition" (id, bookid, publisherid, publishyear, pagescount) VALUES (483, 483, 14, 1859, 484);
INSERT INTO BOOKS_ADMIN."Edition" (id, bookid, publisherid, publishyear, pagescount) VALUES (484, 484, 11, 1867, 102);
INSERT INTO BOOKS_ADMIN."Edition" (id, bookid, publisherid, publishyear, pagescount) VALUES (485, 485, 16, 1986, 996);
INSERT INTO BOOKS_ADMIN."Edition" (id, bookid, publisherid, publishyear, pagescount) VALUES (486, 486, 16, 1828, 967);
INSERT INTO BOOKS_ADMIN."Edition" (id, bookid, publisherid, publishyear, pagescount) VALUES (487, 487, 1, 1874, 1052);
INSERT INTO BOOKS_ADMIN."Edition" (id, bookid, publisherid, publishyear, pagescount) VALUES (488, 488, 7, 2013, 965);
INSERT INTO BOOKS_ADMIN."Edition" (id, bookid, publisherid, publishyear, pagescount) VALUES (489, 489, 4, 1911, 111);
INSERT INTO BOOKS_ADMIN."Edition" (id, bookid, publisherid, publishyear, pagescount) VALUES (490, 490, 14, 1937, 1019);
INSERT INTO BOOKS_ADMIN."Edition" (id, bookid, publisherid, publishyear, pagescount) VALUES (491, 491, 2, 2003, 94);
INSERT INTO BOOKS_ADMIN."Edition" (id, bookid, publisherid, publishyear, pagescount) VALUES (492, 492, 6, 1888, 1002);
INSERT INTO BOOKS_ADMIN."Edition" (id, bookid, publisherid, publishyear, pagescount) VALUES (493, 493, 11, 1900, 1024);
INSERT INTO BOOKS_ADMIN."Edition" (id, bookid, publisherid, publishyear, pagescount) VALUES (494, 494, 13, 1968, 508);
INSERT INTO BOOKS_ADMIN."Edition" (id, bookid, publisherid, publishyear, pagescount) VALUES (495, 495, 2, 1882, 100);
INSERT INTO BOOKS_ADMIN."Edition" (id, bookid, publisherid, publishyear, pagescount) VALUES (496, 496, 10, 1853, 546);
INSERT INTO BOOKS_ADMIN."Edition" (id, bookid, publisherid, publishyear, pagescount) VALUES (497, 497, 17, 1824, 115);
INSERT INTO BOOKS_ADMIN."Edition" (id, bookid, publisherid, publishyear, pagescount) VALUES (498, 498, 20, 2007, 1009);
INSERT INTO BOOKS_ADMIN."Edition" (id, bookid, publisherid, publishyear, pagescount) VALUES (499, 499, 15, 1964, 1029);
INSERT INTO BOOKS_ADMIN."Edition" (id, bookid, publisherid, publishyear, pagescount) VALUES (500, 500, 3, 1937, 1003);
INSERT INTO BOOKS_ADMIN."Edition" (id, bookid, publisherid, publishyear, pagescount) VALUES (501, 501, 19, 1989, 1005);
INSERT INTO BOOKS_ADMIN."Edition" (id, bookid, publisherid, publishyear, pagescount) VALUES (502, 502, 1, 1927, 1057);
INSERT INTO BOOKS_ADMIN."Edition" (id, bookid, publisherid, publishyear, pagescount) VALUES (503, 503, 5, 1871, 92);
INSERT INTO BOOKS_ADMIN."Edition" (id, bookid, publisherid, publishyear, pagescount) VALUES (504, 504, 3, 1806, 84);
INSERT INTO BOOKS_ADMIN."Edition" (id, bookid, publisherid, publishyear, pagescount) VALUES (505, 505, 1, 1961, 500);
INSERT INTO BOOKS_ADMIN."Edition" (id, bookid, publisherid, publishyear, pagescount) VALUES (506, 506, 18, 1998, 518);
INSERT INTO BOOKS_ADMIN."Edition" (id, bookid, publisherid, publishyear, pagescount) VALUES (507, 507, 15, 1931, 95);
INSERT INTO BOOKS_ADMIN."Edition" (id, bookid, publisherid, publishyear, pagescount) VALUES (508, 508, 10, 1840, 1008);
INSERT INTO BOOKS_ADMIN."Edition" (id, bookid, publisherid, publishyear, pagescount) VALUES (509, 509, 1, 1855, 946);
INSERT INTO BOOKS_ADMIN."Edition" (id, bookid, publisherid, publishyear, pagescount) VALUES (510, 510, 9, 1809, 1059);
INSERT INTO BOOKS_ADMIN."Edition" (id, bookid, publisherid, publishyear, pagescount) VALUES (511, 511, 5, 1989, 102);
INSERT INTO BOOKS_ADMIN."Edition" (id, bookid, publisherid, publishyear, pagescount) VALUES (512, 512, 2, 1828, 513);
INSERT INTO BOOKS_ADMIN."Edition" (id, bookid, publisherid, publishyear, pagescount) VALUES (513, 513, 1, 1819, 531);
INSERT INTO BOOKS_ADMIN."Edition" (id, bookid, publisherid, publishyear, pagescount) VALUES (514, 514, 4, 1852, 982);
INSERT INTO BOOKS_ADMIN."Edition" (id, bookid, publisherid, publishyear, pagescount) VALUES (515, 515, 10, 1998, 1029);

INSERT INTO BOOKS_ADMIN."OrderItems" (orderid, editionid, count) VALUES (1, 97, 1);
INSERT INTO BOOKS_ADMIN."OrderItems" (orderid, editionid, count) VALUES (2, 149, 3);
INSERT INTO BOOKS_ADMIN."OrderItems" (orderid, editionid, count) VALUES (3, 370, 1);
INSERT INTO BOOKS_ADMIN."OrderItems" (orderid, editionid, count) VALUES (4, 164, 5);
INSERT INTO BOOKS_ADMIN."OrderItems" (orderid, editionid, count) VALUES (5, 403, 1);
INSERT INTO BOOKS_ADMIN."OrderItems" (orderid, editionid, count) VALUES (6, 22, 6);
INSERT INTO BOOKS_ADMIN."OrderItems" (orderid, editionid, count) VALUES (7, 500, 4);
INSERT INTO BOOKS_ADMIN."OrderItems" (orderid, editionid, count) VALUES (8, 361, 2);
INSERT INTO BOOKS_ADMIN."OrderItems" (orderid, editionid, count) VALUES (9, 295, 2);
INSERT INTO BOOKS_ADMIN."OrderItems" (orderid, editionid, count) VALUES (10, 90, 4);
INSERT INTO BOOKS_ADMIN."OrderItems" (orderid, editionid, count) VALUES (11, 51, 4);
INSERT INTO BOOKS_ADMIN."OrderItems" (orderid, editionid, count) VALUES (12, 11, 4);
INSERT INTO BOOKS_ADMIN."OrderItems" (orderid, editionid, count) VALUES (13, 207, 1);
INSERT INTO BOOKS_ADMIN."OrderItems" (orderid, editionid, count) VALUES (14, 251, 4);
INSERT INTO BOOKS_ADMIN."OrderItems" (orderid, editionid, count) VALUES (15, 514, 0);
INSERT INTO BOOKS_ADMIN."OrderItems" (orderid, editionid, count) VALUES (16, 390, 3);
INSERT INTO BOOKS_ADMIN."OrderItems" (orderid, editionid, count) VALUES (17, 458, 5);
INSERT INTO BOOKS_ADMIN."OrderItems" (orderid, editionid, count) VALUES (18, 421, 3);
INSERT INTO BOOKS_ADMIN."OrderItems" (orderid, editionid, count) VALUES (19, 436, 2);
INSERT INTO BOOKS_ADMIN."OrderItems" (orderid, editionid, count) VALUES (20, 389, 3);
INSERT INTO BOOKS_ADMIN."OrderItems" (orderid, editionid, count) VALUES (21, 333, 2);
INSERT INTO BOOKS_ADMIN."OrderItems" (orderid, editionid, count) VALUES (22, 385, 2);
INSERT INTO BOOKS_ADMIN."OrderItems" (orderid, editionid, count) VALUES (23, 181, 3);
INSERT INTO BOOKS_ADMIN."OrderItems" (orderid, editionid, count) VALUES (24, 219, 1);
INSERT INTO BOOKS_ADMIN."OrderItems" (orderid, editionid, count) VALUES (25, 389, 2);
INSERT INTO BOOKS_ADMIN."OrderItems" (orderid, editionid, count) VALUES (26, 239, 1);
INSERT INTO BOOKS_ADMIN."OrderItems" (orderid, editionid, count) VALUES (27, 456, 0);
INSERT INTO BOOKS_ADMIN."OrderItems" (orderid, editionid, count) VALUES (28, 501, 6);
INSERT INTO BOOKS_ADMIN."OrderItems" (orderid, editionid, count) VALUES (29, 38, 4);
INSERT INTO BOOKS_ADMIN."OrderItems" (orderid, editionid, count) VALUES (30, 72, 5);
INSERT INTO BOOKS_ADMIN."OrderItems" (orderid, editionid, count) VALUES (31, 479, 2);
INSERT INTO BOOKS_ADMIN."OrderItems" (orderid, editionid, count) VALUES (32, 502, 3);
INSERT INTO BOOKS_ADMIN."OrderItems" (orderid, editionid, count) VALUES (33, 386, 3);
INSERT INTO BOOKS_ADMIN."OrderItems" (orderid, editionid, count) VALUES (34, 23, 4);
INSERT INTO BOOKS_ADMIN."OrderItems" (orderid, editionid, count) VALUES (35, 280, 0);
INSERT INTO BOOKS_ADMIN."OrderItems" (orderid, editionid, count) VALUES (36, 481, 6);
INSERT INTO BOOKS_ADMIN."OrderItems" (orderid, editionid, count) VALUES (37, 227, 4);
INSERT INTO BOOKS_ADMIN."OrderItems" (orderid, editionid, count) VALUES (38, 370, 7);
INSERT INTO BOOKS_ADMIN."OrderItems" (orderid, editionid, count) VALUES (39, 9, 5);
INSERT INTO BOOKS_ADMIN."OrderItems" (orderid, editionid, count) VALUES (40, 184, 0);
INSERT INTO BOOKS_ADMIN."OrderItems" (orderid, editionid, count) VALUES (41, 157, 4);
INSERT INTO BOOKS_ADMIN."OrderItems" (orderid, editionid, count) VALUES (42, 15, 5);
INSERT INTO BOOKS_ADMIN."OrderItems" (orderid, editionid, count) VALUES (43, 68, 1);
INSERT INTO BOOKS_ADMIN."OrderItems" (orderid, editionid, count) VALUES (44, 338, 3);
INSERT INTO BOOKS_ADMIN."OrderItems" (orderid, editionid, count) VALUES (45, 39, 3);
INSERT INTO BOOKS_ADMIN."OrderItems" (orderid, editionid, count) VALUES (46, 355, 1);
INSERT INTO BOOKS_ADMIN."OrderItems" (orderid, editionid, count) VALUES (47, 498, 2);
INSERT INTO BOOKS_ADMIN."OrderItems" (orderid, editionid, count) VALUES (48, 385, 4);
INSERT INTO BOOKS_ADMIN."OrderItems" (orderid, editionid, count) VALUES (49, 160, 0);
INSERT INTO BOOKS_ADMIN."OrderItems" (orderid, editionid, count) VALUES (50, 243, 4);
INSERT INTO BOOKS_ADMIN."OrderItems" (orderid, editionid, count) VALUES (51, 85, 3);
INSERT INTO BOOKS_ADMIN."OrderItems" (orderid, editionid, count) VALUES (52, 307, 1);
INSERT INTO BOOKS_ADMIN."OrderItems" (orderid, editionid, count) VALUES (53, 438, 3);
INSERT INTO BOOKS_ADMIN."OrderItems" (orderid, editionid, count) VALUES (54, 3, 4);
INSERT INTO BOOKS_ADMIN."OrderItems" (orderid, editionid, count) VALUES (55, 6, 4);
INSERT INTO BOOKS_ADMIN."OrderItems" (orderid, editionid, count) VALUES (56, 205, 3);
INSERT INTO BOOKS_ADMIN."OrderItems" (orderid, editionid, count) VALUES (57, 451, 5);
INSERT INTO BOOKS_ADMIN."OrderItems" (orderid, editionid, count) VALUES (58, 455, 1);
INSERT INTO BOOKS_ADMIN."OrderItems" (orderid, editionid, count) VALUES (59, 203, 5);
INSERT INTO BOOKS_ADMIN."OrderItems" (orderid, editionid, count) VALUES (60, 506, 5);
INSERT INTO BOOKS_ADMIN."OrderItems" (orderid, editionid, count) VALUES (61, 257, 2);
INSERT INTO BOOKS_ADMIN."OrderItems" (orderid, editionid, count) VALUES (62, 356, 6);
INSERT INTO BOOKS_ADMIN."OrderItems" (orderid, editionid, count) VALUES (63, 492, 2);
INSERT INTO BOOKS_ADMIN."OrderItems" (orderid, editionid, count) VALUES (64, 120, 3);
INSERT INTO BOOKS_ADMIN."OrderItems" (orderid, editionid, count) VALUES (65, 218, 2);
INSERT INTO BOOKS_ADMIN."OrderItems" (orderid, editionid, count) VALUES (66, 207, 1);
INSERT INTO BOOKS_ADMIN."OrderItems" (orderid, editionid, count) VALUES (67, 348, 4);
INSERT INTO BOOKS_ADMIN."OrderItems" (orderid, editionid, count) VALUES (68, 127, 3);
INSERT INTO BOOKS_ADMIN."OrderItems" (orderid, editionid, count) VALUES (69, 448, 2);
INSERT INTO BOOKS_ADMIN."OrderItems" (orderid, editionid, count) VALUES (70, 495, 2);
INSERT INTO BOOKS_ADMIN."OrderItems" (orderid, editionid, count) VALUES (71, 119, 2);
INSERT INTO BOOKS_ADMIN."OrderItems" (orderid, editionid, count) VALUES (72, 381, 3);
INSERT INTO BOOKS_ADMIN."OrderItems" (orderid, editionid, count) VALUES (73, 507, 2);
INSERT INTO BOOKS_ADMIN."OrderItems" (orderid, editionid, count) VALUES (74, 406, 4);
INSERT INTO BOOKS_ADMIN."OrderItems" (orderid, editionid, count) VALUES (75, 389, 3);
INSERT INTO BOOKS_ADMIN."OrderItems" (orderid, editionid, count) VALUES (76, 193, 1);
INSERT INTO BOOKS_ADMIN."OrderItems" (orderid, editionid, count) VALUES (77, 204, 4);
INSERT INTO BOOKS_ADMIN."OrderItems" (orderid, editionid, count) VALUES (78, 417, 1);
INSERT INTO BOOKS_ADMIN."OrderItems" (orderid, editionid, count) VALUES (79, 314, 7);
INSERT INTO BOOKS_ADMIN."OrderItems" (orderid, editionid, count) VALUES (80, 285, 1);
INSERT INTO BOOKS_ADMIN."OrderItems" (orderid, editionid, count) VALUES (81, 153, 6);
INSERT INTO BOOKS_ADMIN."OrderItems" (orderid, editionid, count) VALUES (82, 359, 3);
INSERT INTO BOOKS_ADMIN."OrderItems" (orderid, editionid, count) VALUES (83, 230, 3);
INSERT INTO BOOKS_ADMIN."OrderItems" (orderid, editionid, count) VALUES (84, 357, 2);
INSERT INTO BOOKS_ADMIN."OrderItems" (orderid, editionid, count) VALUES (85, 44, 4);
INSERT INTO BOOKS_ADMIN."OrderItems" (orderid, editionid, count) VALUES (86, 473, 2);
INSERT INTO BOOKS_ADMIN."OrderItems" (orderid, editionid, count) VALUES (87, 262, 3);
INSERT INTO BOOKS_ADMIN."OrderItems" (orderid, editionid, count) VALUES (88, 18, 1);
INSERT INTO BOOKS_ADMIN."OrderItems" (orderid, editionid, count) VALUES (89, 257, 1);
INSERT INTO BOOKS_ADMIN."OrderItems" (orderid, editionid, count) VALUES (90, 422, 3);
INSERT INTO BOOKS_ADMIN."OrderItems" (orderid, editionid, count) VALUES (91, 341, 3);
INSERT INTO BOOKS_ADMIN."OrderItems" (orderid, editionid, count) VALUES (92, 352, 4);
INSERT INTO BOOKS_ADMIN."OrderItems" (orderid, editionid, count) VALUES (93, 229, 5);
INSERT INTO BOOKS_ADMIN."OrderItems" (orderid, editionid, count) VALUES (94, 4, 4);
INSERT INTO BOOKS_ADMIN."OrderItems" (orderid, editionid, count) VALUES (95, 362, 7);
INSERT INTO BOOKS_ADMIN."OrderItems" (orderid, editionid, count) VALUES (96, 105, 3);
INSERT INTO BOOKS_ADMIN."OrderItems" (orderid, editionid, count) VALUES (97, 237, 2);
INSERT INTO BOOKS_ADMIN."OrderItems" (orderid, editionid, count) VALUES (98, 260, 2);
INSERT INTO BOOKS_ADMIN."OrderItems" (orderid, editionid, count) VALUES (99, 175, 5);
INSERT INTO BOOKS_ADMIN."OrderItems" (orderid, editionid, count) VALUES (100, 263, 2);
INSERT INTO BOOKS_ADMIN."OrderItems" (orderid, editionid, count) VALUES (101, 344, 3);
INSERT INTO BOOKS_ADMIN."OrderItems" (orderid, editionid, count) VALUES (102, 109, 5);
INSERT INTO BOOKS_ADMIN."OrderItems" (orderid, editionid, count) VALUES (103, 291, 1);
INSERT INTO BOOKS_ADMIN."OrderItems" (orderid, editionid, count) VALUES (104, 308, 3);
INSERT INTO BOOKS_ADMIN."OrderItems" (orderid, editionid, count) VALUES (105, 236, 3);
INSERT INTO BOOKS_ADMIN."OrderItems" (orderid, editionid, count) VALUES (106, 196, 0);
INSERT INTO BOOKS_ADMIN."OrderItems" (orderid, editionid, count) VALUES (107, 123, 2);
INSERT INTO BOOKS_ADMIN."OrderItems" (orderid, editionid, count) VALUES (108, 328, 1);
INSERT INTO BOOKS_ADMIN."OrderItems" (orderid, editionid, count) VALUES (109, 202, 1);
INSERT INTO BOOKS_ADMIN."OrderItems" (orderid, editionid, count) VALUES (110, 63, 1);
INSERT INTO BOOKS_ADMIN."OrderItems" (orderid, editionid, count) VALUES (111, 13, 5);
INSERT INTO BOOKS_ADMIN."OrderItems" (orderid, editionid, count) VALUES (112, 399, 8);
INSERT INTO BOOKS_ADMIN."OrderItems" (orderid, editionid, count) VALUES (113, 210, 5);
INSERT INTO BOOKS_ADMIN."OrderItems" (orderid, editionid, count) VALUES (114, 286, 3);
INSERT INTO BOOKS_ADMIN."OrderItems" (orderid, editionid, count) VALUES (115, 369, 3);
INSERT INTO BOOKS_ADMIN."OrderItems" (orderid, editionid, count) VALUES (116, 68, 2);
INSERT INTO BOOKS_ADMIN."OrderItems" (orderid, editionid, count) VALUES (117, 15, 5);
INSERT INTO BOOKS_ADMIN."OrderItems" (orderid, editionid, count) VALUES (118, 510, 4);
INSERT INTO BOOKS_ADMIN."OrderItems" (orderid, editionid, count) VALUES (119, 121, 3);
INSERT INTO BOOKS_ADMIN."OrderItems" (orderid, editionid, count) VALUES (120, 463, 1);
INSERT INTO BOOKS_ADMIN."OrderItems" (orderid, editionid, count) VALUES (121, 457, 2);
INSERT INTO BOOKS_ADMIN."OrderItems" (orderid, editionid, count) VALUES (122, 346, 2);
INSERT INTO BOOKS_ADMIN."OrderItems" (orderid, editionid, count) VALUES (123, 74, 5);
INSERT INTO BOOKS_ADMIN."OrderItems" (orderid, editionid, count) VALUES (124, 328, 4);
INSERT INTO BOOKS_ADMIN."OrderItems" (orderid, editionid, count) VALUES (125, 307, 0);
INSERT INTO BOOKS_ADMIN."OrderItems" (orderid, editionid, count) VALUES (126, 474, 3);
INSERT INTO BOOKS_ADMIN."OrderItems" (orderid, editionid, count) VALUES (127, 389, 1);
INSERT INTO BOOKS_ADMIN."OrderItems" (orderid, editionid, count) VALUES (128, 378, 3);
INSERT INTO BOOKS_ADMIN."OrderItems" (orderid, editionid, count) VALUES (129, 125, 2);
INSERT INTO BOOKS_ADMIN."OrderItems" (orderid, editionid, count) VALUES (130, 101, 2);
INSERT INTO BOOKS_ADMIN."OrderItems" (orderid, editionid, count) VALUES (131, 79, 0);
INSERT INTO BOOKS_ADMIN."OrderItems" (orderid, editionid, count) VALUES (132, 480, 4);
INSERT INTO BOOKS_ADMIN."OrderItems" (orderid, editionid, count) VALUES (133, 45, 4);
INSERT INTO BOOKS_ADMIN."OrderItems" (orderid, editionid, count) VALUES (134, 260, 3);
INSERT INTO BOOKS_ADMIN."OrderItems" (orderid, editionid, count) VALUES (135, 127, 3);
INSERT INTO BOOKS_ADMIN."OrderItems" (orderid, editionid, count) VALUES (136, 239, 2);
INSERT INTO BOOKS_ADMIN."OrderItems" (orderid, editionid, count) VALUES (137, 49, 5);
INSERT INTO BOOKS_ADMIN."OrderItems" (orderid, editionid, count) VALUES (138, 163, 9);
INSERT INTO BOOKS_ADMIN."OrderItems" (orderid, editionid, count) VALUES (139, 50, 0);
INSERT INTO BOOKS_ADMIN."OrderItems" (orderid, editionid, count) VALUES (140, 488, 2);
INSERT INTO BOOKS_ADMIN."OrderItems" (orderid, editionid, count) VALUES (141, 182, 3);
INSERT INTO BOOKS_ADMIN."OrderItems" (orderid, editionid, count) VALUES (142, 469, 1);
INSERT INTO BOOKS_ADMIN."OrderItems" (orderid, editionid, count) VALUES (143, 507, 3);
INSERT INTO BOOKS_ADMIN."OrderItems" (orderid, editionid, count) VALUES (144, 34, 6);
INSERT INTO BOOKS_ADMIN."OrderItems" (orderid, editionid, count) VALUES (145, 68, 3);
INSERT INTO BOOKS_ADMIN."OrderItems" (orderid, editionid, count) VALUES (146, 240, 5);
INSERT INTO BOOKS_ADMIN."OrderItems" (orderid, editionid, count) VALUES (147, 478, 3);
INSERT INTO BOOKS_ADMIN."OrderItems" (orderid, editionid, count) VALUES (148, 384, 1);
INSERT INTO BOOKS_ADMIN."OrderItems" (orderid, editionid, count) VALUES (149, 262, 2);
INSERT INTO BOOKS_ADMIN."OrderItems" (orderid, editionid, count) VALUES (150, 205, 3);
INSERT INTO BOOKS_ADMIN."OrderItems" (orderid, editionid, count) VALUES (151, 245, 3);
INSERT INTO BOOKS_ADMIN."OrderItems" (orderid, editionid, count) VALUES (152, 20, 3);
INSERT INTO BOOKS_ADMIN."OrderItems" (orderid, editionid, count) VALUES (153, 352, 3);
INSERT INTO BOOKS_ADMIN."OrderItems" (orderid, editionid, count) VALUES (154, 183, 1);
INSERT INTO BOOKS_ADMIN."OrderItems" (orderid, editionid, count) VALUES (155, 331, 4);
INSERT INTO BOOKS_ADMIN."OrderItems" (orderid, editionid, count) VALUES (156, 29, 3);
INSERT INTO BOOKS_ADMIN."OrderItems" (orderid, editionid, count) VALUES (157, 473, 2);
INSERT INTO BOOKS_ADMIN."OrderItems" (orderid, editionid, count) VALUES (158, 181, 3);
INSERT INTO BOOKS_ADMIN."OrderItems" (orderid, editionid, count) VALUES (159, 461, 1);
INSERT INTO BOOKS_ADMIN."OrderItems" (orderid, editionid, count) VALUES (160, 271, 6);
INSERT INTO BOOKS_ADMIN."OrderItems" (orderid, editionid, count) VALUES (161, 265, 2);
INSERT INTO BOOKS_ADMIN."OrderItems" (orderid, editionid, count) VALUES (162, 193, 2);
INSERT INTO BOOKS_ADMIN."OrderItems" (orderid, editionid, count) VALUES (163, 293, 3);
INSERT INTO BOOKS_ADMIN."OrderItems" (orderid, editionid, count) VALUES (164, 472, 5);
INSERT INTO BOOKS_ADMIN."OrderItems" (orderid, editionid, count) VALUES (165, 469, 4);
INSERT INTO BOOKS_ADMIN."OrderItems" (orderid, editionid, count) VALUES (166, 145, 3);
INSERT INTO BOOKS_ADMIN."OrderItems" (orderid, editionid, count) VALUES (167, 192, 1);
INSERT INTO BOOKS_ADMIN."OrderItems" (orderid, editionid, count) VALUES (168, 461, 2);
INSERT INTO BOOKS_ADMIN."OrderItems" (orderid, editionid, count) VALUES (169, 117, 2);
INSERT INTO BOOKS_ADMIN."OrderItems" (orderid, editionid, count) VALUES (170, 168, 2);
INSERT INTO BOOKS_ADMIN."OrderItems" (orderid, editionid, count) VALUES (171, 447, 3);
INSERT INTO BOOKS_ADMIN."OrderItems" (orderid, editionid, count) VALUES (172, 387, 0);
INSERT INTO BOOKS_ADMIN."OrderItems" (orderid, editionid, count) VALUES (173, 6, 1);
INSERT INTO BOOKS_ADMIN."OrderItems" (orderid, editionid, count) VALUES (174, 272, 4);
INSERT INTO BOOKS_ADMIN."OrderItems" (orderid, editionid, count) VALUES (175, 297, 1);
INSERT INTO BOOKS_ADMIN."OrderItems" (orderid, editionid, count) VALUES (176, 311, 1);
INSERT INTO BOOKS_ADMIN."OrderItems" (orderid, editionid, count) VALUES (177, 117, 2);
INSERT INTO BOOKS_ADMIN."OrderItems" (orderid, editionid, count) VALUES (178, 423, 5);
INSERT INTO BOOKS_ADMIN."OrderItems" (orderid, editionid, count) VALUES (179, 390, 5);
INSERT INTO BOOKS_ADMIN."OrderItems" (orderid, editionid, count) VALUES (180, 336, 4);
INSERT INTO BOOKS_ADMIN."OrderItems" (orderid, editionid, count) VALUES (181, 68, 1);
INSERT INTO BOOKS_ADMIN."OrderItems" (orderid, editionid, count) VALUES (182, 372, 2);
INSERT INTO BOOKS_ADMIN."OrderItems" (orderid, editionid, count) VALUES (183, 278, 2);
INSERT INTO BOOKS_ADMIN."OrderItems" (orderid, editionid, count) VALUES (184, 263, 2);
INSERT INTO BOOKS_ADMIN."OrderItems" (orderid, editionid, count) VALUES (185, 513, 4);
INSERT INTO BOOKS_ADMIN."OrderItems" (orderid, editionid, count) VALUES (186, 275, 4);
INSERT INTO BOOKS_ADMIN."OrderItems" (orderid, editionid, count) VALUES (187, 265, 3);
INSERT INTO BOOKS_ADMIN."OrderItems" (orderid, editionid, count) VALUES (188, 2, 2);
INSERT INTO BOOKS_ADMIN."OrderItems" (orderid, editionid, count) VALUES (189, 137, 2);
INSERT INTO BOOKS_ADMIN."OrderItems" (orderid, editionid, count) VALUES (190, 366, 4);
INSERT INTO BOOKS_ADMIN."OrderItems" (orderid, editionid, count) VALUES (191, 496, 2);
INSERT INTO BOOKS_ADMIN."OrderItems" (orderid, editionid, count) VALUES (192, 494, 6);
INSERT INTO BOOKS_ADMIN."OrderItems" (orderid, editionid, count) VALUES (193, 462, 4);
INSERT INTO BOOKS_ADMIN."OrderItems" (orderid, editionid, count) VALUES (194, 177, 2);
INSERT INTO BOOKS_ADMIN."OrderItems" (orderid, editionid, count) VALUES (195, 248, 7);
INSERT INTO BOOKS_ADMIN."OrderItems" (orderid, editionid, count) VALUES (196, 302, 4);
INSERT INTO BOOKS_ADMIN."OrderItems" (orderid, editionid, count) VALUES (197, 181, 3);
INSERT INTO BOOKS_ADMIN."OrderItems" (orderid, editionid, count) VALUES (198, 49, 5);
INSERT INTO BOOKS_ADMIN."OrderItems" (orderid, editionid, count) VALUES (199, 11, 0);
INSERT INTO BOOKS_ADMIN."OrderItems" (orderid, editionid, count) VALUES (200, 397, 4);
INSERT INTO BOOKS_ADMIN."OrderItems" (orderid, editionid, count) VALUES (201, 165, 2);
INSERT INTO BOOKS_ADMIN."OrderItems" (orderid, editionid, count) VALUES (202, 478, 2);
INSERT INTO BOOKS_ADMIN."OrderItems" (orderid, editionid, count) VALUES (203, 365, 2);
INSERT INTO BOOKS_ADMIN."OrderItems" (orderid, editionid, count) VALUES (204, 294, 1);
INSERT INTO BOOKS_ADMIN."OrderItems" (orderid, editionid, count) VALUES (205, 199, 1);
INSERT INTO BOOKS_ADMIN."OrderItems" (orderid, editionid, count) VALUES (206, 279, 3);
INSERT INTO BOOKS_ADMIN."OrderItems" (orderid, editionid, count) VALUES (207, 130, 5);
INSERT INTO BOOKS_ADMIN."OrderItems" (orderid, editionid, count) VALUES (208, 454, 5);
INSERT INTO BOOKS_ADMIN."OrderItems" (orderid, editionid, count) VALUES (209, 194, 3);
INSERT INTO BOOKS_ADMIN."OrderItems" (orderid, editionid, count) VALUES (210, 417, 3);
INSERT INTO BOOKS_ADMIN."OrderItems" (orderid, editionid, count) VALUES (211, 463, 2);
INSERT INTO BOOKS_ADMIN."OrderItems" (orderid, editionid, count) VALUES (212, 407, 3);
INSERT INTO BOOKS_ADMIN."OrderItems" (orderid, editionid, count) VALUES (213, 270, 2);
INSERT INTO BOOKS_ADMIN."OrderItems" (orderid, editionid, count) VALUES (214, 255, 4);
INSERT INTO BOOKS_ADMIN."OrderItems" (orderid, editionid, count) VALUES (215, 280, 1);
INSERT INTO BOOKS_ADMIN."OrderItems" (orderid, editionid, count) VALUES (216, 309, 2);
INSERT INTO BOOKS_ADMIN."OrderItems" (orderid, editionid, count) VALUES (217, 277, 4);
INSERT INTO BOOKS_ADMIN."OrderItems" (orderid, editionid, count) VALUES (218, 504, 1);
INSERT INTO BOOKS_ADMIN."OrderItems" (orderid, editionid, count) VALUES (219, 7, 4);
INSERT INTO BOOKS_ADMIN."OrderItems" (orderid, editionid, count) VALUES (220, 48, 0);
INSERT INTO BOOKS_ADMIN."OrderItems" (orderid, editionid, count) VALUES (221, 330, 2);
INSERT INTO BOOKS_ADMIN."OrderItems" (orderid, editionid, count) VALUES (222, 430, 3);
INSERT INTO BOOKS_ADMIN."OrderItems" (orderid, editionid, count) VALUES (223, 129, 1);
INSERT INTO BOOKS_ADMIN."OrderItems" (orderid, editionid, count) VALUES (224, 493, 1);
INSERT INTO BOOKS_ADMIN."OrderItems" (orderid, editionid, count) VALUES (225, 477, 4);
INSERT INTO BOOKS_ADMIN."OrderItems" (orderid, editionid, count) VALUES (226, 343, 2);
INSERT INTO BOOKS_ADMIN."OrderItems" (orderid, editionid, count) VALUES (227, 148, 3);
INSERT INTO BOOKS_ADMIN."OrderItems" (orderid, editionid, count) VALUES (228, 218, 2);
INSERT INTO BOOKS_ADMIN."OrderItems" (orderid, editionid, count) VALUES (229, 175, 2);
INSERT INTO BOOKS_ADMIN."OrderItems" (orderid, editionid, count) VALUES (230, 145, 4);
INSERT INTO BOOKS_ADMIN."OrderItems" (orderid, editionid, count) VALUES (231, 25, 2);
INSERT INTO BOOKS_ADMIN."OrderItems" (orderid, editionid, count) VALUES (232, 467, 5);
INSERT INTO BOOKS_ADMIN."OrderItems" (orderid, editionid, count) VALUES (233, 311, 2);
INSERT INTO BOOKS_ADMIN."OrderItems" (orderid, editionid, count) VALUES (234, 341, 5);
INSERT INTO BOOKS_ADMIN."OrderItems" (orderid, editionid, count) VALUES (235, 420, 2);
INSERT INTO BOOKS_ADMIN."OrderItems" (orderid, editionid, count) VALUES (236, 69, 4);
INSERT INTO BOOKS_ADMIN."OrderItems" (orderid, editionid, count) VALUES (237, 181, 2);
INSERT INTO BOOKS_ADMIN."OrderItems" (orderid, editionid, count) VALUES (238, 126, 1);
INSERT INTO BOOKS_ADMIN."OrderItems" (orderid, editionid, count) VALUES (239, 392, 3);
INSERT INTO BOOKS_ADMIN."OrderItems" (orderid, editionid, count) VALUES (240, 80, 0);
INSERT INTO BOOKS_ADMIN."OrderItems" (orderid, editionid, count) VALUES (241, 209, 6);
INSERT INTO BOOKS_ADMIN."OrderItems" (orderid, editionid, count) VALUES (242, 270, 3);
INSERT INTO BOOKS_ADMIN."OrderItems" (orderid, editionid, count) VALUES (243, 167, 3);
INSERT INTO BOOKS_ADMIN."OrderItems" (orderid, editionid, count) VALUES (244, 81, 3);
INSERT INTO BOOKS_ADMIN."OrderItems" (orderid, editionid, count) VALUES (245, 396, 4);
INSERT INTO BOOKS_ADMIN."OrderItems" (orderid, editionid, count) VALUES (246, 376, 2);
INSERT INTO BOOKS_ADMIN."OrderItems" (orderid, editionid, count) VALUES (247, 467, 1);
INSERT INTO BOOKS_ADMIN."OrderItems" (orderid, editionid, count) VALUES (248, 485, 4);
INSERT INTO BOOKS_ADMIN."OrderItems" (orderid, editionid, count) VALUES (249, 38, 2);
INSERT INTO BOOKS_ADMIN."OrderItems" (orderid, editionid, count) VALUES (250, 131, 1);
INSERT INTO BOOKS_ADMIN."OrderItems" (orderid, editionid, count) VALUES (251, 224, 2);
INSERT INTO BOOKS_ADMIN."OrderItems" (orderid, editionid, count) VALUES (252, 493, 5);
INSERT INTO BOOKS_ADMIN."OrderItems" (orderid, editionid, count) VALUES (253, 281, 5);
INSERT INTO BOOKS_ADMIN."OrderItems" (orderid, editionid, count) VALUES (254, 334, 4);
INSERT INTO BOOKS_ADMIN."OrderItems" (orderid, editionid, count) VALUES (255, 507, 5);
INSERT INTO BOOKS_ADMIN."OrderItems" (orderid, editionid, count) VALUES (256, 217, 3);
INSERT INTO BOOKS_ADMIN."OrderItems" (orderid, editionid, count) VALUES (257, 26, 0);
INSERT INTO BOOKS_ADMIN."OrderItems" (orderid, editionid, count) VALUES (258, 377, 1);
INSERT INTO BOOKS_ADMIN."OrderItems" (orderid, editionid, count) VALUES (259, 290, 5);
INSERT INTO BOOKS_ADMIN."OrderItems" (orderid, editionid, count) VALUES (260, 293, 4);
INSERT INTO BOOKS_ADMIN."OrderItems" (orderid, editionid, count) VALUES (261, 458, 3);
INSERT INTO BOOKS_ADMIN."OrderItems" (orderid, editionid, count) VALUES (262, 8, 3);
INSERT INTO BOOKS_ADMIN."OrderItems" (orderid, editionid, count) VALUES (263, 328, 4);
INSERT INTO BOOKS_ADMIN."OrderItems" (orderid, editionid, count) VALUES (264, 123, 1);
INSERT INTO BOOKS_ADMIN."OrderItems" (orderid, editionid, count) VALUES (265, 70, 3);
INSERT INTO BOOKS_ADMIN."OrderItems" (orderid, editionid, count) VALUES (266, 2, 4);
INSERT INTO BOOKS_ADMIN."OrderItems" (orderid, editionid, count) VALUES (267, 168, 3);
INSERT INTO BOOKS_ADMIN."OrderItems" (orderid, editionid, count) VALUES (268, 144, 1);
INSERT INTO BOOKS_ADMIN."OrderItems" (orderid, editionid, count) VALUES (269, 493, 4);
INSERT INTO BOOKS_ADMIN."OrderItems" (orderid, editionid, count) VALUES (270, 450, 3);
INSERT INTO BOOKS_ADMIN."OrderItems" (orderid, editionid, count) VALUES (271, 481, 2);
INSERT INTO BOOKS_ADMIN."OrderItems" (orderid, editionid, count) VALUES (272, 247, 2);
INSERT INTO BOOKS_ADMIN."OrderItems" (orderid, editionid, count) VALUES (273, 101, 4);
INSERT INTO BOOKS_ADMIN."OrderItems" (orderid, editionid, count) VALUES (274, 209, 2);
INSERT INTO BOOKS_ADMIN."OrderItems" (orderid, editionid, count) VALUES (275, 85, 0);
INSERT INTO BOOKS_ADMIN."OrderItems" (orderid, editionid, count) VALUES (276, 258, 5);
INSERT INTO BOOKS_ADMIN."OrderItems" (orderid, editionid, count) VALUES (277, 302, 3);
INSERT INTO BOOKS_ADMIN."OrderItems" (orderid, editionid, count) VALUES (278, 278, 1);
INSERT INTO BOOKS_ADMIN."OrderItems" (orderid, editionid, count) VALUES (279, 26, 3);
INSERT INTO BOOKS_ADMIN."OrderItems" (orderid, editionid, count) VALUES (280, 251, 6);
INSERT INTO BOOKS_ADMIN."OrderItems" (orderid, editionid, count) VALUES (281, 142, 7);
INSERT INTO BOOKS_ADMIN."OrderItems" (orderid, editionid, count) VALUES (282, 356, 3);
INSERT INTO BOOKS_ADMIN."OrderItems" (orderid, editionid, count) VALUES (283, 423, 1);
INSERT INTO BOOKS_ADMIN."OrderItems" (orderid, editionid, count) VALUES (284, 469, 7);
INSERT INTO BOOKS_ADMIN."OrderItems" (orderid, editionid, count) VALUES (285, 247, 4);
INSERT INTO BOOKS_ADMIN."OrderItems" (orderid, editionid, count) VALUES (286, 348, 5);
INSERT INTO BOOKS_ADMIN."OrderItems" (orderid, editionid, count) VALUES (287, 219, 3);
INSERT INTO BOOKS_ADMIN."OrderItems" (orderid, editionid, count) VALUES (288, 281, 4);
INSERT INTO BOOKS_ADMIN."OrderItems" (orderid, editionid, count) VALUES (289, 297, 3);
INSERT INTO BOOKS_ADMIN."OrderItems" (orderid, editionid, count) VALUES (290, 42, 2);
INSERT INTO BOOKS_ADMIN."OrderItems" (orderid, editionid, count) VALUES (291, 230, 1);
INSERT INTO BOOKS_ADMIN."OrderItems" (orderid, editionid, count) VALUES (292, 408, 3);
INSERT INTO BOOKS_ADMIN."OrderItems" (orderid, editionid, count) VALUES (293, 407, 1);
INSERT INTO BOOKS_ADMIN."OrderItems" (orderid, editionid, count) VALUES (294, 25, 4);
INSERT INTO BOOKS_ADMIN."OrderItems" (orderid, editionid, count) VALUES (295, 288, 1);
INSERT INTO BOOKS_ADMIN."OrderItems" (orderid, editionid, count) VALUES (296, 499, 1);
INSERT INTO BOOKS_ADMIN."OrderItems" (orderid, editionid, count) VALUES (297, 78, 2);
INSERT INTO BOOKS_ADMIN."OrderItems" (orderid, editionid, count) VALUES (298, 372, 1);
INSERT INTO BOOKS_ADMIN."OrderItems" (orderid, editionid, count) VALUES (299, 265, 1);
INSERT INTO BOOKS_ADMIN."OrderItems" (orderid, editionid, count) VALUES (300, 224, 3);
INSERT INTO BOOKS_ADMIN."OrderItems" (orderid, editionid, count) VALUES (301, 151, 4);
INSERT INTO BOOKS_ADMIN."OrderItems" (orderid, editionid, count) VALUES (302, 361, 1);
INSERT INTO BOOKS_ADMIN."OrderItems" (orderid, editionid, count) VALUES (303, 218, 7);
INSERT INTO BOOKS_ADMIN."OrderItems" (orderid, editionid, count) VALUES (304, 155, 3);
INSERT INTO BOOKS_ADMIN."OrderItems" (orderid, editionid, count) VALUES (305, 422, 2);
INSERT INTO BOOKS_ADMIN."OrderItems" (orderid, editionid, count) VALUES (306, 337, 1);
INSERT INTO BOOKS_ADMIN."OrderItems" (orderid, editionid, count) VALUES (307, 45, 1);
INSERT INTO BOOKS_ADMIN."OrderItems" (orderid, editionid, count) VALUES (308, 408, 1);
INSERT INTO BOOKS_ADMIN."OrderItems" (orderid, editionid, count) VALUES (309, 469, 1);
INSERT INTO BOOKS_ADMIN."OrderItems" (orderid, editionid, count) VALUES (310, 55, 2);
INSERT INTO BOOKS_ADMIN."OrderItems" (orderid, editionid, count) VALUES (311, 403, 5);
INSERT INTO BOOKS_ADMIN."OrderItems" (orderid, editionid, count) VALUES (312, 253, 3);
INSERT INTO BOOKS_ADMIN."OrderItems" (orderid, editionid, count) VALUES (313, 309, 2);
INSERT INTO BOOKS_ADMIN."OrderItems" (orderid, editionid, count) VALUES (314, 128, 2);
INSERT INTO BOOKS_ADMIN."OrderItems" (orderid, editionid, count) VALUES (315, 379, 1);
INSERT INTO BOOKS_ADMIN."OrderItems" (orderid, editionid, count) VALUES (316, 198, 0);
INSERT INTO BOOKS_ADMIN."OrderItems" (orderid, editionid, count) VALUES (317, 25, 5);
INSERT INTO BOOKS_ADMIN."OrderItems" (orderid, editionid, count) VALUES (318, 235, 4);
INSERT INTO BOOKS_ADMIN."OrderItems" (orderid, editionid, count) VALUES (319, 169, 2);
INSERT INTO BOOKS_ADMIN."OrderItems" (orderid, editionid, count) VALUES (320, 262, 1);
INSERT INTO BOOKS_ADMIN."OrderItems" (orderid, editionid, count) VALUES (321, 248, 2);
INSERT INTO BOOKS_ADMIN."OrderItems" (orderid, editionid, count) VALUES (322, 48, 5);
INSERT INTO BOOKS_ADMIN."OrderItems" (orderid, editionid, count) VALUES (323, 461, 3);
INSERT INTO BOOKS_ADMIN."OrderItems" (orderid, editionid, count) VALUES (324, 378, 3);
INSERT INTO BOOKS_ADMIN."OrderItems" (orderid, editionid, count) VALUES (325, 255, 6);
INSERT INTO BOOKS_ADMIN."OrderItems" (orderid, editionid, count) VALUES (326, 317, 2);
INSERT INTO BOOKS_ADMIN."OrderItems" (orderid, editionid, count) VALUES (327, 30, 2);
INSERT INTO BOOKS_ADMIN."OrderItems" (orderid, editionid, count) VALUES (328, 314, 4);
INSERT INTO BOOKS_ADMIN."OrderItems" (orderid, editionid, count) VALUES (329, 115, 7);
INSERT INTO BOOKS_ADMIN."OrderItems" (orderid, editionid, count) VALUES (330, 430, 2);
INSERT INTO BOOKS_ADMIN."OrderItems" (orderid, editionid, count) VALUES (331, 480, 5);
INSERT INTO BOOKS_ADMIN."OrderItems" (orderid, editionid, count) VALUES (332, 140, 3);
INSERT INTO BOOKS_ADMIN."OrderItems" (orderid, editionid, count) VALUES (333, 359, 1);
INSERT INTO BOOKS_ADMIN."OrderItems" (orderid, editionid, count) VALUES (334, 494, 5);
INSERT INTO BOOKS_ADMIN."OrderItems" (orderid, editionid, count) VALUES (335, 425, 0);
INSERT INTO BOOKS_ADMIN."OrderItems" (orderid, editionid, count) VALUES (336, 326, 3);
INSERT INTO BOOKS_ADMIN."OrderItems" (orderid, editionid, count) VALUES (337, 356, 3);
INSERT INTO BOOKS_ADMIN."OrderItems" (orderid, editionid, count) VALUES (338, 46, 1);
INSERT INTO BOOKS_ADMIN."OrderItems" (orderid, editionid, count) VALUES (339, 472, 3);
INSERT INTO BOOKS_ADMIN."OrderItems" (orderid, editionid, count) VALUES (340, 457, 3);
INSERT INTO BOOKS_ADMIN."OrderItems" (orderid, editionid, count) VALUES (341, 13, 3);
INSERT INTO BOOKS_ADMIN."OrderItems" (orderid, editionid, count) VALUES (342, 388, 2);
INSERT INTO BOOKS_ADMIN."OrderItems" (orderid, editionid, count) VALUES (343, 387, 2);
INSERT INTO BOOKS_ADMIN."OrderItems" (orderid, editionid, count) VALUES (344, 488, 7);
INSERT INTO BOOKS_ADMIN."OrderItems" (orderid, editionid, count) VALUES (345, 117, 2);
INSERT INTO BOOKS_ADMIN."OrderItems" (orderid, editionid, count) VALUES (346, 45, 2);
INSERT INTO BOOKS_ADMIN."OrderItems" (orderid, editionid, count) VALUES (347, 356, 4);
INSERT INTO BOOKS_ADMIN."OrderItems" (orderid, editionid, count) VALUES (348, 55, 3);
INSERT INTO BOOKS_ADMIN."OrderItems" (orderid, editionid, count) VALUES (349, 68, 4);
INSERT INTO BOOKS_ADMIN."OrderItems" (orderid, editionid, count) VALUES (350, 58, 3);
INSERT INTO BOOKS_ADMIN."OrderItems" (orderid, editionid, count) VALUES (351, 221, 4);
INSERT INTO BOOKS_ADMIN."OrderItems" (orderid, editionid, count) VALUES (352, 344, 5);
INSERT INTO BOOKS_ADMIN."OrderItems" (orderid, editionid, count) VALUES (353, 205, 3);
INSERT INTO BOOKS_ADMIN."OrderItems" (orderid, editionid, count) VALUES (354, 125, 5);
INSERT INTO BOOKS_ADMIN."OrderItems" (orderid, editionid, count) VALUES (355, 496, 4);
INSERT INTO BOOKS_ADMIN."OrderItems" (orderid, editionid, count) VALUES (356, 511, 1);
INSERT INTO BOOKS_ADMIN."OrderItems" (orderid, editionid, count) VALUES (357, 407, 3);
INSERT INTO BOOKS_ADMIN."OrderItems" (orderid, editionid, count) VALUES (358, 63, 2);
INSERT INTO BOOKS_ADMIN."OrderItems" (orderid, editionid, count) VALUES (359, 213, 3);
INSERT INTO BOOKS_ADMIN."OrderItems" (orderid, editionid, count) VALUES (360, 379, 3);
INSERT INTO BOOKS_ADMIN."OrderItems" (orderid, editionid, count) VALUES (361, 496, 2);
INSERT INTO BOOKS_ADMIN."OrderItems" (orderid, editionid, count) VALUES (362, 384, 3);
INSERT INTO BOOKS_ADMIN."OrderItems" (orderid, editionid, count) VALUES (363, 70, 2);
INSERT INTO BOOKS_ADMIN."OrderItems" (orderid, editionid, count) VALUES (364, 514, 4);
INSERT INTO BOOKS_ADMIN."OrderItems" (orderid, editionid, count) VALUES (365, 30, 4);
INSERT INTO BOOKS_ADMIN."OrderItems" (orderid, editionid, count) VALUES (366, 280, 8);
INSERT INTO BOOKS_ADMIN."OrderItems" (orderid, editionid, count) VALUES (367, 314, 2);
INSERT INTO BOOKS_ADMIN."OrderItems" (orderid, editionid, count) VALUES (368, 431, 3);
INSERT INTO BOOKS_ADMIN."OrderItems" (orderid, editionid, count) VALUES (369, 434, 4);
INSERT INTO BOOKS_ADMIN."OrderItems" (orderid, editionid, count) VALUES (370, 158, 5);
INSERT INTO BOOKS_ADMIN."OrderItems" (orderid, editionid, count) VALUES (371, 382, 3);
INSERT INTO BOOKS_ADMIN."OrderItems" (orderid, editionid, count) VALUES (372, 252, 5);
INSERT INTO BOOKS_ADMIN."OrderItems" (orderid, editionid, count) VALUES (373, 319, 4);
INSERT INTO BOOKS_ADMIN."OrderItems" (orderid, editionid, count) VALUES (374, 66, 0);
INSERT INTO BOOKS_ADMIN."OrderItems" (orderid, editionid, count) VALUES (375, 487, 4);
INSERT INTO BOOKS_ADMIN."OrderItems" (orderid, editionid, count) VALUES (376, 19, 0);
INSERT INTO BOOKS_ADMIN."OrderItems" (orderid, editionid, count) VALUES (377, 492, 5);
INSERT INTO BOOKS_ADMIN."OrderItems" (orderid, editionid, count) VALUES (378, 154, 3);
INSERT INTO BOOKS_ADMIN."OrderItems" (orderid, editionid, count) VALUES (379, 225, 1);
INSERT INTO BOOKS_ADMIN."OrderItems" (orderid, editionid, count) VALUES (380, 361, 2);
INSERT INTO BOOKS_ADMIN."OrderItems" (orderid, editionid, count) VALUES (381, 195, 0);
INSERT INTO BOOKS_ADMIN."OrderItems" (orderid, editionid, count) VALUES (382, 47, 2);
INSERT INTO BOOKS_ADMIN."OrderItems" (orderid, editionid, count) VALUES (383, 336, 3);
INSERT INTO BOOKS_ADMIN."OrderItems" (orderid, editionid, count) VALUES (384, 300, 5);
INSERT INTO BOOKS_ADMIN."OrderItems" (orderid, editionid, count) VALUES (385, 67, 1);
INSERT INTO BOOKS_ADMIN."OrderItems" (orderid, editionid, count) VALUES (386, 493, 6);
INSERT INTO BOOKS_ADMIN."OrderItems" (orderid, editionid, count) VALUES (387, 62, 5);
INSERT INTO BOOKS_ADMIN."OrderItems" (orderid, editionid, count) VALUES (388, 112, 0);
INSERT INTO BOOKS_ADMIN."OrderItems" (orderid, editionid, count) VALUES (389, 27, 4);
INSERT INTO BOOKS_ADMIN."OrderItems" (orderid, editionid, count) VALUES (390, 402, 6);
INSERT INTO BOOKS_ADMIN."OrderItems" (orderid, editionid, count) VALUES (391, 216, 5);
INSERT INTO BOOKS_ADMIN."OrderItems" (orderid, editionid, count) VALUES (392, 60, 2);
INSERT INTO BOOKS_ADMIN."OrderItems" (orderid, editionid, count) VALUES (393, 26, 2);
INSERT INTO BOOKS_ADMIN."OrderItems" (orderid, editionid, count) VALUES (394, 399, 4);
INSERT INTO BOOKS_ADMIN."OrderItems" (orderid, editionid, count) VALUES (395, 279, 4);
INSERT INTO BOOKS_ADMIN."OrderItems" (orderid, editionid, count) VALUES (396, 109, 4);
INSERT INTO BOOKS_ADMIN."OrderItems" (orderid, editionid, count) VALUES (397, 429, 2);
INSERT INTO BOOKS_ADMIN."OrderItems" (orderid, editionid, count) VALUES (398, 146, 1);
INSERT INTO BOOKS_ADMIN."OrderItems" (orderid, editionid, count) VALUES (399, 71, 5);
INSERT INTO BOOKS_ADMIN."OrderItems" (orderid, editionid, count) VALUES (400, 113, 4);
INSERT INTO BOOKS_ADMIN."OrderItems" (orderid, editionid, count) VALUES (401, 172, 0);
INSERT INTO BOOKS_ADMIN."OrderItems" (orderid, editionid, count) VALUES (402, 326, 5);
INSERT INTO BOOKS_ADMIN."OrderItems" (orderid, editionid, count) VALUES (403, 132, 2);
INSERT INTO BOOKS_ADMIN."OrderItems" (orderid, editionid, count) VALUES (404, 14, 3);
INSERT INTO BOOKS_ADMIN."OrderItems" (orderid, editionid, count) VALUES (405, 489, 4);
INSERT INTO BOOKS_ADMIN."OrderItems" (orderid, editionid, count) VALUES (406, 311, 1);
INSERT INTO BOOKS_ADMIN."OrderItems" (orderid, editionid, count) VALUES (407, 240, 3);
INSERT INTO BOOKS_ADMIN."OrderItems" (orderid, editionid, count) VALUES (408, 308, 4);
INSERT INTO BOOKS_ADMIN."OrderItems" (orderid, editionid, count) VALUES (409, 370, 3);
INSERT INTO BOOKS_ADMIN."OrderItems" (orderid, editionid, count) VALUES (410, 70, 2);
INSERT INTO BOOKS_ADMIN."OrderItems" (orderid, editionid, count) VALUES (411, 253, 3);
INSERT INTO BOOKS_ADMIN."OrderItems" (orderid, editionid, count) VALUES (412, 39, 2);
INSERT INTO BOOKS_ADMIN."OrderItems" (orderid, editionid, count) VALUES (413, 221, 3);
INSERT INTO BOOKS_ADMIN."OrderItems" (orderid, editionid, count) VALUES (414, 309, 4);
INSERT INTO BOOKS_ADMIN."OrderItems" (orderid, editionid, count) VALUES (415, 464, 4);
INSERT INTO BOOKS_ADMIN."OrderItems" (orderid, editionid, count) VALUES (416, 266, 6);
INSERT INTO BOOKS_ADMIN."OrderItems" (orderid, editionid, count) VALUES (417, 504, 4);
INSERT INTO BOOKS_ADMIN."OrderItems" (orderid, editionid, count) VALUES (418, 305, 4);
INSERT INTO BOOKS_ADMIN."OrderItems" (orderid, editionid, count) VALUES (419, 78, 1);
INSERT INTO BOOKS_ADMIN."OrderItems" (orderid, editionid, count) VALUES (420, 233, 5);
INSERT INTO BOOKS_ADMIN."OrderItems" (orderid, editionid, count) VALUES (421, 359, 6);
INSERT INTO BOOKS_ADMIN."OrderItems" (orderid, editionid, count) VALUES (422, 143, 3);
INSERT INTO BOOKS_ADMIN."OrderItems" (orderid, editionid, count) VALUES (423, 362, 3);
INSERT INTO BOOKS_ADMIN."OrderItems" (orderid, editionid, count) VALUES (424, 508, 7);
INSERT INTO BOOKS_ADMIN."OrderItems" (orderid, editionid, count) VALUES (425, 205, 2);
INSERT INTO BOOKS_ADMIN."OrderItems" (orderid, editionid, count) VALUES (426, 321, 1);
INSERT INTO BOOKS_ADMIN."OrderItems" (orderid, editionid, count) VALUES (427, 130, 5);
INSERT INTO BOOKS_ADMIN."OrderItems" (orderid, editionid, count) VALUES (428, 61, 1);
INSERT INTO BOOKS_ADMIN."OrderItems" (orderid, editionid, count) VALUES (429, 204, 4);
INSERT INTO BOOKS_ADMIN."OrderItems" (orderid, editionid, count) VALUES (430, 371, 2);
INSERT INTO BOOKS_ADMIN."OrderItems" (orderid, editionid, count) VALUES (431, 105, 7);
INSERT INTO BOOKS_ADMIN."OrderItems" (orderid, editionid, count) VALUES (432, 16, 2);
INSERT INTO BOOKS_ADMIN."OrderItems" (orderid, editionid, count) VALUES (433, 120, 2);
INSERT INTO BOOKS_ADMIN."OrderItems" (orderid, editionid, count) VALUES (434, 475, 6);
INSERT INTO BOOKS_ADMIN."OrderItems" (orderid, editionid, count) VALUES (435, 493, 4);
INSERT INTO BOOKS_ADMIN."OrderItems" (orderid, editionid, count) VALUES (436, 284, 5);
INSERT INTO BOOKS_ADMIN."OrderItems" (orderid, editionid, count) VALUES (437, 125, 2);
INSERT INTO BOOKS_ADMIN."OrderItems" (orderid, editionid, count) VALUES (438, 104, 2);
INSERT INTO BOOKS_ADMIN."OrderItems" (orderid, editionid, count) VALUES (439, 495, 5);
INSERT INTO BOOKS_ADMIN."OrderItems" (orderid, editionid, count) VALUES (440, 257, 1);
INSERT INTO BOOKS_ADMIN."OrderItems" (orderid, editionid, count) VALUES (441, 266, 9);
INSERT INTO BOOKS_ADMIN."OrderItems" (orderid, editionid, count) VALUES (442, 274, 2);
INSERT INTO BOOKS_ADMIN."OrderItems" (orderid, editionid, count) VALUES (443, 236, 2);
INSERT INTO BOOKS_ADMIN."OrderItems" (orderid, editionid, count) VALUES (444, 13, 0);
INSERT INTO BOOKS_ADMIN."OrderItems" (orderid, editionid, count) VALUES (445, 426, 3);
INSERT INTO BOOKS_ADMIN."OrderItems" (orderid, editionid, count) VALUES (446, 187, 2);
INSERT INTO BOOKS_ADMIN."OrderItems" (orderid, editionid, count) VALUES (447, 154, 2);
INSERT INTO BOOKS_ADMIN."OrderItems" (orderid, editionid, count) VALUES (448, 5, 3);
INSERT INTO BOOKS_ADMIN."OrderItems" (orderid, editionid, count) VALUES (449, 302, 4);
INSERT INTO BOOKS_ADMIN."OrderItems" (orderid, editionid, count) VALUES (450, 434, 0);
INSERT INTO BOOKS_ADMIN."OrderItems" (orderid, editionid, count) VALUES (451, 267, 1);
INSERT INTO BOOKS_ADMIN."OrderItems" (orderid, editionid, count) VALUES (452, 133, 2);
INSERT INTO BOOKS_ADMIN."OrderItems" (orderid, editionid, count) VALUES (453, 121, 5);
INSERT INTO BOOKS_ADMIN."OrderItems" (orderid, editionid, count) VALUES (454, 288, 1);
INSERT INTO BOOKS_ADMIN."OrderItems" (orderid, editionid, count) VALUES (455, 227, 4);
INSERT INTO BOOKS_ADMIN."OrderItems" (orderid, editionid, count) VALUES (456, 34, 4);
INSERT INTO BOOKS_ADMIN."OrderItems" (orderid, editionid, count) VALUES (457, 270, 1);
INSERT INTO BOOKS_ADMIN."OrderItems" (orderid, editionid, count) VALUES (458, 406, 2);
INSERT INTO BOOKS_ADMIN."OrderItems" (orderid, editionid, count) VALUES (459, 422, 0);
INSERT INTO BOOKS_ADMIN."OrderItems" (orderid, editionid, count) VALUES (460, 414, 5);
INSERT INTO BOOKS_ADMIN."OrderItems" (orderid, editionid, count) VALUES (461, 199, 1);
INSERT INTO BOOKS_ADMIN."OrderItems" (orderid, editionid, count) VALUES (462, 477, 2);
INSERT INTO BOOKS_ADMIN."OrderItems" (orderid, editionid, count) VALUES (463, 302, 3);
INSERT INTO BOOKS_ADMIN."OrderItems" (orderid, editionid, count) VALUES (464, 228, 3);
INSERT INTO BOOKS_ADMIN."OrderItems" (orderid, editionid, count) VALUES (465, 293, 2);
INSERT INTO BOOKS_ADMIN."OrderItems" (orderid, editionid, count) VALUES (466, 451, 1);
INSERT INTO BOOKS_ADMIN."OrderItems" (orderid, editionid, count) VALUES (467, 500, 6);
INSERT INTO BOOKS_ADMIN."OrderItems" (orderid, editionid, count) VALUES (468, 247, 4);
INSERT INTO BOOKS_ADMIN."OrderItems" (orderid, editionid, count) VALUES (469, 150, 1);
INSERT INTO BOOKS_ADMIN."OrderItems" (orderid, editionid, count) VALUES (470, 207, 5);
INSERT INTO BOOKS_ADMIN."OrderItems" (orderid, editionid, count) VALUES (471, 104, 5);
INSERT INTO BOOKS_ADMIN."OrderItems" (orderid, editionid, count) VALUES (472, 341, 2);
INSERT INTO BOOKS_ADMIN."OrderItems" (orderid, editionid, count) VALUES (473, 58, 2);
INSERT INTO BOOKS_ADMIN."OrderItems" (orderid, editionid, count) VALUES (474, 102, 2);
INSERT INTO BOOKS_ADMIN."OrderItems" (orderid, editionid, count) VALUES (475, 244, 7);
INSERT INTO BOOKS_ADMIN."OrderItems" (orderid, editionid, count) VALUES (476, 450, 2);
INSERT INTO BOOKS_ADMIN."OrderItems" (orderid, editionid, count) VALUES (477, 142, 3);
INSERT INTO BOOKS_ADMIN."OrderItems" (orderid, editionid, count) VALUES (478, 28, 4);
INSERT INTO BOOKS_ADMIN."OrderItems" (orderid, editionid, count) VALUES (479, 455, 2);
INSERT INTO BOOKS_ADMIN."OrderItems" (orderid, editionid, count) VALUES (480, 2, 4);
INSERT INTO BOOKS_ADMIN."OrderItems" (orderid, editionid, count) VALUES (481, 100, 3);
INSERT INTO BOOKS_ADMIN."OrderItems" (orderid, editionid, count) VALUES (482, 37, 1);
INSERT INTO BOOKS_ADMIN."OrderItems" (orderid, editionid, count) VALUES (483, 29, 4);
INSERT INTO BOOKS_ADMIN."OrderItems" (orderid, editionid, count) VALUES (484, 294, 5);
INSERT INTO BOOKS_ADMIN."OrderItems" (orderid, editionid, count) VALUES (485, 291, 5);
INSERT INTO BOOKS_ADMIN."OrderItems" (orderid, editionid, count) VALUES (486, 161, 4);
INSERT INTO BOOKS_ADMIN."OrderItems" (orderid, editionid, count) VALUES (487, 364, 1);
INSERT INTO BOOKS_ADMIN."OrderItems" (orderid, editionid, count) VALUES (488, 487, 3);
INSERT INTO BOOKS_ADMIN."OrderItems" (orderid, editionid, count) VALUES (489, 287, 4);
INSERT INTO BOOKS_ADMIN."OrderItems" (orderid, editionid, count) VALUES (490, 13, 2);
INSERT INTO BOOKS_ADMIN."OrderItems" (orderid, editionid, count) VALUES (491, 75, 2);
INSERT INTO BOOKS_ADMIN."OrderItems" (orderid, editionid, count) VALUES (492, 345, 2);
INSERT INTO BOOKS_ADMIN."OrderItems" (orderid, editionid, count) VALUES (493, 287, 2);
INSERT INTO BOOKS_ADMIN."OrderItems" (orderid, editionid, count) VALUES (494, 167, 5);
INSERT INTO BOOKS_ADMIN."OrderItems" (orderid, editionid, count) VALUES (495, 322, 3);
INSERT INTO BOOKS_ADMIN."OrderItems" (orderid, editionid, count) VALUES (496, 427, 1);
INSERT INTO BOOKS_ADMIN."OrderItems" (orderid, editionid, count) VALUES (497, 435, 2);
INSERT INTO BOOKS_ADMIN."OrderItems" (orderid, editionid, count) VALUES (498, 459, 1);
INSERT INTO BOOKS_ADMIN."OrderItems" (orderid, editionid, count) VALUES (499, 447, 5);
INSERT INTO BOOKS_ADMIN."OrderItems" (orderid, editionid, count) VALUES (500, 190, 6);